# Check configuration tokens
# Ensure build layout
# Check configuration tokens
# Preparing build
# Check requirements for android
# Search for Git (git)
#  -> found at /usr/bin/git
# Search for Cython (cython)
#  -> found at /mnt/c/Users/maxi-/OneDrive/Desktop/app_codigo/EncryptorApp/.venv/bin/cython
# Search for Java compiler (javac)
#  -> found at /usr/lib/jvm/java-17-openjdk-amd64/bin/javac
# Search for Java keytool (keytool)
#  -> found at /usr/lib/jvm/java-17-openjdk-amd64/bin/keytool
# Install platform
# Run ['git', 'config', '--get', 'remote.origin.url']
# Cwd /mnt/c/Users/maxi-/OneDrive/Desktop/app_codigo/EncryptorApp/.buildozer/android/platform/python-for-android
https://github.com/kivy/python-for-android.git
# Run ['git', 'branch', '-vv']
# Cwd /mnt/c/Users/maxi-/OneDrive/Desktop/app_codigo/EncryptorApp/.buildozer/android/platform/python-for-android
* master 957a3e5f [origin/master] Merge pull request #2959 from kivy/release-2024.01.21
# Run ['/mnt/c/Users/maxi-/OneDrive/Desktop/app_codigo/EncryptorApp/.venv/bin/python3', '-m', 'pip', 'install', '-q', 'appdirs', 'colorama>=0.3.3', 'jinja2', 'sh>=1.10, <2.0; sys_platform!="win32"', 'build', 'toml', 'packaging', 'setuptools']
# Cwd None
# Apache ANT found at /home/null/.buildozer/android/platform/apache-ant-1.9.4
# Android SDK found at /home/null/.buildozer/android/platform/android-sdk
# Recommended android's NDK version by p4a is: 25b
# Android NDK found at /home/null/.buildozer/android/platform/android-ndk-r25b
# Run ['/mnt/c/Users/maxi-/OneDrive/Desktop/app_codigo/EncryptorApp/.venv/bin/python3', '-m', 'pythonforandroid.toolchain', 'aab', '-h', '--color=always', '--storage-dir=/mnt/c/Users/maxi-/OneDrive/Desktop/app_codigo/EncryptorApp/.buildozer/android/platform/build-arm64-v8a_armeabi-v7a', '--ndk-api=30', '--ignore-setup-py', '--debug']
# Cwd /mnt/c/Users/maxi-/OneDrive/Desktop/app_codigo/EncryptorApp/.buildozer/android/platform/python-for-android
[WARNING]: prerequisites.py is experimental and does not support all prerequisites yet.
[WARNING]: Please report any issues to the python-for-android issue tracker.
[WARNING]: prerequisites.py is experimental and does not support all prerequisites yet.
[WARNING]: Please report any issues to the python-for-android issue tracker.
usage: toolchain.py aab [-h] [--debug] [--color {always,never,auto}]
                        [--sdk-dir SDK_DIR] [--ndk-dir NDK_DIR]
                        [--android-api ANDROID_API]
                        [--ndk-version NDK_VERSION] [--ndk-api NDK_API]
                        [--symlink-bootstrap-files]
                        [--storage-dir STORAGE_DIR] [--arch ARCH]
                        [--dist-name DIST_NAME] [--requirements REQUIREMENTS]
                        [--recipe-blacklist RECIPE_BLACKLIST]
                        [--blacklist-requirements BLACKLIST_REQUIREMENTS]
                        [--bootstrap BOOTSTRAP] [--hook HOOK] [--force-build]
                        [--no-force-build] [--require-perfect-match]
                        [--no-require-perfect-match] [--allow-replace-dist]
                        [--no-allow-replace-dist]
                        [--local-recipes LOCAL_RECIPES]
                        [--activity-class-name ACTIVITY_CLASS_NAME]
                        [--service-class-name SERVICE_CLASS_NAME]
                        [--java-build-tool {auto,ant,gradle}] [--copy-libs]
                        [--no-copy-libs] [--add-asset ASSETS]
                        [--add-resource RESOURCES] [--private PRIVATE]
                        [--use-setup-py] [--ignore-setup-py] [--release]
                        [--with-debug-symbols] [--keystore KEYSTORE]
                        [--signkey SIGNKEY] [--keystorepw KEYSTOREPW]
                        [--signkeypw SIGNKEYPW]

options:
  -h, --help            show this help message and exit
  --debug               Display debug output and all build info
  --color {always,never,auto}
                        Enable or disable color output (default enabled on
                        tty)
  --sdk-dir SDK_DIR, --sdk_dir SDK_DIR
                        The filepath where the Android SDK is installed
  --ndk-dir NDK_DIR, --ndk_dir NDK_DIR
                        The filepath where the Android NDK is installed
  --android-api ANDROID_API, --android_api ANDROID_API
                        The Android API level to build against defaults to 33
                        if not specified.
  --ndk-version NDK_VERSION, --ndk_version NDK_VERSION
                        DEPRECATED: the NDK version is now found automatically
                        or not at all.
  --ndk-api NDK_API     The Android API level to compile against. This should
                        be your *minimal supported* API, not normally the same
                        as your --android-api. Defaults to min(ANDROID_API,
                        21) if not specified.
  --symlink-bootstrap-files, --ssymlink_bootstrap_files
                        If True, symlinks the bootstrap files creation. This
                        is useful for development only, it could also cause
                        weird problems.
  --storage-dir STORAGE_DIR
                        Primary storage directory for downloads and builds
                        (default: /home/null/.local/share/python-for-android)
  --arch ARCH           The archs to build for.
  --dist-name DIST_NAME, --dist_name DIST_NAME
                        The name of the distribution to use or create
  --requirements REQUIREMENTS
                        Dependencies of your app, should be recipe names or
                        Python modules. NOT NECESSARY if you are using Python
                        3 with --use-setup-py
  --recipe-blacklist RECIPE_BLACKLIST
                        Blacklist an internal recipe from use. Allows
                        disabling Python 3 core modules to save size
  --blacklist-requirements BLACKLIST_REQUIREMENTS
                        Blacklist an internal recipe from use. Allows
                        disabling Python 3 core modules to save size
  --bootstrap BOOTSTRAP
                        The bootstrap to build with. Leave unset to choose
                        automatically.
  --hook HOOK           Filename to a module that contains python-for-android
                        hooks
  --local-recipes LOCAL_RECIPES, --local_recipes LOCAL_RECIPES
                        Directory to look for local recipes
  --activity-class-name ACTIVITY_CLASS_NAME
                        The full java class name of the main activity
  --service-class-name SERVICE_CLASS_NAME
                        Full java package name of the PythonService class
  --java-build-tool {auto,ant,gradle}
                        The java build tool to use when packaging the APK,
                        defaults to automatically selecting an appropriate
                        tool.
  --add-asset ASSETS    Put this in the assets folder in the apk.
  --add-resource RESOURCES
                        Put this in the res folder in the apk.
  --private PRIVATE     the directory with the app source code files
                        (containing your main.py entrypoint)
  --use-setup-py        Process the setup.py of a project if present.
                        (Experimental!
  --ignore-setup-py     Don't run the setup.py of a project if present. This
                        may be required if the setup.py is not designed to
                        work inside p4a (e.g. by installing dependencies that
                        won't work or aren't desired on Android
  --release             Build your app as a non-debug release build. (Disables
                        gdb debugging among other things)
  --with-debug-symbols  Will keep debug symbols from `.so` files.
  --keystore KEYSTORE   Keystore for JAR signing key, will use jarsigner
                        default if not specified (release build only)
  --signkey SIGNKEY     Key alias to sign PARSER_APK. with (release build
                        only)
  --keystorepw KEYSTOREPW
                        Password for keystore
  --signkeypw SIGNKEYPW
                        Password for key alias

  Whether to force compilation of a new distribution

  --force-build
  --no-force-build      (this is the default)
  --require-perfect-match
  --no-require-perfect-match
                        (this is the default)
  --allow-replace-dist  (this is the default)
  --no-allow-replace-dist
  --copy-libs
  --no-copy-libs        (this is the default)
# Check application requirements
# Compile platform
# Run ['/mnt/c/Users/maxi-/OneDrive/Desktop/app_codigo/EncryptorApp/.venv/bin/python3', '-m', 'pythonforandroid.toolchain', 'create', '--dist_name=encryptorx', '--bootstrap=sdl2', '--requirements=python3,kivy,plyer', '--arch=arm64-v8a', '--arch=armeabi-v7a', '--copy-libs', '--color=always', '--storage-dir=/mnt/c/Users/maxi-/OneDrive/Desktop/app_codigo/EncryptorApp/.buildozer/android/platform/build-arm64-v8a_armeabi-v7a', '--ndk-api=30', '--ignore-setup-py', '--debug']
# Cwd /mnt/c/Users/maxi-/OneDrive/Desktop/app_codigo/EncryptorApp/.buildozer/android/platform/python-for-android
[WARNING]: prerequisites.py is experimental and does not support all prerequisites yet.
[WARNING]: Please report any issues to the python-for-android issue tracker.
[WARNING]: prerequisites.py is experimental and does not support all prerequisites yet.
[WARNING]: Please report any issues to the python-for-android issue tracker.
[1m[INFO][0m:    Will compile for the following archs: armeabi-v7a, arm64-v8a
[1m[INFO][0m:    Found Android API target in $ANDROIDAPI: 34
[1m[INFO][0m:    Available Android APIs are (34)
[1m[INFO][0m:    Requested API target 34 is available, continuing.
[1m[INFO][0m:    Found NDK dir in $ANDROIDNDK: /home/null/.buildozer/android/platform/android-ndk-r25b
[1m[INFO][0m:    Found NDK version 25b
[1m[INFO][0m:    Getting NDK API version (i.e. minimum supported API) from user argument
[1m[INFO][0m:    ccache is missing, the build will not be optimized in the future.
[1m[90m[DEBUG][39m[0m:   All possible dists: []
[1m[90m[DEBUG][39m[0m:   Dist matching name and arch: []
[1m[90m[DEBUG][39m[0m:   Dist matching ndk_api and recipe: []
[1m[INFO][0m:    No existing dists meet the given requirements!
[1m[90m[DEBUG][39m[0m:   Remove directory and subdirectory /mnt/c/Users/maxi-/OneDrive/Desktop/app_codigo/EncryptorApp/.buildozer/android/platform/build-arm64-v8a_armeabi-v7a/dists/encryptorx
[1m[INFO][0m:    [1m[94mNo dist exists that meets your requirements, so one will be built.[0m
[1m[INFO][0m:    Found a single valid recipe set: ['hostpython3', 'libffi', 'openssl', 'plyer', 'sdl2_image', 'sdl2_mixer', 'sdl2_ttf', 'sqlite3', 'python3', 'sdl2', 'setuptools', 'six', 'pyjnius', 'android', 'kivy']
[1m[INFO][0m:    The selected bootstrap is sdl2
[1m[INFO][0m:    [1m[32m# Creating dist with sdl2 bootstrap[0m[39m
[1m[INFO][0m:    [1m[94mDist will have name encryptorx and requirements (python3, kivy, plyer)[0m
[1m[INFO][0m:    Dist contains the following requirements as recipes: ['hostpython3', 'libffi', 'openssl', 'sdl2_image', 'sdl2_mixer', 'sdl2_ttf', 'sqlite3', 'python3', 'sdl2', 'setuptools', 'six', 'pyjnius', 'android', 'kivy']
[1m[INFO][0m:    Dist will also contain modules (chardet, requests, plyer, idna, certifi, urllib3) installed from pip
[1m[INFO][0m:    Dist will be build in mode debug
[1m[INFO][0m:    [36m-> directory context /mnt/c/Users/maxi-/OneDrive/Desktop/app_codigo/EncryptorApp/.buildozer/android/platform/build-arm64-v8a_armeabi-v7a/build/bootstrap_builds/sdl2[39m
[1m[INFO][0m:    [36m<- directory context /mnt/c/Users/maxi-/OneDrive/Desktop/app_codigo/EncryptorApp/.buildozer/android/platform/python-for-android[39m
[1m[90m[DEBUG][39m[0m:   Create directory /mnt/c/Users/maxi-/OneDrive/Desktop/app_codigo/EncryptorApp/.buildozer/android/platform/build-arm64-v8a_armeabi-v7a/dists/encryptorx
[1m[INFO][0m:    [1m[94mRecipe build order is ['hostpython3', 'libffi', 'openssl', 'sdl2_image', 'sdl2_mixer', 'sdl2_ttf', 'sqlite3', 'python3', 'sdl2', 'setuptools', 'six', 'pyjnius', 'android', 'kivy'][0m
[1m[INFO][0m:    [1m[94mThe requirements (certifi, chardet, idna, plyer, requests, urllib3) were not found as recipes, they will be installed with pip.[0m
[1m[INFO][0m:    [1m[32m# Downloading recipes [0m[39m
[1m[INFO][0m:    [1m[32mDownloading hostpython3[0m[39m
[1m[INFO][0m:    [36m-> directory context /mnt/c/Users/maxi-/OneDrive/Desktop/app_codigo/EncryptorApp/.buildozer/android/platform/build-arm64-v8a_armeabi-v7a/packages/hostpython3[39m
stty: 'standard input': Inappropriate ioctl for device
[1m[90m[DEBUG][39m[0m:   [90m->[0m running basename https://www.python.org/ftp/python/3.11.5/Python-3.11.5.tgz[0m
[1m[90m[DEBUG][39m[0m:   	Python-3.11.5.tgz
[1m[INFO][0m:    hostpython3 download already cached, skipping
[1m[INFO][0m:    [36m<- directory context /mnt/c/Users/maxi-/OneDrive/Desktop/app_codigo/EncryptorApp/.buildozer/android/platform/python-for-android[39m
[1m[INFO][0m:    [1m[32mDownloading libffi[0m[39m
[1m[INFO][0m:    [36m-> directory context /mnt/c/Users/maxi-/OneDrive/Desktop/app_codigo/EncryptorApp/.buildozer/android/platform/build-arm64-v8a_armeabi-v7a/packages/libffi[39m
stty: 'standard input': Inappropriate ioctl for device
[1m[90m[DEBUG][39m[0m:   [90m->[0m running basename https://github.com/libffi/libffi/archive/v3.4.2.tar.gz[0m
[1m[90m[DEBUG][39m[0m:   	v3.4.2.tar.gz
[1m[INFO][0m:    libffi download already cached, skipping
[1m[INFO][0m:    [36m<- directory context /mnt/c/Users/maxi-/OneDrive/Desktop/app_codigo/EncryptorApp/.buildozer/android/platform/python-for-android[39m
[1m[INFO][0m:    [1m[32mDownloading openssl[0m[39m
[1m[INFO][0m:    [36m-> directory context /mnt/c/Users/maxi-/OneDrive/Desktop/app_codigo/EncryptorApp/.buildozer/android/platform/build-arm64-v8a_armeabi-v7a/packages/openssl[39m
stty: 'standard input': Inappropriate ioctl for device
[1m[90m[DEBUG][39m[0m:   [90m->[0m running basename https://www.openssl.org/source/openssl-1.1.1w.tar.gz[0m
[1m[90m[DEBUG][39m[0m:   	openssl-1.1.1w.tar.gz
[1m[INFO][0m:    openssl download already cached, skipping
[1m[INFO][0m:    [36m<- directory context /mnt/c/Users/maxi-/OneDrive/Desktop/app_codigo/EncryptorApp/.buildozer/android/platform/python-for-android[39m
[1m[INFO][0m:    [1m[32mDownloading sdl2_image[0m[39m
[1m[INFO][0m:    [36m-> directory context /mnt/c/Users/maxi-/OneDrive/Desktop/app_codigo/EncryptorApp/.buildozer/android/platform/build-arm64-v8a_armeabi-v7a/packages/sdl2_image[39m
stty: 'standard input': Inappropriate ioctl for device
[1m[90m[DEBUG][39m[0m:   [90m->[0m running basename https://github.com/libsdl-org/SDL_image/releases/download/release-2.8.0/SDL2_image-2.8.0.tar.gz[0m
[1m[90m[DEBUG][39m[0m:   	SDL2_image-2.8.0.tar.gz
[1m[INFO][0m:    sdl2_image download already cached, skipping
[1m[INFO][0m:    [36m<- directory context /mnt/c/Users/maxi-/OneDrive/Desktop/app_codigo/EncryptorApp/.buildozer/android/platform/python-for-android[39m
[1m[INFO][0m:    [1m[32mDownloading sdl2_mixer[0m[39m
[1m[INFO][0m:    [36m-> directory context /mnt/c/Users/maxi-/OneDrive/Desktop/app_codigo/EncryptorApp/.buildozer/android/platform/build-arm64-v8a_armeabi-v7a/packages/sdl2_mixer[39m
stty: 'standard input': Inappropriate ioctl for device
[1m[90m[DEBUG][39m[0m:   [90m->[0m running basename https://github.com/libsdl-org/SDL_mixer/releases/download/release-2.6.3/SDL2_mixer-2.6.3.tar.gz[0m
[1m[90m[DEBUG][39m[0m:   	SDL2_mixer-2.6.3.tar.gz
[1m[INFO][0m:    sdl2_mixer download already cached, skipping
[1m[INFO][0m:    [36m<- directory context /mnt/c/Users/maxi-/OneDrive/Desktop/app_codigo/EncryptorApp/.buildozer/android/platform/python-for-android[39m
[1m[INFO][0m:    [1m[32mDownloading sdl2_ttf[0m[39m
[1m[INFO][0m:    [36m-> directory context /mnt/c/Users/maxi-/OneDrive/Desktop/app_codigo/EncryptorApp/.buildozer/android/platform/build-arm64-v8a_armeabi-v7a/packages/sdl2_ttf[39m
stty: 'standard input': Inappropriate ioctl for device
[1m[90m[DEBUG][39m[0m:   [90m->[0m running basename https://github.com/libsdl-org/SDL_ttf/releases/download/release-2.20.2/SDL2_ttf-2.20.2.tar.gz[0m
[1m[90m[DEBUG][39m[0m:   	SDL2_ttf-2.20.2.tar.gz
[1m[INFO][0m:    sdl2_ttf download already cached, skipping
[1m[INFO][0m:    [36m<- directory context /mnt/c/Users/maxi-/OneDrive/Desktop/app_codigo/EncryptorApp/.buildozer/android/platform/python-for-android[39m
[1m[INFO][0m:    [1m[32mDownloading sqlite3[0m[39m
[1m[INFO][0m:    [36m-> directory context /mnt/c/Users/maxi-/OneDrive/Desktop/app_codigo/EncryptorApp/.buildozer/android/platform/build-arm64-v8a_armeabi-v7a/packages/sqlite3[39m
stty: 'standard input': Inappropriate ioctl for device
[1m[90m[DEBUG][39m[0m:   [90m->[0m running basename https://www.sqlite.org/2021/sqlite-amalgamation-3350500.zip[0m
[1m[90m[DEBUG][39m[0m:   	sqlite-amalgamation-3350500.zip
[1m[INFO][0m:    sqlite3 download already cached, skipping
[1m[INFO][0m:    [36m<- directory context /mnt/c/Users/maxi-/OneDrive/Desktop/app_codigo/EncryptorApp/.buildozer/android/platform/python-for-android[39m
[1m[INFO][0m:    [1m[32mDownloading python3[0m[39m
[1m[INFO][0m:    [36m-> directory context /mnt/c/Users/maxi-/OneDrive/Desktop/app_codigo/EncryptorApp/.buildozer/android/platform/build-arm64-v8a_armeabi-v7a/packages/python3[39m
stty: 'standard input': Inappropriate ioctl for device
[1m[90m[DEBUG][39m[0m:   [90m->[0m running basename https://www.python.org/ftp/python/3.11.5/Python-3.11.5.tgz[0m
[1m[90m[DEBUG][39m[0m:   	Python-3.11.5.tgz
[1m[INFO][0m:    python3 download already cached, skipping
[1m[INFO][0m:    [36m<- directory context /mnt/c/Users/maxi-/OneDrive/Desktop/app_codigo/EncryptorApp/.buildozer/android/platform/python-for-android[39m
[1m[INFO][0m:    [1m[32mDownloading sdl2[0m[39m
[1m[INFO][0m:    [36m-> directory context /mnt/c/Users/maxi-/OneDrive/Desktop/app_codigo/EncryptorApp/.buildozer/android/platform/build-arm64-v8a_armeabi-v7a/packages/sdl2[39m
stty: 'standard input': Inappropriate ioctl for device
[1m[90m[DEBUG][39m[0m:   [90m->[0m running basename https://github.com/libsdl-org/SDL/releases/download/release-2.28.5/SDL2-2.28.5.tar.gz[0m
[1m[90m[DEBUG][39m[0m:   	SDL2-2.28.5.tar.gz
[1m[INFO][0m:    sdl2 download already cached, skipping
[1m[INFO][0m:    [36m<- directory context /mnt/c/Users/maxi-/OneDrive/Desktop/app_codigo/EncryptorApp/.buildozer/android/platform/python-for-android[39m
[1m[INFO][0m:    [1m[32mDownloading setuptools[0m[39m
[1m[INFO][0m:    [36m-> directory context /mnt/c/Users/maxi-/OneDrive/Desktop/app_codigo/EncryptorApp/.buildozer/android/platform/build-arm64-v8a_armeabi-v7a/packages/setuptools[39m
stty: 'standard input': Inappropriate ioctl for device
[1m[90m[DEBUG][39m[0m:   [90m->[0m running basename https://pypi.python.org/packages/source/s/setuptools/setuptools-51.3.3.tar.gz[0m
[1m[90m[DEBUG][39m[0m:   	setuptools-51.3.3.tar.gz
[1m[INFO][0m:    setuptools download already cached, skipping
[1m[INFO][0m:    [36m<- directory context /mnt/c/Users/maxi-/OneDrive/Desktop/app_codigo/EncryptorApp/.buildozer/android/platform/python-for-android[39m
[1m[INFO][0m:    [1m[32mDownloading six[0m[39m
[1m[INFO][0m:    [36m-> directory context /mnt/c/Users/maxi-/OneDrive/Desktop/app_codigo/EncryptorApp/.buildozer/android/platform/build-arm64-v8a_armeabi-v7a/packages/six[39m
stty: 'standard input': Inappropriate ioctl for device
[1m[90m[DEBUG][39m[0m:   [90m->[0m running basename https://pypi.python.org/packages/source/s/six/six-1.15.0.tar.gz[0m
[1m[90m[DEBUG][39m[0m:   	six-1.15.0.tar.gz
[1m[INFO][0m:    six download already cached, skipping
[1m[INFO][0m:    [36m<- directory context /mnt/c/Users/maxi-/OneDrive/Desktop/app_codigo/EncryptorApp/.buildozer/android/platform/python-for-android[39m
[1m[INFO][0m:    [1m[32mDownloading pyjnius[0m[39m
[1m[INFO][0m:    [36m-> directory context /mnt/c/Users/maxi-/OneDrive/Desktop/app_codigo/EncryptorApp/.buildozer/android/platform/build-arm64-v8a_armeabi-v7a/packages/pyjnius[39m
stty: 'standard input': Inappropriate ioctl for device
[1m[90m[DEBUG][39m[0m:   [90m->[0m running basename https://github.com/kivy/pyjnius/archive/1.6.1.zip[0m
[1m[90m[DEBUG][39m[0m:   	1.6.1.zip
[1m[INFO][0m:    pyjnius download already cached, skipping
[1m[INFO][0m:    [36m<- directory context /mnt/c/Users/maxi-/OneDrive/Desktop/app_codigo/EncryptorApp/.buildozer/android/platform/python-for-android[39m
[1m[INFO][0m:    [1m[32mDownloading android[0m[39m
[1m[INFO][0m:    Skipping android download as no URL is set
[1m[INFO][0m:    [1m[32mDownloading kivy[0m[39m
[1m[INFO][0m:    [36m-> directory context /mnt/c/Users/maxi-/OneDrive/Desktop/app_codigo/EncryptorApp/.buildozer/android/platform/build-arm64-v8a_armeabi-v7a/packages/kivy[39m
stty: 'standard input': Inappropriate ioctl for device
[1m[90m[DEBUG][39m[0m:   [90m->[0m running basename https://github.com/kivy/kivy/archive/2.3.0.zip[0m
[1m[90m[DEBUG][39m[0m:   	2.3.0.zip
[1m[INFO][0m:    kivy download already cached, skipping
[1m[INFO][0m:    [36m<- directory context /mnt/c/Users/maxi-/OneDrive/Desktop/app_codigo/EncryptorApp/.buildozer/android/platform/python-for-android[39m
[1m[INFO][0m:    [1m[32m# Building all recipes for arch armeabi-v7a[0m[39m
[1m[INFO][0m:    [1m[32m# Unpacking recipes[0m[39m
[1m[INFO][0m:    [1m[32mUnpacking hostpython3 for armeabi-v7a[0m[39m
stty: 'standard input': Inappropriate ioctl for device
[1m[90m[DEBUG][39m[0m:   [90m->[0m running basename https://www.python.org/ftp/python/3.11.5/Python-3.11.5.tgz[0m
[1m[90m[DEBUG][39m[0m:   	Python-3.11.5.tgz
[1m[INFO][0m:    [36m-> directory context /mnt/c/Users/maxi-/OneDrive/Desktop/app_codigo/EncryptorApp/.buildozer/android/platform/build-arm64-v8a_armeabi-v7a/build/other_builds/hostpython3/desktop[39m
[1m[INFO][0m:    hostpython3 is already unpacked, skipping
[1m[INFO][0m:    [36m<- directory context /mnt/c/Users/maxi-/OneDrive/Desktop/app_codigo/EncryptorApp/.buildozer/android/platform/python-for-android[39m
[1m[INFO][0m:    [1m[32mUnpacking libffi for armeabi-v7a[0m[39m
stty: 'standard input': Inappropriate ioctl for device
[1m[90m[DEBUG][39m[0m:   [90m->[0m running basename https://github.com/libffi/libffi/archive/v3.4.2.tar.gz[0m
[1m[90m[DEBUG][39m[0m:   	v3.4.2.tar.gz
[1m[INFO][0m:    [36m-> directory context /mnt/c/Users/maxi-/OneDrive/Desktop/app_codigo/EncryptorApp/.buildozer/android/platform/build-arm64-v8a_armeabi-v7a/build/other_builds/libffi/armeabi-v7a__ndk_target_30[39m
[1m[INFO][0m:    libffi is already unpacked, skipping
[1m[INFO][0m:    [36m<- directory context /mnt/c/Users/maxi-/OneDrive/Desktop/app_codigo/EncryptorApp/.buildozer/android/platform/python-for-android[39m
[1m[INFO][0m:    [1m[32mUnpacking openssl for armeabi-v7a[0m[39m
stty: 'standard input': Inappropriate ioctl for device
[1m[90m[DEBUG][39m[0m:   [90m->[0m running basename https://www.openssl.org/source/openssl-1.1.1w.tar.gz[0m
[1m[90m[DEBUG][39m[0m:   	openssl-1.1.1w.tar.gz
[1m[INFO][0m:    [36m-> directory context /mnt/c/Users/maxi-/OneDrive/Desktop/app_codigo/EncryptorApp/.buildozer/android/platform/build-arm64-v8a_armeabi-v7a/build/other_builds/openssl/armeabi-v7a__ndk_target_30[39m
[1m[INFO][0m:    openssl is already unpacked, skipping
[1m[INFO][0m:    [36m<- directory context /mnt/c/Users/maxi-/OneDrive/Desktop/app_codigo/EncryptorApp/.buildozer/android/platform/python-for-android[39m
[1m[INFO][0m:    [1m[32mUnpacking sdl2_image for armeabi-v7a[0m[39m
stty: 'standard input': Inappropriate ioctl for device
[1m[90m[DEBUG][39m[0m:   [90m->[0m running basename https://github.com/libsdl-org/SDL_image/releases/download/release-2.8.0/SDL2_image-2.8.0.tar.gz[0m
[1m[90m[DEBUG][39m[0m:   	SDL2_image-2.8.0.tar.gz
[1m[INFO][0m:    [36m-> directory context /mnt/c/Users/maxi-/OneDrive/Desktop/app_codigo/EncryptorApp/.buildozer/android/platform/build-arm64-v8a_armeabi-v7a/build/bootstrap_builds/sdl2/jni[39m
[1m[INFO][0m:    sdl2_image is already unpacked, skipping
[1m[INFO][0m:    [36m<- directory context /mnt/c/Users/maxi-/OneDrive/Desktop/app_codigo/EncryptorApp/.buildozer/android/platform/python-for-android[39m
[1m[INFO][0m:    [1m[32mUnpacking sdl2_mixer for armeabi-v7a[0m[39m
stty: 'standard input': Inappropriate ioctl for device
[1m[90m[DEBUG][39m[0m:   [90m->[0m running basename https://github.com/libsdl-org/SDL_mixer/releases/download/release-2.6.3/SDL2_mixer-2.6.3.tar.gz[0m
[1m[90m[DEBUG][39m[0m:   	SDL2_mixer-2.6.3.tar.gz
[1m[INFO][0m:    [36m-> directory context /mnt/c/Users/maxi-/OneDrive/Desktop/app_codigo/EncryptorApp/.buildozer/android/platform/build-arm64-v8a_armeabi-v7a/build/bootstrap_builds/sdl2/jni[39m
[1m[INFO][0m:    sdl2_mixer is already unpacked, skipping
[1m[INFO][0m:    [36m<- directory context /mnt/c/Users/maxi-/OneDrive/Desktop/app_codigo/EncryptorApp/.buildozer/android/platform/python-for-android[39m
[1m[INFO][0m:    [1m[32mUnpacking sdl2_ttf for armeabi-v7a[0m[39m
stty: 'standard input': Inappropriate ioctl for device
[1m[90m[DEBUG][39m[0m:   [90m->[0m running basename https://github.com/libsdl-org/SDL_ttf/releases/download/release-2.20.2/SDL2_ttf-2.20.2.tar.gz[0m
[1m[90m[DEBUG][39m[0m:   	SDL2_ttf-2.20.2.tar.gz
[1m[INFO][0m:    [36m-> directory context /mnt/c/Users/maxi-/OneDrive/Desktop/app_codigo/EncryptorApp/.buildozer/android/platform/build-arm64-v8a_armeabi-v7a/build/bootstrap_builds/sdl2/jni[39m
[1m[INFO][0m:    sdl2_ttf is already unpacked, skipping
[1m[INFO][0m:    [36m<- directory context /mnt/c/Users/maxi-/OneDrive/Desktop/app_codigo/EncryptorApp/.buildozer/android/platform/python-for-android[39m
[1m[INFO][0m:    [1m[32mUnpacking sqlite3 for armeabi-v7a[0m[39m
stty: 'standard input': Inappropriate ioctl for device
[1m[90m[DEBUG][39m[0m:   [90m->[0m running basename https://www.sqlite.org/2021/sqlite-amalgamation-3350500.zip[0m
[1m[90m[DEBUG][39m[0m:   	sqlite-amalgamation-3350500.zip
[1m[INFO][0m:    [36m-> directory context /mnt/c/Users/maxi-/OneDrive/Desktop/app_codigo/EncryptorApp/.buildozer/android/platform/build-arm64-v8a_armeabi-v7a/build/other_builds/sqlite3/armeabi-v7a__ndk_target_30[39m
[1m[INFO][0m:    sqlite3 is already unpacked, skipping
[1m[INFO][0m:    [36m<- directory context /mnt/c/Users/maxi-/OneDrive/Desktop/app_codigo/EncryptorApp/.buildozer/android/platform/python-for-android[39m
[1m[INFO][0m:    [1m[32mUnpacking python3 for armeabi-v7a[0m[39m
stty: 'standard input': Inappropriate ioctl for device
[1m[90m[DEBUG][39m[0m:   [90m->[0m running basename https://www.python.org/ftp/python/3.11.5/Python-3.11.5.tgz[0m
[1m[90m[DEBUG][39m[0m:   	Python-3.11.5.tgz
[1m[INFO][0m:    [36m-> directory context /mnt/c/Users/maxi-/OneDrive/Desktop/app_codigo/EncryptorApp/.buildozer/android/platform/build-arm64-v8a_armeabi-v7a/build/other_builds/python3/armeabi-v7a__ndk_target_30[39m
[1m[INFO][0m:    python3 is already unpacked, skipping
[1m[INFO][0m:    [36m<- directory context /mnt/c/Users/maxi-/OneDrive/Desktop/app_codigo/EncryptorApp/.buildozer/android/platform/python-for-android[39m
[1m[INFO][0m:    [1m[32mUnpacking sdl2 for armeabi-v7a[0m[39m
stty: 'standard input': Inappropriate ioctl for device
[1m[90m[DEBUG][39m[0m:   [90m->[0m running basename https://github.com/libsdl-org/SDL/releases/download/release-2.28.5/SDL2-2.28.5.tar.gz[0m
[1m[90m[DEBUG][39m[0m:   	SDL2-2.28.5.tar.gz
[1m[INFO][0m:    [36m-> directory context /mnt/c/Users/maxi-/OneDrive/Desktop/app_codigo/EncryptorApp/.buildozer/android/platform/build-arm64-v8a_armeabi-v7a/build/bootstrap_builds/sdl2/jni[39m
[1m[INFO][0m:    sdl2 is already unpacked, skipping
[1m[INFO][0m:    [36m<- directory context /mnt/c/Users/maxi-/OneDrive/Desktop/app_codigo/EncryptorApp/.buildozer/android/platform/python-for-android[39m
[1m[INFO][0m:    [1m[32mUnpacking setuptools for armeabi-v7a[0m[39m
stty: 'standard input': Inappropriate ioctl for device
[1m[90m[DEBUG][39m[0m:   [90m->[0m running basename https://pypi.python.org/packages/source/s/setuptools/setuptools-51.3.3.tar.gz[0m
[1m[90m[DEBUG][39m[0m:   	setuptools-51.3.3.tar.gz
[1m[INFO][0m:    [36m-> directory context /mnt/c/Users/maxi-/OneDrive/Desktop/app_codigo/EncryptorApp/.buildozer/android/platform/build-arm64-v8a_armeabi-v7a/build/other_builds/setuptools/armeabi-v7a__ndk_target_30[39m
[1m[INFO][0m:    setuptools is already unpacked, skipping
[1m[INFO][0m:    [36m<- directory context /mnt/c/Users/maxi-/OneDrive/Desktop/app_codigo/EncryptorApp/.buildozer/android/platform/python-for-android[39m
[1m[INFO][0m:    [1m[32mUnpacking six for armeabi-v7a[0m[39m
stty: 'standard input': Inappropriate ioctl for device
[1m[90m[DEBUG][39m[0m:   [90m->[0m running basename https://pypi.python.org/packages/source/s/six/six-1.15.0.tar.gz[0m
[1m[90m[DEBUG][39m[0m:   	six-1.15.0.tar.gz
[1m[INFO][0m:    [36m-> directory context /mnt/c/Users/maxi-/OneDrive/Desktop/app_codigo/EncryptorApp/.buildozer/android/platform/build-arm64-v8a_armeabi-v7a/build/other_builds/six/armeabi-v7a__ndk_target_30[39m
[1m[INFO][0m:    six is already unpacked, skipping
[1m[INFO][0m:    [36m<- directory context /mnt/c/Users/maxi-/OneDrive/Desktop/app_codigo/EncryptorApp/.buildozer/android/platform/python-for-android[39m
[1m[INFO][0m:    [1m[32mUnpacking pyjnius for armeabi-v7a[0m[39m
stty: 'standard input': Inappropriate ioctl for device
[1m[90m[DEBUG][39m[0m:   [90m->[0m running basename https://github.com/kivy/pyjnius/archive/1.6.1.zip[0m
[1m[90m[DEBUG][39m[0m:   	1.6.1.zip
[1m[INFO][0m:    [36m-> directory context /mnt/c/Users/maxi-/OneDrive/Desktop/app_codigo/EncryptorApp/.buildozer/android/platform/build-arm64-v8a_armeabi-v7a/build/other_builds/pyjnius-sdl2/armeabi-v7a__ndk_target_30[39m
[1m[INFO][0m:    pyjnius is already unpacked, skipping
[1m[INFO][0m:    [36m<- directory context /mnt/c/Users/maxi-/OneDrive/Desktop/app_codigo/EncryptorApp/.buildozer/android/platform/python-for-android[39m
[1m[90m[DEBUG][39m[0m:   Remove directory and subdirectory /mnt/c/Users/maxi-/OneDrive/Desktop/app_codigo/EncryptorApp/.buildozer/android/platform/build-arm64-v8a_armeabi-v7a/build/other_builds/android-sdl2/armeabi-v7a__ndk_target_30/android
stty: 'standard input': Inappropriate ioctl for device
[1m[90m[DEBUG][39m[0m:   [90m->[0m running cp -a /mnt/c/Users/maxi-/OneDrive/Desktop/app_codigo/EncryptorApp/.buildozer/android/platform/python-for-android/pythonforandroid/recipes/android/src /mnt/c/Users/maxi-/OneDrive/Desktop/app_codigo/EncryptorApp/.buildozer/android/platform/build-arm64-v8a_armeabi-v7a/build/other_builds/android-sdl2/armeabi-v7a__ndk_target_30/android[0m
[1m[INFO][0m:    [1m[32mUnpacking kivy for armeabi-v7a[0m[39m
stty: 'standard input': Inappropriate ioctl for device
[1m[90m[DEBUG][39m[0m:   [90m->[0m running basename https://github.com/kivy/kivy/archive/2.3.0.zip[0m
[1m[90m[DEBUG][39m[0m:   	2.3.0.zip
[1m[INFO][0m:    [36m-> directory context /mnt/c/Users/maxi-/OneDrive/Desktop/app_codigo/EncryptorApp/.buildozer/android/platform/build-arm64-v8a_armeabi-v7a/build/other_builds/kivy/armeabi-v7a__ndk_target_30[39m
[1m[INFO][0m:    kivy is already unpacked, skipping
[1m[INFO][0m:    [36m<- directory context /mnt/c/Users/maxi-/OneDrive/Desktop/app_codigo/EncryptorApp/.buildozer/android/platform/python-for-android[39m
[1m[INFO][0m:    [1m[32m# Prebuilding recipes[0m[39m
[1m[INFO][0m:    [1m[32mPrebuilding hostpython3 for armeabi-v7a[0m[39m
[1m[INFO][0m:    hostpython3 has no prebuild_armeabi_v7a, skipping
[1m[INFO][0m:    [1m[32mApplying patches for hostpython3[armeabi-v7a][0m[39m
[1m[INFO][0m:    [1m[32mhostpython3 already patched, skipping[0m[39m
[1m[INFO][0m:    [1m[32mPrebuilding libffi for armeabi-v7a[0m[39m
[1m[INFO][0m:    libffi has no prebuild_armeabi_v7a, skipping
[1m[INFO][0m:    [1m[32mApplying patches for libffi[armeabi-v7a][0m[39m
[1m[INFO][0m:    [1m[32mlibffi already patched, skipping[0m[39m
[1m[INFO][0m:    [1m[32mPrebuilding openssl for armeabi-v7a[0m[39m
[1m[INFO][0m:    openssl has no prebuild_armeabi_v7a, skipping
[1m[INFO][0m:    [1m[32mPrebuilding sdl2_image for armeabi-v7a[0m[39m
[1m[INFO][0m:    sdl2_image has no prebuild_armeabi_v7a, skipping
[1m[INFO][0m:    [1m[32mApplying patches for sdl2_image[armeabi-v7a][0m[39m
[1m[INFO][0m:    [1m[32msdl2_image already patched, skipping[0m[39m
[1m[INFO][0m:    [1m[32mPrebuilding sdl2_mixer for armeabi-v7a[0m[39m
[1m[INFO][0m:    sdl2_mixer has no prebuild_armeabi_v7a, skipping
[1m[INFO][0m:    [1m[32mPrebuilding sdl2_ttf for armeabi-v7a[0m[39m
[1m[INFO][0m:    sdl2_ttf has no prebuild_armeabi_v7a, skipping
[1m[INFO][0m:    [1m[32mPrebuilding sqlite3 for armeabi-v7a[0m[39m
[1m[INFO][0m:    sqlite3 has no prebuild_armeabi_v7a, skipping
[1m[INFO][0m:    [1m[32mPrebuilding python3 for armeabi-v7a[0m[39m
[1m[INFO][0m:    python3 has no prebuild_armeabi_v7a, skipping
[1m[INFO][0m:    [1m[32mApplying patches for python3[armeabi-v7a][0m[39m
[1m[INFO][0m:    [1m[32mpython3 already patched, skipping[0m[39m
[1m[INFO][0m:    [1m[32mPrebuilding sdl2 for armeabi-v7a[0m[39m
[1m[INFO][0m:    sdl2 has no prebuild_armeabi_v7a, skipping
[1m[INFO][0m:    [1m[32mPrebuilding setuptools for armeabi-v7a[0m[39m
[1m[INFO][0m:    setuptools has no prebuild_armeabi_v7a, skipping
[1m[INFO][0m:    [1m[32mPrebuilding six for armeabi-v7a[0m[39m
[1m[INFO][0m:    six has no prebuild_armeabi_v7a, skipping
[1m[INFO][0m:    [1m[32mPrebuilding pyjnius for armeabi-v7a[0m[39m
[1m[INFO][0m:    pyjnius has no prebuild_armeabi_v7a, skipping
[1m[INFO][0m:    [1m[32mApplying patches for pyjnius[armeabi-v7a][0m[39m
[1m[INFO][0m:    [1m[32mpyjnius already patched, skipping[0m[39m
[1m[INFO][0m:    [1m[32mPrebuilding android for armeabi-v7a[0m[39m
[1m[INFO][0m:    android has no prebuild_armeabi_v7a, skipping
[1m[INFO][0m:    [36m-> directory context /mnt/c/Users/maxi-/OneDrive/Desktop/app_codigo/EncryptorApp/.buildozer/android/platform/build-arm64-v8a_armeabi-v7a/build/other_builds/android-sdl2/armeabi-v7a__ndk_target_30/android[39m
[1m[INFO][0m:    [36m<- directory context /mnt/c/Users/maxi-/OneDrive/Desktop/app_codigo/EncryptorApp/.buildozer/android/platform/python-for-android[39m
[1m[INFO][0m:    [1m[32mPrebuilding kivy for armeabi-v7a[0m[39m
[1m[INFO][0m:    kivy has no prebuild_armeabi_v7a, skipping
[1m[INFO][0m:    [1m[32mApplying patches for kivy[armeabi-v7a][0m[39m
[1m[INFO][0m:    [1m[32mkivy already patched, skipping[0m[39m
[1m[INFO][0m:    [1m[32m# Building recipes[0m[39m
[1m[INFO][0m:    [1m[32mBuilding hostpython3 for armeabi-v7a[0m[39m
[1m[31m[WARNING][39m[0m: pkg-config location is not supported on linux for prerequisite: openssl
[1m[INFO][0m:    [36m-> directory context /mnt/c/Users/maxi-/OneDrive/Desktop/app_codigo/EncryptorApp/.buildozer/android/platform/build-arm64-v8a_armeabi-v7a/build/other_builds/hostpython3/desktop/hostpython3/native-build[39m
[1m[INFO][0m:    [36m<- directory context /mnt/c/Users/maxi-/OneDrive/Desktop/app_codigo/EncryptorApp/.buildozer/android/platform/python-for-android[39m
[1m[INFO][0m:    [36m-> directory context /mnt/c/Users/maxi-/OneDrive/Desktop/app_codigo/EncryptorApp/.buildozer/android/platform/build-arm64-v8a_armeabi-v7a/build/other_builds/hostpython3/desktop/hostpython3[39m
stty: 'standard input': Inappropriate ioctl for device
[1m[90m[DEBUG][39m[0m:   [90m->[0m running make -j 12 -C /mnt/c/Users/maxi-/OneDrive/Desktop/app_codigo/EncryptorApp/.buildozer/android/platform/build-arm64-v8a_armeabi-v7a/build/other_builds/hostpython3/desktop/hostpython3/native-build[0m
[1m[90m[DEBUG][39m[0m:   	make: Entering directory '/mnt/c/Users/maxi-/OneDrive/Desktop/app_codigo/EncryptorApp/.buildozer/android/platform/build-arm64-v8a_armeabi-v7a/build/other_builds/hostpython3/desktop/hostpython3/native-build'
[1m[90m[DEBUG][39m[0m:   	gcc -c -Wsign-compare -DNDEBUG -g -fwrapv -O3 -Wall    -std=c11 -Wextra -Wno-unused-parameter -Wno-missing-field-initializers -Werror=implicit-function-declaration -fvisibility=hidden  -I/mnt/c/Users/maxi-/OneDrive/Desktop/app_codigo/EncryptorApp/.buildozer/android/platform/build-arm64-v8a_armeabi-v7a/build/other_builds/hostpython3/desktop/hostpython3/Include/internal -IObjects -IInclude -IPython -I. -I/mnt/c/Users/maxi-/OneDrive/Desktop/app_codigo/EncryptorApp/.buildozer/android/platform/build-arm64-v8a_armeabi-v7a/build/other_builds/hostpython3/desktop/hostpython3/Include    -DPy_BUILD_CORE -o Programs/python.o /mnt/c/Users/maxi-/OneDrive/Desktop/app_codigo/EncryptorApp/.buildozer/android/platform/build-arm64-v8a_armeabi-v7a/build/other_builds/hostpython3/desktop/hostpython3/Programs/python.c
[1m[90m[DEBUG][39m[0m:   	gcc -c -Wsign-compare -DNDEBUG -g -fwrapv -O3 -Wall    -std=c11 -Wextra -Wno-unused-parameter -Wno-missing-field-initializers -Werror=implicit-function-declaration -fvisibility=hidden  -I/mnt/c/Users/maxi-/OneDrive/Desktop/app_codigo/EncryptorApp/.buildozer/android/platform/build-arm64-v8a_armeabi-v7a/build/other_builds/hostpython3/desktop/hostpython3/Include/internal -IObjects -IInclude -IPython -I. -I/mnt/c/Users/maxi-/OneDrive/Desktop/app_codigo/EncryptorApp/.buildozer/android/platform/build-arm64-v8a_armeabi-v7a/build/other_builds/hostpython3/desktop/hostpython3/Include    -DPy_BUILD_CORE -o Parser/token.o /mnt/c/Users/maxi-/OneDrive/Desktop/app_codigo/EncryptorApp/.buildozer/android/platform/build-arm64-v8a_armeabi-v7a/build/other_builds/hostpython3/desktop/hostpython3/Parser/token.c
[1m[90m[DEBUG][39m[0m:   	gcc -c -Wsign-compare -DNDEBUG -g -fwrapv -O3 -Wall    -std=c11 -Wextra -Wno-unused-parameter -Wno-missing-field-initializers -Werror=implicit-function-declaration -fvisibility=hidden  -I/mnt/c/Users/maxi-/OneDrive/Desktop/app_codigo/EncryptorApp/.buildozer/android/platform/build-arm64-v8a_armeabi-v7a/build/other_builds/hostpython3/desktop/hostpython3/Include/internal -IObjects -IInclude -IPython -I. -I/mnt/c/Users/maxi-/OneDrive/Desktop/app_codigo/EncryptorApp/.buildozer/android/platform/build-arm64-v8a_armeabi-v7a/build/other_builds/hostpython3/desktop/hostpython3/Include    -DPy_BUILD_CORE -o Parser/pegen.o /mnt/c/Users/maxi-/OneDrive/Desktop/app_codigo/EncryptorApp/.buildozer/android/platform/build-arm64-v8a_armeabi-v7a/build/other_builds/hostpython3/desktop/hostpython3/Parser/pegen.c
[1m[90m[DEBUG][39m[0m:   	gcc -c -Wsign-compare -DNDEBUG -g -fwrapv -O3 -Wall    -std=c11 -Wextra -Wno-unused-parameter -Wno-missing-field-initializers -Werror=implicit-function-declaration -fvisibility=hidden  -I/mnt/c/Users/maxi-/OneDrive/Desktop/app_codigo/EncryptorApp/.buildozer/android/platform/build-arm64-v8a_armeabi-v7a/build/other_builds/hostpython3/desktop/hostpython3/Include/internal -IObjects -IInclude -IPython -I. -I/mnt/c/Users/maxi-/OneDrive/Desktop/app_codigo/EncryptorApp/.buildozer/android/platform/build-arm64-v8a_armeabi-v7a/build/other_builds/hostpython3/desktop/hostpython3/Include    -DPy_BUILD_CORE -o Parser/pegen_errors.o /mnt/c/Users/maxi-/OneDrive/Desktop/app_codigo/EncryptorApp/.buildozer/android/platform/build-arm64-v8a_armeabi-v7a/build/other_builds/hostpython3/desktop/hostpython3/Parser/pegen_errors.c
[1m[90m[DEBUG][39m[0m:   	gcc -c -Wsign-compare -DNDEBUG -g -fwrapv -O3 -Wall    -std=c11 -Wextra -Wno-unused-parameter -Wno-missing-field-initializers -Werror=implicit-function-declaration -fvisibility=hidden  -I/mnt/c/Users/maxi-/OneDrive/Desktop/app_codigo/EncryptorApp/.buildozer/android/platform/build-arm64-v8a_armeabi-v7a/build/other_builds/hostpython3/desktop/hostpython3/Include/internal -IObjects -IInclude -IPython -I. -I/mnt/c/Users/maxi-/OneDrive/Desktop/app_codigo/EncryptorApp/.buildozer/android/platform/build-arm64-v8a_armeabi-v7a/build/other_builds/hostpython3/desktop/hostpython3/Include    -DPy_BUILD_CORE -o Parser/action_helpers.o /mnt/c/Users/maxi-/OneDrive/Desktop/app_codigo/EncryptorApp/.buildozer/android/platform/build-arm64-v8a_armeabi-v7a/build/other_builds/hostpython3/desktop/hostpython3/Parser/action_helpers.c
[1m[90m[DEBUG][39m[0m:   	gcc -c -Wsign-compare -DNDEBUG -g -fwrapv -O3 -Wall    -std=c11 -Wextra -Wno-unused-parameter -Wno-missing-field-initializers -Werror=implicit-function-declaration -fvisibility=hidden  -I/mnt/c/Users/maxi-/OneDrive/Desktop/app_codigo/EncryptorApp/.buildozer/android/platform/build-arm64-v8a_armeabi-v7a/build/other_builds/hostpython3/desktop/hostpython3/Include/internal -IObjects -IInclude -IPython -I. -I/mnt/c/Users/maxi-/OneDrive/Desktop/app_codigo/EncryptorApp/.buildozer/android/platform/build-arm64-v8a_armeabi-v7a/build/other_builds/hostpython3/desktop/hostpython3/Include    -DPy_BUILD_CORE -o Parser/parser.o /mnt/c/Users/maxi-/OneDrive/Desktop/app_codigo/EncryptorApp/.buildozer/android/platform/build-arm64-v8a_armeabi-v7a/build/other_builds/hostpython3/desktop/hostpython3/Parser/parser.c
[1m[90m[DEBUG][39m[0m:   	gcc -c -Wsign-compare -DNDEBUG -g -fwrapv -O3 -Wall    -std=c11 -Wextra -Wno-unused-parameter -Wno-missing-field-initializers -Werror=implicit-function-declaration -fvisibility=hidden  -I/mnt/c/Users/maxi-/OneDrive/Desktop/app_codigo/EncryptorApp/.buildozer/android/platform/build-arm64-v8a_armeabi-v7a/build/other_builds/hostpython3/desktop/hostpython3/Include/internal -IObjects -IInclude -IPython -I. -I/mnt/c/Users/maxi-/OneDrive/Desktop/app_codigo/EncryptorApp/.buildozer/android/platform/build-arm64-v8a_armeabi-v7a/build/other_builds/hostpython3/desktop/hostpython3/Include    -DPy_BUILD_CORE -o Parser/string_parser.o /mnt/c/Users/maxi-/OneDrive/Desktop/app_codigo/EncryptorApp/.buildozer/android/platform/build-arm64-v8a_armeabi-v7a/build/other_builds/hostpython3/desktop/hostpython3/Parser/string_parser.c
[1m[90m[DEBUG][39m[0m:   	gcc -c -Wsign-compare -DNDEBUG -g -fwrapv -O3 -Wall    -std=c11 -Wextra -Wno-unused-parameter -Wno-missing-field-initializers -Werror=implicit-function-declaration -fvisibility=hidden  -I/mnt/c/Users/maxi-/OneDrive/Desktop/app_codigo/EncryptorApp/.buildozer/android/platform/build-arm64-v8a_armeabi-v7a/build/other_builds/hostpython3/desktop/hostpython3/Include/internal -IObjects -IInclude -IPython -I. -I/mnt/c/Users/maxi-/OneDrive/Desktop/app_codigo/EncryptorApp/.buildozer/android/platform/build-arm64-v8a_armeabi-v7a/build/other_builds/hostpython3/desktop/hostpython3/Include    -DPy_BUILD_CORE -o Parser/peg_api.o /mnt/c/Users/maxi-/OneDrive/Desktop/app_codigo/EncryptorApp/.buildozer/android/platform/build-arm64-v8a_armeabi-v7a/build/other_builds/hostpython3/desktop/hostpython3/Parser/peg_api.c
[1m[90m[DEBUG][39m[0m:   	gcc -c -Wsign-compare -DNDEBUG -g -fwrapv -O3 -Wall    -std=c11 -Wextra -Wno-unused-parameter -Wno-missing-field-initializers -Werror=implicit-function-declaration -fvisibility=hidden  -I/mnt/c/Users/maxi-/OneDrive/Desktop/app_codigo/EncryptorApp/.buildozer/android/platform/build-arm64-v8a_armeabi-v7a/build/other_builds/hostpython3/desktop/hostpython3/Include/internal -IObjects -IInclude -IPython -I. -I/mnt/c/Users/maxi-/OneDrive/Desktop/app_codigo/EncryptorApp/.buildozer/android/platform/build-arm64-v8a_armeabi-v7a/build/other_builds/hostpython3/desktop/hostpython3/Include    -DPy_BUILD_CORE -o Parser/myreadline.o /mnt/c/Users/maxi-/OneDrive/Desktop/app_codigo/EncryptorApp/.buildozer/android/platform/build-arm64-v8a_armeabi-v7a/build/other_builds/hostpython3/desktop/hostpython3/Parser/myreadline.c
[1m[90m[DEBUG][39m[0m:   	gcc -c -Wsign-compare -DNDEBUG -g -fwrapv -O3 -Wall    -std=c11 -Wextra -Wno-unused-parameter -Wno-missing-field-initializers -Werror=implicit-function-declaration -fvisibility=hidden  -I/mnt/c/Users/maxi-/OneDrive/Desktop/app_codigo/EncryptorApp/.buildozer/android/platform/build-arm64-v8a_armeabi-v7a/build/other_builds/hostpython3/desktop/hostpython3/Include/internal -IObjects -IInclude -IPython -I. -I/mnt/c/Users/maxi-/OneDrive/Desktop/app_codigo/EncryptorApp/.buildozer/android/platform/build-arm64-v8a_armeabi-v7a/build/other_builds/hostpython3/desktop/hostpython3/Include    -DPy_BUILD_CORE -o Parser/tokenizer.o /mnt/c/Users/maxi-/OneDrive/Desktop/app_codigo/EncryptorApp/.buildozer/android/platform/build-arm64-v8a_armeabi-v7a/build/other_builds/hostpython3/desktop/hostpython3/Parser/tokenizer.c
[1m[90m[DEBUG][39m[0m:   	gcc -c -Wsign-compare -DNDEBUG -g -fwrapv -O3 -Wall    -std=c11 -Wextra -Wno-unused-parameter -Wno-missing-field-initializers -Werror=implicit-function-declaration -fvisibility=hidden  -I/mnt/c/Users/maxi-/OneDrive/Desktop/app_codigo/EncryptorApp/.buildozer/android/platform/build-arm64-v8a_armeabi-v7a/build/other_builds/hostpython3/desktop/hostpython3/Include/internal -IObjects -IInclude -IPython -I. -I/mnt/c/Users/maxi-/OneDrive/Desktop/app_codigo/EncryptorApp/.buildozer/android/platform/build-arm64-v8a_armeabi-v7a/build/other_builds/hostpython3/desktop/hostpython3/Include    -DPy_BUILD_CORE -o Objects/abstract.o /mnt/c/Users/maxi-/OneDrive/Desktop/app_codigo/EncryptorApp/.buildozer/android/platform/build-arm64-v8a_armeabi-v7a/build/other_builds/hostpython3/desktop/hostpython3/Objects/abstract.c
[1m[90m[DEBUG][39m[0m:   	gcc -c -Wsign-compare -DNDEBUG -g -fwrapv -O3 -Wall    -std=c11 -Wextra -Wno-unused-parameter -Wno-missing-field-initializers -Werror=implicit-function-declaration -fvisibility=hidden  -I/mnt/c/Users/maxi-/OneDrive/Desktop/app_codigo/EncryptorApp/.buildozer/android/platform/build-arm64-v8a_armeabi-v7a/build/other_builds/hostpython3/desktop/hostpython3/Include/internal -IObjects -IInclude -IPython -I. -I/mnt/c/Users/maxi-/OneDrive/Desktop/app_codigo/EncryptorApp/.buildozer/android/platform/build-arm64-v8a_armeabi-v7a/build/other_builds/hostpython3/desktop/hostpython3/Include    -DPy_BUILD_CORE -o Objects/accu.o /mnt/c/Users/maxi-/OneDrive/Desktop/app_codigo/EncryptorApp/.buildozer/android/platform/build-arm64-v8a_armeabi-v7a/build/other_builds/hostpython3/desktop/hostpython3/Objects/accu.c
[1m[90m[DEBUG][39m[0m:   	In file included from [01m[K/mnt/c/Users/maxi-/OneDrive/Desktop/app_codigo/EncryptorApp/.buildozer/android/platform/build-arm64-v8a_armeabi-v7a/build/other_builds/hostpython3/desktop/hostpython3/Include/Python.h:86[m[K,
[1m[90m[DEBUG][39m[0m:   	                 from [01m[K/mnt/c/Users/maxi-/OneDrive/Desktop/app_codigo/EncryptorApp/.buildozer/android/platform/build-arm64-v8a_armeabi-v7a/build/other_builds/hostpython3/desktop/hostpython3/Parser/token.c:3[m[K:
[1m[90m[DEBUG][39m[0m:   	[01m[K/mnt/c/Users/maxi-/OneDrive/Desktop/app_codigo/EncryptorApp/.buildozer/android/platform/build-arm64-v8a_armeabi-v7a/build/other_builds/hostpython3/desktop/hostpython3/Include/cpython/pytime.h:176:59:[m[K [01;35m[Kwarning: [m[K‘[01m[Kstruct timeval[m[K’ declared inside parameter list will not be visible outside of this definition or declaration
[1m[90m[DEBUG][39m[0m:   	  176 | PyAPI_FUNC(int) _PyTime_FromTimeval(_PyTime_t *tp, struct [01;35m[Ktimeval[m[K *tv);
[1m[90m[DEBUG][39m[0m:   	      |                                                           [01;35m[K^~~~~~~[m[K
[1m[90m[DEBUG][39m[0m:   	[01m[K/mnt/c/Users/maxi-/OneDrive/Desktop/app_codigo/EncryptorApp/.buildozer/android/platform/build-arm64-v8a_armeabi-v7a/build/other_builds/hostpython3/desktop/hostpython3/Include/cpython/pytime.h:184:12:[m[K [01;35m[Kwarning: [m[K‘[01m[Kstruct timeval[m[K’ declared inside parameter list will not be visible outside of this definition or declaration
[1m[90m[DEBUG][39m[0m:   	  184 |     struct [01;35m[Ktimeval[m[K *tv,
[1m[90m[DEBUG][39m[0m:   	      |            [01;35m[K^~~~~~~[m[K
[1m[90m[DEBUG][39m[0m:   	In file included from [01m[K/mnt/c/Users/maxi-/OneDrive/Desktop/app_codigo/EncryptorApp/.buildozer/android/platform/build-arm64-v8a_armeabi-v7a/build/other_builds/hostpython3/desktop/hostpython3/Include/Python.h:86[m[K,
[1m[90m[DEBUG][39m[0m:   	                 from [01m[K/mnt/c/Users/maxi-/OneDrive/Desktop/app_codigo/EncryptorApp/.buildozer/android/platform/build-arm64-v8a_armeabi-v7a/build/other_builds/hostpython3/desktop/hostpython3/Programs/python.c:3[m[K:
[1m[90m[DEBUG][39m[0m:   	[01m[K/mnt/c/Users/maxi-/OneDrive/Desktop/app_codigo/EncryptorApp/.buildozer/android/platform/build-arm64-v8a_armeabi-v7a/build/other_builds/hostpython3/desktop/hostpython3/Include/cpython/pytime.h:176:59:[m[K [01;35m[Kwarning: [m[K‘[01m[Kstruct timeval[m[K’ declared inside parameter list will not be visible outside of this definition or declaration
[1m[90m[DEBUG][39m[0m:   	  176 | PyAPI_FUNC(int) _PyTime_FromTimeval(_PyTime_t *tp, struct [01;35m[Ktimeval[m[K *tv);
[1m[90m[DEBUG][39m[0m:   	      |                                                           [01;35m[K^~~~~~~[m[K
[1m[90m[DEBUG][39m[0m:   	[01m[K/mnt/c/Users/maxi-/OneDrive/Desktop/app_codigo/EncryptorApp/.buildozer/android/platform/build-arm64-v8a_armeabi-v7a/build/other_builds/hostpython3/desktop/hostpython3/Include/cpython/pytime.h:190:12:[m[K [01;35m[Kwarning: [m[K‘[01m[Kstruct timeval[m[K’ declared inside parameter list will not be visible outside of this definition or declaration
[1m[90m[DEBUG][39m[0m:   	  190 |     struct [01;35m[Ktimeval[m[K *tv,
[1m[90m[DEBUG][39m[0m:   	      |            [01;35m[K^~~~~~~[m[K
[1m[90m[DEBUG][39m[0m:   	[01m[K/mnt/c/Users/maxi-/OneDrive/Desktop/app_codigo/EncryptorApp/.buildozer/android/platform/build-arm64-v8a_armeabi-v7a/build/other_builds/hostpython3/desktop/hostpython3/Include/cpython/pytime.h:184:12:[m[K [01;35m[Kwarning: [m[K‘[01m[Kstruct timeval[m[K’ declared inside parameter list will not be visible outside of this definition or declaration
[1m[90m[DEBUG][39m[0m:   	  184 |     struct [01;35m[Ktimeval[m[K *tv,
[1m[90m[DEBUG][39m[0m:   	      |            [01;35m[K^~~~~~~[m[K
[1m[90m[DEBUG][39m[0m:   	[01m[K/mnt/c/Users/maxi-/OneDrive/Desktop/app_codigo/EncryptorApp/.buildozer/android/platform/build-arm64-v8a_armeabi-v7a/build/other_builds/hostpython3/desktop/hostpython3/Include/cpython/pytime.h:190:12:[m[K [01;35m[Kwarning: [m[K‘[01m[Kstruct timeval[m[K’ declared inside parameter list will not be visible outside of this definition or declaration
[1m[90m[DEBUG][39m[0m:   	  190 |     struct [01;35m[Ktimeval[m[K *tv,
[1m[90m[DEBUG][39m[0m:   	      |            [01;35m[K^~~~~~~[m[K
[1m[90m[DEBUG][39m[0m:   	In file included from [01m[K/mnt/c/Users/maxi-/OneDrive/Desktop/app_codigo/EncryptorApp/.buildozer/android/platform/build-arm64-v8a_armeabi-v7a/build/other_builds/hostpython3/desktop/hostpython3/Include/pythread.h:126[m[K,
[1m[90m[DEBUG][39m[0m:   	                 from [01m[K/mnt/c/Users/maxi-/OneDrive/Desktop/app_codigo/EncryptorApp/.buildozer/android/platform/build-arm64-v8a_armeabi-v7a/build/other_builds/hostpython3/desktop/hostpython3/Include/Python.h:89[m[K:
[1m[90m[DEBUG][39m[0m:   	[01m[K/mnt/c/Users/maxi-/OneDrive/Desktop/app_codigo/EncryptorApp/.buildozer/android/platform/build-arm64-v8a_armeabi-v7a/build/other_builds/hostpython3/desktop/hostpython3/Include/cpython/pythread.h:27:5:[m[K [01;31m[Kerror: [m[K#error "Require native threads. See https://bugs.python.org/issue31370"
[1m[90m[DEBUG][39m[0m:   	   27 | #   [01;31m[Kerror[m[K "Require native threads. See https://bugs.python.org/issue31370"
[1m[90m[DEBUG][39m[0m:   	      |     [01;31m[K^~~~~[m[K
[1m[90m[DEBUG][39m[0m:   	[01m[K/mnt/c/Users/maxi-/OneDrive/Desktop/app_codigo/EncryptorApp/.buildozer/android/platform/build-arm64-v8a_armeabi-v7a/build/other_builds/hostpython3/desktop/hostpython3/Include/cpython/pythread.h:36:5:[m[K [01;31m[Kerror: [m[Kunknown type name ‘[01m[KNATIVE_TSS_KEY_T[m[K’
[1m[90m[DEBUG][39m[0m:   	   36 |     [01;31m[KNATIVE_TSS_KEY_T[m[K _key;
[1m[90m[DEBUG][39m[0m:   	      |     [01;31m[K^~~~~~~~~~~~~~~~[m[K
[1m[90m[DEBUG][39m[0m:   	In file included from [01m[K/mnt/c/Users/maxi-/OneDrive/Desktop/app_codigo/EncryptorApp/.buildozer/android/platform/build-arm64-v8a_armeabi-v7a/build/other_builds/hostpython3/desktop/hostpython3/Include/pythread.h:126[m[K,
[1m[90m[DEBUG][39m[0m:   	                 from [01m[K/mnt/c/Users/maxi-/OneDrive/Desktop/app_codigo/EncryptorApp/.buildozer/android/platform/build-arm64-v8a_armeabi-v7a/build/other_builds/hostpython3/desktop/hostpython3/Include/Python.h:89[m[K:
[1m[90m[DEBUG][39m[0m:   	[01m[K/mnt/c/Users/maxi-/OneDrive/Desktop/app_codigo/EncryptorApp/.buildozer/android/platform/build-arm64-v8a_armeabi-v7a/build/other_builds/hostpython3/desktop/hostpython3/Include/cpython/pythread.h:27:5:[m[K [01;31m[Kerror: [m[K#error "Require native threads. See https://bugs.python.org/issue31370"
[1m[90m[DEBUG][39m[0m:   	   27 | #   [01;31m[Kerror[m[K "Require native threads. See https://bugs.python.org/issue31370"
[1m[90m[DEBUG][39m[0m:   	      |     [01;31m[K^~~~~[m[K
[1m[90m[DEBUG][39m[0m:   	[01m[K/mnt/c/Users/maxi-/OneDrive/Desktop/app_codigo/EncryptorApp/.buildozer/android/platform/build-arm64-v8a_armeabi-v7a/build/other_builds/hostpython3/desktop/hostpython3/Include/cpython/pythread.h:36:5:[m[K [01;31m[Kerror: [m[Kunknown type name ‘[01m[KNATIVE_TSS_KEY_T[m[K’
[1m[90m[DEBUG][39m[0m:   	   36 |     [01;31m[KNATIVE_TSS_KEY_T[m[K _key;
[1m[90m[DEBUG][39m[0m:   	      |     [01;31m[K^~~~~~~~~~~~~~~~[m[K
[1m[90m[DEBUG][39m[0m:   	In file included from [01m[K/mnt/c/Users/maxi-/OneDrive/Desktop/app_codigo/EncryptorApp/.buildozer/android/platform/build-arm64-v8a_armeabi-v7a/build/other_builds/hostpython3/desktop/hostpython3/Include/Python.h:86[m[K,
[1m[90m[DEBUG][39m[0m:   	                 from [01m[K/mnt/c/Users/maxi-/OneDrive/Desktop/app_codigo/EncryptorApp/.buildozer/android/platform/build-arm64-v8a_armeabi-v7a/build/other_builds/hostpython3/desktop/hostpython3/Parser/pegen.c:1[m[K:
[1m[90m[DEBUG][39m[0m:   	[01m[K/mnt/c/Users/maxi-/OneDrive/Desktop/app_codigo/EncryptorApp/.buildozer/android/platform/build-arm64-v8a_armeabi-v7a/build/other_builds/hostpython3/desktop/hostpython3/Include/cpython/pytime.h:176:59:[m[K [01;35m[Kwarning: [m[K‘[01m[Kstruct timeval[m[K’ declared inside parameter list will not be visible outside of this definition or declaration
[1m[90m[DEBUG][39m[0m:   	  176 | PyAPI_FUNC(int) _PyTime_FromTimeval(_PyTime_t *tp, struct [01;35m[Ktimeval[m[K *tv);
[1m[90m[DEBUG][39m[0m:   	      |                                                           [01;35m[K^~~~~~~[m[K
[1m[90m[DEBUG][39m[0m:   	[01m[K/mnt/c/Users/maxi-/OneDrive/Desktop/app_codigo/EncryptorApp/.buildozer/android/platform/build-arm64-v8a_armeabi-v7a/build/other_builds/hostpython3/desktop/hostpython3/Include/cpython/pytime.h:184:12:[m[K [01;35m[Kwarning: [m[K‘[01m[Kstruct timeval[m[K’ declared inside parameter list will not be visible outside of this definition or declaration
[1m[90m[DEBUG][39m[0m:   	  184 |     struct [01;35m[Ktimeval[m[K *tv,
[1m[90m[DEBUG][39m[0m:   	      |            [01;35m[K^~~~~~~[m[K
[1m[90m[DEBUG][39m[0m:   	[01m[K/mnt/c/Users/maxi-/OneDrive/Desktop/app_codigo/EncryptorApp/.buildozer/android/platform/build-arm64-v8a_armeabi-v7a/build/other_builds/hostpython3/desktop/hostpython3/Include/cpython/pytime.h:190:12:[m[K [01;35m[Kwarning: [m[K‘[01m[Kstruct timeval[m[K’ declared inside parameter list will not be visible outside of this definition or declaration
[1m[90m[DEBUG][39m[0m:   	  190 |     struct [01;35m[Ktimeval[m[K *tv,
[1m[90m[DEBUG][39m[0m:   	      |            [01;35m[K^~~~~~~[m[K
[1m[90m[DEBUG][39m[0m:   	In file included from [01m[K/mnt/c/Users/maxi-/OneDrive/Desktop/app_codigo/EncryptorApp/.buildozer/android/platform/build-arm64-v8a_armeabi-v7a/build/other_builds/hostpython3/desktop/hostpython3/Include/Python.h:86[m[K,
[1m[90m[DEBUG][39m[0m:   	                 from [01m[K/mnt/c/Users/maxi-/OneDrive/Desktop/app_codigo/EncryptorApp/.buildozer/android/platform/build-arm64-v8a_armeabi-v7a/build/other_builds/hostpython3/desktop/hostpython3/Parser/pegen_errors.c:1[m[K:
[1m[90m[DEBUG][39m[0m:   	[01m[K/mnt/c/Users/maxi-/OneDrive/Desktop/app_codigo/EncryptorApp/.buildozer/android/platform/build-arm64-v8a_armeabi-v7a/build/other_builds/hostpython3/desktop/hostpython3/Include/cpython/pytime.h:176:59:[m[K [01;35m[Kwarning: [m[K‘[01m[Kstruct timeval[m[K’ declared inside parameter list will not be visible outside of this definition or declaration
[1m[90m[DEBUG][39m[0m:   	  176 | PyAPI_FUNC(int) _PyTime_FromTimeval(_PyTime_t *tp, struct [01;35m[Ktimeval[m[K *tv);
[1m[90m[DEBUG][39m[0m:   	      |                                                           [01;35m[K^~~~~~~[m[K
[1m[90m[DEBUG][39m[0m:   	[01m[K/mnt/c/Users/maxi-/OneDrive/Desktop/app_codigo/EncryptorApp/.buildozer/android/platform/build-arm64-v8a_armeabi-v7a/build/other_builds/hostpython3/desktop/hostpython3/Include/cpython/pytime.h:184:12:[m[K [01;35m[Kwarning: [m[K‘[01m[Kstruct timeval[m[K’ declared inside parameter list will not be visible outside of this definition or declaration
[1m[90m[DEBUG][39m[0m:   	  184 |     struct [01;35m[Ktimeval[m[K *tv,
[1m[90m[DEBUG][39m[0m:   	      |            [01;35m[K^~~~~~~[m[K
[1m[90m[DEBUG][39m[0m:   	[01m[K/mnt/c/Users/maxi-/OneDrive/Desktop/app_codigo/EncryptorApp/.buildozer/android/platform/build-arm64-v8a_armeabi-v7a/build/other_builds/hostpython3/desktop/hostpython3/Include/cpython/pytime.h:190:12:[m[K [01;35m[Kwarning: [m[K‘[01m[Kstruct timeval[m[K’ declared inside parameter list will not be visible outside of this definition or declaration
[1m[90m[DEBUG][39m[0m:   	  190 |     struct [01;35m[Ktimeval[m[K *tv,
[1m[90m[DEBUG][39m[0m:   	      |            [01;35m[K^~~~~~~[m[K
[1m[90m[DEBUG][39m[0m:   	In file included from [01m[K/mnt/c/Users/maxi-/OneDrive/Desktop/app_codigo/EncryptorApp/.buildozer/android/platform/build-arm64-v8a_armeabi-v7a/build/other_builds/hostpython3/desktop/hostpython3/Include/Python.h:86[m[K,
[1m[90m[DEBUG][39m[0m:   	                 from [01m[K/mnt/c/Users/maxi-/OneDrive/Desktop/app_codigo/EncryptorApp/.buildozer/android/platform/build-arm64-v8a_armeabi-v7a/build/other_builds/hostpython3/desktop/hostpython3/Parser/peg_api.c:1[m[K:
[1m[90m[DEBUG][39m[0m:   	[01m[K/mnt/c/Users/maxi-/OneDrive/Desktop/app_codigo/EncryptorApp/.buildozer/android/platform/build-arm64-v8a_armeabi-v7a/build/other_builds/hostpython3/desktop/hostpython3/Include/cpython/pytime.h:176:59:[m[K [01;35m[Kwarning: [m[K‘[01m[Kstruct timeval[m[K’ declared inside parameter list will not be visible outside of this definition or declaration
[1m[90m[DEBUG][39m[0m:   	  176 | PyAPI_FUNC(int) _PyTime_FromTimeval(_PyTime_t *tp, struct [01;35m[Ktimeval[m[K *tv);
[1m[90m[DEBUG][39m[0m:   	      |                                                           [01;35m[K^~~~~~~[m[K
[1m[90m[DEBUG][39m[0m:   	[01m[K/mnt/c/Users/maxi-/OneDrive/Desktop/app_codigo/EncryptorApp/.buildozer/android/platform/build-arm64-v8a_armeabi-v7a/build/other_builds/hostpython3/desktop/hostpython3/Include/cpython/pytime.h:184:12:[m[K [01;35m[Kwarning: [m[K‘[01m[Kstruct timeval[m[K’ declared inside parameter list will not be visible outside of this definition or declaration
[1m[90m[DEBUG][39m[0m:   	  184 |     struct [01;35m[Ktimeval[m[K *tv,
[1m[90m[DEBUG][39m[0m:   	      |            [01;35m[K^~~~~~~[m[K
[1m[90m[DEBUG][39m[0m:   	[01m[K/mnt/c/Users/maxi-/OneDrive/Desktop/app_codigo/EncryptorApp/.buildozer/android/platform/build-arm64-v8a_armeabi-v7a/build/other_builds/hostpython3/desktop/hostpython3/Include/cpython/pytime.h:190:12:[m[K [01;35m[Kwarning: [m[K‘[01m[Kstruct timeval[m[K’ declared inside parameter list will not be visible outside of this definition or declaration
[1m[90m[DEBUG][39m[0m:   	  190 |     struct [01;35m[Ktimeval[m[K *tv,
[1m[90m[DEBUG][39m[0m:   	      |            [01;35m[K^~~~~~~[m[K
[1m[90m[DEBUG][39m[0m:   	In file included from [01m[K/mnt/c/Users/maxi-/OneDrive/Desktop/app_codigo/EncryptorApp/.buildozer/android/platform/build-arm64-v8a_armeabi-v7a/build/other_builds/hostpython3/desktop/hostpython3/Include/Python.h:86[m[K,
[1m[90m[DEBUG][39m[0m:   	                 from [01m[K/mnt/c/Users/maxi-/OneDrive/Desktop/app_codigo/EncryptorApp/.buildozer/android/platform/build-arm64-v8a_armeabi-v7a/build/other_builds/hostpython3/desktop/hostpython3/Parser/action_helpers.c:1[m[K:
[1m[90m[DEBUG][39m[0m:   	[01m[K/mnt/c/Users/maxi-/OneDrive/Desktop/app_codigo/EncryptorApp/.buildozer/android/platform/build-arm64-v8a_armeabi-v7a/build/other_builds/hostpython3/desktop/hostpython3/Include/cpython/pytime.h:176:59:[m[K [01;35m[Kwarning: [m[K‘[01m[Kstruct timeval[m[K’ declared inside parameter list will not be visible outside of this definition or declaration
[1m[90m[DEBUG][39m[0m:   	  176 | PyAPI_FUNC(int) _PyTime_FromTimeval(_PyTime_t *tp, struct [01;35m[Ktimeval[m[K *tv);
[1m[90m[DEBUG][39m[0m:   	      |                                                           [01;35m[K^~~~~~~[m[K
[1m[90m[DEBUG][39m[0m:   	[01m[K/mnt/c/Users/maxi-/OneDrive/Desktop/app_codigo/EncryptorApp/.buildozer/android/platform/build-arm64-v8a_armeabi-v7a/build/other_builds/hostpython3/desktop/hostpython3/Include/cpython/pytime.h:184:12:[m[K [01;35m[Kwarning: [m[K‘[01m[Kstruct timeval[m[K’ declared inside parameter list will not be visible outside of this definition or declaration
[1m[90m[DEBUG][39m[0m:   	  184 |     struct [01;35m[Ktimeval[m[K *tv,
[1m[90m[DEBUG][39m[0m:   	      |            [01;35m[K^~~~~~~[m[K
[1m[90m[DEBUG][39m[0m:   	[01m[K/mnt/c/Users/maxi-/OneDrive/Desktop/app_codigo/EncryptorApp/.buildozer/android/platform/build-arm64-v8a_armeabi-v7a/build/other_builds/hostpython3/desktop/hostpython3/Include/cpython/pytime.h:190:12:[m[K [01;35m[Kwarning: [m[K‘[01m[Kstruct timeval[m[K’ declared inside parameter list will not be visible outside of this definition or declaration
[1m[90m[DEBUG][39m[0m:   	  190 |     struct [01;35m[Ktimeval[m[K *tv,
[1m[90m[DEBUG][39m[0m:   	      |            [01;35m[K^~~~~~~[m[K
[1m[90m[DEBUG][39m[0m:   	In file included from [01m[K/mnt/c/Users/maxi-/OneDrive/Desktop/app_codigo/EncryptorApp/.buildozer/android/platform/build-arm64-v8a_armeabi-v7a/build/other_builds/hostpython3/desktop/hostpython3/Include/Python.h:86[m[K,
[1m[90m[DEBUG][39m[0m:   	                 from [01m[K/mnt/c/Users/maxi-/OneDrive/Desktop/app_codigo/EncryptorApp/.buildozer/android/platform/build-arm64-v8a_armeabi-v7a/build/other_builds/hostpython3/desktop/hostpython3/Parser/pegen.h:5[m[K,
[1m[90m[DEBUG][39m[0m:   	                 from [01m[K/mnt/c/Users/maxi-/OneDrive/Desktop/app_codigo/EncryptorApp/.buildozer/android/platform/build-arm64-v8a_armeabi-v7a/build/other_builds/hostpython3/desktop/hostpython3/Parser/parser.c:2[m[K:
[1m[90m[DEBUG][39m[0m:   	[01m[K/mnt/c/Users/maxi-/OneDrive/Desktop/app_codigo/EncryptorApp/.buildozer/android/platform/build-arm64-v8a_armeabi-v7a/build/other_builds/hostpython3/desktop/hostpython3/Include/cpython/pytime.h:176:59:[m[K [01;35m[Kwarning: [m[K‘[01m[Kstruct timeval[m[K’ declared inside parameter list will not be visible outside of this definition or declaration
[1m[90m[DEBUG][39m[0m:   	  176 | PyAPI_FUNC(int) _PyTime_FromTimeval(_PyTime_t *tp, struct [01;35m[Ktimeval[m[K *tv);
[1m[90m[DEBUG][39m[0m:   	      |                                                           [01;35m[K^~~~~~~[m[K
[1m[90m[DEBUG][39m[0m:   	[01m[K/mnt/c/Users/maxi-/OneDrive/Desktop/app_codigo/EncryptorApp/.buildozer/android/platform/build-arm64-v8a_armeabi-v7a/build/other_builds/hostpython3/desktop/hostpython3/Include/cpython/pytime.h:184:12:[m[K [01;35m[Kwarning: [m[K‘[01m[Kstruct timeval[m[K’ declared inside parameter list will not be visible outside of this definition or declaration
[1m[90m[DEBUG][39m[0m:   	  184 |     struct [01;35m[Ktimeval[m[K *tv,
[1m[90m[DEBUG][39m[0m:   	      |            [01;35m[K^~~~~~~[m[K
[1m[90m[DEBUG][39m[0m:   	[01m[K/mnt/c/Users/maxi-/OneDrive/Desktop/app_codigo/EncryptorApp/.buildozer/android/platform/build-arm64-v8a_armeabi-v7a/build/other_builds/hostpython3/desktop/hostpython3/Include/cpython/pytime.h:190:12:[m[K [01;35m[Kwarning: [m[K‘[01m[Kstruct timeval[m[K’ declared inside parameter list will not be visible outside of this definition or declaration
[1m[90m[DEBUG][39m[0m:   	  190 |     struct [01;35m[Ktimeval[m[K *tv,
[1m[90m[DEBUG][39m[0m:   	      |            [01;35m[K^~~~~~~[m[K
[1m[90m[DEBUG][39m[0m:   	In file included from [01m[K/mnt/c/Users/maxi-/OneDrive/Desktop/app_codigo/EncryptorApp/.buildozer/android/platform/build-arm64-v8a_armeabi-v7a/build/other_builds/hostpython3/desktop/hostpython3/Include/pythread.h:126[m[K,
[1m[90m[DEBUG][39m[0m:   	                 from [01m[K/mnt/c/Users/maxi-/OneDrive/Desktop/app_codigo/EncryptorApp/.buildozer/android/platform/build-arm64-v8a_armeabi-v7a/build/other_builds/hostpython3/desktop/hostpython3/Include/Python.h:89[m[K:
[1m[90m[DEBUG][39m[0m:   	[01m[K/mnt/c/Users/maxi-/OneDrive/Desktop/app_codigo/EncryptorApp/.buildozer/android/platform/build-arm64-v8a_armeabi-v7a/build/other_builds/hostpython3/desktop/hostpython3/Include/cpython/pythread.h:27:5:[m[K [01;31m[Kerror: [m[K#error "Require native threads. See https://bugs.python.org/issue31370"
[1m[90m[DEBUG][39m[0m:   	   27 | #   [01;31m[Kerror[m[K "Require native threads. See https://bugs.python.org/issue31370"
[1m[90m[DEBUG][39m[0m:   	      |     [01;31m[K^~~~~[m[K
[1m[90m[DEBUG][39m[0m:   	[01m[K/mnt/c/Users/maxi-/OneDrive/Desktop/app_codigo/EncryptorApp/.buildozer/android/platform/build-arm64-v8a_armeabi-v7a/build/other_builds/hostpython3/desktop/hostpython3/Include/cpython/pythread.h:36:5:[m[K [01;31m[Kerror: [m[Kunknown type name ‘[01m[KNATIVE_TSS_KEY_T[m[K’
[1m[90m[DEBUG][39m[0m:   	   36 |     [01;31m[KNATIVE_TSS_KEY_T[m[K _key;
[1m[90m[DEBUG][39m[0m:   	      |     [01;31m[K^~~~~~~~~~~~~~~~[m[K
[1m[90m[DEBUG][39m[0m:   	In file included from [01m[K/mnt/c/Users/maxi-/OneDrive/Desktop/app_codigo/EncryptorApp/.buildozer/android/platform/build-arm64-v8a_armeabi-v7a/build/other_builds/hostpython3/desktop/hostpython3/Include/pythread.h:126[m[K,
[1m[90m[DEBUG][39m[0m:   	                 from [01m[K/mnt/c/Users/maxi-/OneDrive/Desktop/app_codigo/EncryptorApp/.buildozer/android/platform/build-arm64-v8a_armeabi-v7a/build/other_builds/hostpython3/desktop/hostpython3/Include/Python.h:89[m[K:
[1m[90m[DEBUG][39m[0m:   	[01m[K/mnt/c/Users/maxi-/OneDrive/Desktop/app_codigo/EncryptorApp/.buildozer/android/platform/build-arm64-v8a_armeabi-v7a/build/other_builds/hostpython3/desktop/hostpython3/Include/cpython/pythread.h:27:5:[m[K [01;31m[Kerror: [m[K#error "Require native threads. See https://bugs.python.org/issue31370"
[1m[90m[DEBUG][39m[0m:   	   27 | #   [01;31m[Kerror[m[K "Require native threads. See https://bugs.python.org/issue31370"
[1m[90m[DEBUG][39m[0m:   	      |     [01;31m[K^~~~~[m[K
[1m[90m[DEBUG][39m[0m:   	[01m[K/mnt/c/Users/maxi-/OneDrive/Desktop/app_codigo/EncryptorApp/.buildozer/android/platform/build-arm64-v8a_armeabi-v7a/build/other_builds/hostpython3/desktop/hostpython3/Include/cpython/pythread.h:36:5:[m[K [01;31m[Kerror: [m[Kunknown type name ‘[01m[KNATIVE_TSS_KEY_T[m[K’
[1m[90m[DEBUG][39m[0m:   	   36 |     [01;31m[KNATIVE_TSS_KEY_T[m[K _key;
[1m[90m[DEBUG][39m[0m:   	      |     [01;31m[K^~~~~~~~~~~~~~~~[m[K
[1m[90m[DEBUG][39m[0m:   	In file included from [01m[K/mnt/c/Users/maxi-/OneDrive/Desktop/app_codigo/EncryptorApp/.buildozer/android/platform/build-arm64-v8a_armeabi-v7a/build/other_builds/hostpython3/desktop/hostpython3/Include/pythread.h:126[m[K,
[1m[90m[DEBUG][39m[0m:   	                 from [01m[K/mnt/c/Users/maxi-/OneDrive/Desktop/app_codigo/EncryptorApp/.buildozer/android/platform/build-arm64-v8a_armeabi-v7a/build/other_builds/hostpython3/desktop/hostpython3/Include/Python.h:89[m[K:
[1m[90m[DEBUG][39m[0m:   	[01m[K/mnt/c/Users/maxi-/OneDrive/Desktop/app_codigo/EncryptorApp/.buildozer/android/platform/build-arm64-v8a_armeabi-v7a/build/other_builds/hostpython3/desktop/hostpython3/Include/cpython/pythread.h:27:5:[m[K [01;31m[Kerror: [m[K#error "Require native threads. See https://bugs.python.org/issue31370"
[1m[90m[DEBUG][39m[0m:   	   27 | #   [01;31m[Kerror[m[K "Require native threads. See https://bugs.python.org/issue31370"
[1m[90m[DEBUG][39m[0m:   	      |     [01;31m[K^~~~~[m[K
[1m[90m[DEBUG][39m[0m:   	[01m[K/mnt/c/Users/maxi-/OneDrive/Desktop/app_codigo/EncryptorApp/.buildozer/android/platform/build-arm64-v8a_armeabi-v7a/build/other_builds/hostpython3/desktop/hostpython3/Include/cpython/pythread.h:36:5:[m[K [01;31m[Kerror: [m[Kunknown type name ‘[01m[KNATIVE_TSS_KEY_T[m[K’
[1m[90m[DEBUG][39m[0m:   	   36 |     [01;31m[KNATIVE_TSS_KEY_T[m[K _key;
[1m[90m[DEBUG][39m[0m:   	      |     [01;31m[K^~~~~~~~~~~~~~~~[m[K
[1m[90m[DEBUG][39m[0m:   	In file included from [01m[K/mnt/c/Users/maxi-/OneDrive/Desktop/app_codigo/EncryptorApp/.buildozer/android/platform/build-arm64-v8a_armeabi-v7a/build/other_builds/hostpython3/desktop/hostpython3/Include/pythread.h:126[m[K,
[1m[90m[DEBUG][39m[0m:   	                 from [01m[K/mnt/c/Users/maxi-/OneDrive/Desktop/app_codigo/EncryptorApp/.buildozer/android/platform/build-arm64-v8a_armeabi-v7a/build/other_builds/hostpython3/desktop/hostpython3/Include/Python.h:89[m[K:
[1m[90m[DEBUG][39m[0m:   	[01m[K/mnt/c/Users/maxi-/OneDrive/Desktop/app_codigo/EncryptorApp/.buildozer/android/platform/build-arm64-v8a_armeabi-v7a/build/other_builds/hostpython3/desktop/hostpython3/Include/cpython/pythread.h:27:5:[m[K [01;31m[Kerror: [m[K#error "Require native threads. See https://bugs.python.org/issue31370"
[1m[90m[DEBUG][39m[0m:   	   27 | #   [01;31m[Kerror[m[K "Require native threads. See https://bugs.python.org/issue31370"
[1m[90m[DEBUG][39m[0m:   	      |     [01;31m[K^~~~~[m[K
[1m[90m[DEBUG][39m[0m:   	[01m[K/mnt/c/Users/maxi-/OneDrive/Desktop/app_codigo/EncryptorApp/.buildozer/android/platform/build-arm64-v8a_armeabi-v7a/build/other_builds/hostpython3/desktop/hostpython3/Include/cpython/pythread.h:36:5:[m[K [01;31m[Kerror: [m[Kunknown type name ‘[01m[KNATIVE_TSS_KEY_T[m[K’
[1m[90m[DEBUG][39m[0m:   	   36 |     [01;31m[KNATIVE_TSS_KEY_T[m[K _key;
[1m[90m[DEBUG][39m[0m:   	      |     [01;31m[K^~~~~~~~~~~~~~~~[m[K
[1m[90m[DEBUG][39m[0m:   	In file included from [01m[K/mnt/c/Users/maxi-/OneDrive/Desktop/app_codigo/EncryptorApp/.buildozer/android/platform/build-arm64-v8a_armeabi-v7a/build/other_builds/hostpython3/desktop/hostpython3/Include/pythread.h:126[m[K,
[1m[90m[DEBUG][39m[0m:   	                 from [01m[K/mnt/c/Users/maxi-/OneDrive/Desktop/app_codigo/EncryptorApp/.buildozer/android/platform/build-arm64-v8a_armeabi-v7a/build/other_builds/hostpython3/desktop/hostpython3/Include/Python.h:89[m[K:
[1m[90m[DEBUG][39m[0m:   	[01m[K/mnt/c/Users/maxi-/OneDrive/Desktop/app_codigo/EncryptorApp/.buildozer/android/platform/build-arm64-v8a_armeabi-v7a/build/other_builds/hostpython3/desktop/hostpython3/Include/cpython/pythread.h:27:5:[m[K [01;31m[Kerror: [m[K#error "Require native threads. See https://bugs.python.org/issue31370"
[1m[90m[DEBUG][39m[0m:   	   27 | #   [01;31m[Kerror[m[K "Require native threads. See https://bugs.python.org/issue31370"
[1m[90m[DEBUG][39m[0m:   	      |     [01;31m[K^~~~~[m[K
[1m[90m[DEBUG][39m[0m:   	[01m[K/mnt/c/Users/maxi-/OneDrive/Desktop/app_codigo/EncryptorApp/.buildozer/android/platform/build-arm64-v8a_armeabi-v7a/build/other_builds/hostpython3/desktop/hostpython3/Include/cpython/pythread.h:36:5:[m[K [01;31m[Kerror: [m[Kunknown type name ‘[01m[KNATIVE_TSS_KEY_T[m[K’
[1m[90m[DEBUG][39m[0m:   	   36 |     [01;31m[KNATIVE_TSS_KEY_T[m[K _key;
[1m[90m[DEBUG][39m[0m:   	      |     [01;31m[K^~~~~~~~~~~~~~~~[m[K
[1m[90m[DEBUG][39m[0m:   	In file included from [01m[K/mnt/c/Users/maxi-/OneDrive/Desktop/app_codigo/EncryptorApp/.buildozer/android/platform/build-arm64-v8a_armeabi-v7a/build/other_builds/hostpython3/desktop/hostpython3/Include/Python.h:86[m[K,
[1m[90m[DEBUG][39m[0m:   	                 from [01m[K/mnt/c/Users/maxi-/OneDrive/Desktop/app_codigo/EncryptorApp/.buildozer/android/platform/build-arm64-v8a_armeabi-v7a/build/other_builds/hostpython3/desktop/hostpython3/Parser/string_parser.c:3[m[K:
[1m[90m[DEBUG][39m[0m:   	[01m[K/mnt/c/Users/maxi-/OneDrive/Desktop/app_codigo/EncryptorApp/.buildozer/android/platform/build-arm64-v8a_armeabi-v7a/build/other_builds/hostpython3/desktop/hostpython3/Include/cpython/pytime.h:176:59:[m[K [01;35m[Kwarning: [m[K‘[01m[Kstruct timeval[m[K’ declared inside parameter list will not be visible outside of this definition or declaration
[1m[90m[DEBUG][39m[0m:   	  176 | PyAPI_FUNC(int) _PyTime_FromTimeval(_PyTime_t *tp, struct [01;35m[Ktimeval[m[K *tv);
[1m[90m[DEBUG][39m[0m:   	      |                                                           [01;35m[K^~~~~~~[m[K
[1m[90m[DEBUG][39m[0m:   	[01m[K/mnt/c/Users/maxi-/OneDrive/Desktop/app_codigo/EncryptorApp/.buildozer/android/platform/build-arm64-v8a_armeabi-v7a/build/other_builds/hostpython3/desktop/hostpython3/Include/cpython/pytime.h:184:12:[m[K [01;35m[Kwarning: [m[K‘[01m[Kstruct timeval[m[K’ declared inside parameter list will not be visible outside of this definition or declaration
[1m[90m[DEBUG][39m[0m:   	  184 |     struct [01;35m[Ktimeval[m[K *tv,
[1m[90m[DEBUG][39m[0m:   	      |            [01;35m[K^~~~~~~[m[K
[1m[90m[DEBUG][39m[0m:   	[01m[K/mnt/c/Users/maxi-/OneDrive/Desktop/app_codigo/EncryptorApp/.buildozer/android/platform/build-arm64-v8a_armeabi-v7a/build/other_builds/hostpython3/desktop/hostpython3/Include/cpython/pytime.h:190:12:[m[K [01;35m[Kwarning: [m[K‘[01m[Kstruct timeval[m[K’ declared inside parameter list will not be visible outside of this definition or declaration
[1m[90m[DEBUG][39m[0m:   	  190 |     struct [01;35m[Ktimeval[m[K *tv,
[1m[90m[DEBUG][39m[0m:   	      |            [01;35m[K^~~~~~~[m[K
[1m[90m[DEBUG][39m[0m:   	In file included from [01m[K/mnt/c/Users/maxi-/OneDrive/Desktop/app_codigo/EncryptorApp/.buildozer/android/platform/build-arm64-v8a_armeabi-v7a/build/other_builds/hostpython3/desktop/hostpython3/Include/pythread.h:126[m[K,
[1m[90m[DEBUG][39m[0m:   	                 from [01m[K/mnt/c/Users/maxi-/OneDrive/Desktop/app_codigo/EncryptorApp/.buildozer/android/platform/build-arm64-v8a_armeabi-v7a/build/other_builds/hostpython3/desktop/hostpython3/Include/Python.h:89[m[K:
[1m[90m[DEBUG][39m[0m:   	[01m[K/mnt/c/Users/maxi-/OneDrive/Desktop/app_codigo/EncryptorApp/.buildozer/android/platform/build-arm64-v8a_armeabi-v7a/build/other_builds/hostpython3/desktop/hostpython3/Include/cpython/pythread.h:27:5:[m[K [01;31m[Kerror: [m[K#error "Require native threads. See https://bugs.python.org/issue31370"
[1m[90m[DEBUG][39m[0m:   	   27 | #   [01;31m[Kerror[m[K "Require native threads. See https://bugs.python.org/issue31370"
[1m[90m[DEBUG][39m[0m:   	      |     [01;31m[K^~~~~[m[K
[1m[90m[DEBUG][39m[0m:   	[01m[K/mnt/c/Users/maxi-/OneDrive/Desktop/app_codigo/EncryptorApp/.buildozer/android/platform/build-arm64-v8a_armeabi-v7a/build/other_builds/hostpython3/desktop/hostpython3/Include/cpython/pythread.h:36:5:[m[K [01;31m[Kerror: [m[Kunknown type name ‘[01m[KNATIVE_TSS_KEY_T[m[K’
[1m[90m[DEBUG][39m[0m:   	   36 |     [01;31m[KNATIVE_TSS_KEY_T[m[K _key;
[1m[90m[DEBUG][39m[0m:   	      |     [01;31m[K^~~~~~~~~~~~~~~~[m[K
[1m[90m[DEBUG][39m[0m:   	In file included from [01m[K/mnt/c/Users/maxi-/OneDrive/Desktop/app_codigo/EncryptorApp/.buildozer/android/platform/build-arm64-v8a_armeabi-v7a/build/other_builds/hostpython3/desktop/hostpython3/Include/Python.h:86[m[K,
[1m[90m[DEBUG][39m[0m:   	                 from [01m[K/mnt/c/Users/maxi-/OneDrive/Desktop/app_codigo/EncryptorApp/.buildozer/android/platform/build-arm64-v8a_armeabi-v7a/build/other_builds/hostpython3/desktop/hostpython3/Parser/myreadline.c:12[m[K:
[1m[90m[DEBUG][39m[0m:   	[01m[K/mnt/c/Users/maxi-/OneDrive/Desktop/app_codigo/EncryptorApp/.buildozer/android/platform/build-arm64-v8a_armeabi-v7a/build/other_builds/hostpython3/desktop/hostpython3/Include/cpython/pytime.h:176:59:[m[K [01;35m[Kwarning: [m[K‘[01m[Kstruct timeval[m[K’ declared inside parameter list will not be visible outside of this definition or declaration
[1m[90m[DEBUG][39m[0m:   	  176 | PyAPI_FUNC(int) _PyTime_FromTimeval(_PyTime_t *tp, struct [01;35m[Ktimeval[m[K *tv);
[1m[90m[DEBUG][39m[0m:   	      |                                                           [01;35m[K^~~~~~~[m[K
[1m[90m[DEBUG][39m[0m:   	[01m[K/mnt/c/Users/maxi-/OneDrive/Desktop/app_codigo/EncryptorApp/.buildozer/android/platform/build-arm64-v8a_armeabi-v7a/build/other_builds/hostpython3/desktop/hostpython3/Include/cpython/pytime.h:184:12:[m[K [01;35m[Kwarning: [m[K‘[01m[Kstruct timeval[m[K’ declared inside parameter list will not be visible outside of this definition or declaration
[1m[90m[DEBUG][39m[0m:   	  184 |     struct [01;35m[Ktimeval[m[K *tv,
[1m[90m[DEBUG][39m[0m:   	      |            [01;35m[K^~~~~~~[m[K
[1m[90m[DEBUG][39m[0m:   	[01m[K/mnt/c/Users/maxi-/OneDrive/Desktop/app_codigo/EncryptorApp/.buildozer/android/platform/build-arm64-v8a_armeabi-v7a/build/other_builds/hostpython3/desktop/hostpython3/Include/cpython/pytime.h:190:12:[m[K [01;35m[Kwarning: [m[K‘[01m[Kstruct timeval[m[K’ declared inside parameter list will not be visible outside of this definition or declaration
[1m[90m[DEBUG][39m[0m:   	  190 |     struct [01;35m[Ktimeval[m[K *tv,
[1m[90m[DEBUG][39m[0m:   	      |            [01;35m[K^~~~~~~[m[K
[1m[90m[DEBUG][39m[0m:   	make: *** [Makefile:1372: Programs/python.o] Error 1
[1m[90m[DEBUG][39m[0m:   	make: *** Waiting for unfinished jobs....
[1m[90m[DEBUG][39m[0m:   	make: *** [Makefile:2486: Parser/token.o] Error 1
[1m[90m[DEBUG][39m[0m:   	In file included from [01m[K/mnt/c/Users/maxi-/OneDrive/Desktop/app_codigo/EncryptorApp/.buildozer/android/platform/build-arm64-v8a_armeabi-v7a/build/other_builds/hostpython3/desktop/hostpython3/Include/Python.h:86[m[K,
[1m[90m[DEBUG][39m[0m:   	                 from [01m[K/mnt/c/Users/maxi-/OneDrive/Desktop/app_codigo/EncryptorApp/.buildozer/android/platform/build-arm64-v8a_armeabi-v7a/build/other_builds/hostpython3/desktop/hostpython3/Objects/abstract.c:3[m[K:
[1m[90m[DEBUG][39m[0m:   	[01m[K/mnt/c/Users/maxi-/OneDrive/Desktop/app_codigo/EncryptorApp/.buildozer/android/platform/build-arm64-v8a_armeabi-v7a/build/other_builds/hostpython3/desktop/hostpython3/Include/cpython/pytime.h:176:59:[m[K [01;35m[Kwarning: [m[K‘[01m[Kstruct timeval[m[K’ declared inside parameter list will not be visible outside of this definition or declaration
[1m[90m[DEBUG][39m[0m:   	  176 | PyAPI_FUNC(int) _PyTime_FromTimeval(_PyTime_t *tp, struct [01;35m[Ktimeval[m[K *tv);
[1m[90m[DEBUG][39m[0m:   	      |                                                           [01;35m[K^~~~~~~[m[K
[1m[90m[DEBUG][39m[0m:   	[01m[K/mnt/c/Users/maxi-/OneDrive/Desktop/app_codigo/EncryptorApp/.buildozer/android/platform/build-arm64-v8a_armeabi-v7a/build/other_builds/hostpython3/desktop/hostpython3/Include/cpython/pytime.h:184:12:[m[K [01;35m[Kwarning: [m[K‘[01m[Kstruct timeval[m[K’ declared inside parameter list will not be visible outside of this definition or declaration
[1m[90m[DEBUG][39m[0m:   	  184 |     struct [01;35m[Ktimeval[m[K *tv,
[1m[90m[DEBUG][39m[0m:   	      |            [01;35m[K^~~~~~~[m[K
[1m[90m[DEBUG][39m[0m:   	[01m[K/mnt/c/Users/maxi-/OneDrive/Desktop/app_codigo/EncryptorApp/.buildozer/android/platform/build-arm64-v8a_armeabi-v7a/build/other_builds/hostpython3/desktop/hostpython3/Include/cpython/pytime.h:190:12:[m[K [01;35m[Kwarning: [m[K‘[01m[Kstruct timeval[m[K’ declared inside parameter list will not be visible outside of this definition or declaration
[1m[90m[DEBUG][39m[0m:   	  190 |     struct [01;35m[Ktimeval[m[K *tv,
[1m[90m[DEBUG][39m[0m:   	      |            [01;35m[K^~~~~~~[m[K
[1m[90m[DEBUG][39m[0m:   	In file included from [01m[K/mnt/c/Users/maxi-/OneDrive/Desktop/app_codigo/EncryptorApp/.buildozer/android/platform/build-arm64-v8a_armeabi-v7a/build/other_builds/hostpython3/desktop/hostpython3/Include/Python.h:86[m[K,
[1m[90m[DEBUG][39m[0m:   	                 from [01m[K/mnt/c/Users/maxi-/OneDrive/Desktop/app_codigo/EncryptorApp/.buildozer/android/platform/build-arm64-v8a_armeabi-v7a/build/other_builds/hostpython3/desktop/hostpython3/Parser/tokenizer.c:5[m[K:
[1m[90m[DEBUG][39m[0m:   	[01m[K/mnt/c/Users/maxi-/OneDrive/Desktop/app_codigo/EncryptorApp/.buildozer/android/platform/build-arm64-v8a_armeabi-v7a/build/other_builds/hostpython3/desktop/hostpython3/Include/cpython/pytime.h:176:59:[m[K [01;35m[Kwarning: [m[K‘[01m[Kstruct timeval[m[K’ declared inside parameter list will not be visible outside of this definition or declaration
[1m[90m[DEBUG][39m[0m:   	  176 | PyAPI_FUNC(int) _PyTime_FromTimeval(_PyTime_t *tp, struct [01;35m[Ktimeval[m[K *tv);
[1m[90m[DEBUG][39m[0m:   	      |                                                           [01;35m[K^~~~~~~[m[K
[1m[90m[DEBUG][39m[0m:   	[01m[K/mnt/c/Users/maxi-/OneDrive/Desktop/app_codigo/EncryptorApp/.buildozer/android/platform/build-arm64-v8a_armeabi-v7a/build/other_builds/hostpython3/desktop/hostpython3/Include/cpython/pytime.h:184:12:[m[K [01;35m[Kwarning: [m[K‘[01m[Kstruct timeval[m[K’ declared inside parameter list will not be visible outside of this definition or declaration
[1m[90m[DEBUG][39m[0m:   	  184 |     struct [01;35m[Ktimeval[m[K *tv,
[1m[90m[DEBUG][39m[0m:   	      |            [01;35m[K^~~~~~~[m[K
[1m[90m[DEBUG][39m[0m:   	[01m[K/mnt/c/Users/maxi-/OneDrive/Desktop/app_codigo/EncryptorApp/.buildozer/android/platform/build-arm64-v8a_armeabi-v7a/build/other_builds/hostpython3/desktop/hostpython3/Include/cpython/pytime.h:190:12:[m[K [01;35m[Kwarning: [m[K‘[01m[Kstruct timeval[m[K’ declared inside parameter list will not be visible outside of this definition or declaration
[1m[90m[DEBUG][39m[0m:   	  190 |     struct [01;35m[Ktimeval[m[K *tv,
[1m[90m[DEBUG][39m[0m:   	      |            [01;35m[K^~~~~~~[m[K
[1m[90m[DEBUG][39m[0m:   	In file included from [01m[K/mnt/c/Users/maxi-/OneDrive/Desktop/app_codigo/EncryptorApp/.buildozer/android/platform/build-arm64-v8a_armeabi-v7a/build/other_builds/hostpython3/desktop/hostpython3/Include/Python.h:86[m[K,
[1m[90m[DEBUG][39m[0m:   	                 from [01m[K/mnt/c/Users/maxi-/OneDrive/Desktop/app_codigo/EncryptorApp/.buildozer/android/platform/build-arm64-v8a_armeabi-v7a/build/other_builds/hostpython3/desktop/hostpython3/Objects/accu.c:3[m[K:
[1m[90m[DEBUG][39m[0m:   	[01m[K/mnt/c/Users/maxi-/OneDrive/Desktop/app_codigo/EncryptorApp/.buildozer/android/platform/build-arm64-v8a_armeabi-v7a/build/other_builds/hostpython3/desktop/hostpython3/Include/cpython/pytime.h:176:59:[m[K [01;35m[Kwarning: [m[K‘[01m[Kstruct timeval[m[K’ declared inside parameter list will not be visible outside of this definition or declaration
[1m[90m[DEBUG][39m[0m:   	  176 | PyAPI_FUNC(int) _PyTime_FromTimeval(_PyTime_t *tp, struct [01;35m[Ktimeval[m[K *tv);
[1m[90m[DEBUG][39m[0m:   	      |                                                           [01;35m[K^~~~~~~[m[K
[1m[90m[DEBUG][39m[0m:   	[01m[K/mnt/c/Users/maxi-/OneDrive/Desktop/app_codigo/EncryptorApp/.buildozer/android/platform/build-arm64-v8a_armeabi-v7a/build/other_builds/hostpython3/desktop/hostpython3/Include/cpython/pytime.h:184:12:[m[K [01;35m[Kwarning: [m[K‘[01m[Kstruct timeval[m[K’ declared inside parameter list will not be visible outside of this definition or declaration
[1m[90m[DEBUG][39m[0m:   	  184 |     struct [01;35m[Ktimeval[m[K *tv,
[1m[90m[DEBUG][39m[0m:   	      |            [01;35m[K^~~~~~~[m[K
[1m[90m[DEBUG][39m[0m:   	[01m[K/mnt/c/Users/maxi-/OneDrive/Desktop/app_codigo/EncryptorApp/.buildozer/android/platform/build-arm64-v8a_armeabi-v7a/build/other_builds/hostpython3/desktop/hostpython3/Include/cpython/pytime.h:190:12:[m[K [01;35m[Kwarning: [m[K‘[01m[Kstruct timeval[m[K’ declared inside parameter list will not be visible outside of this definition or declaration
[1m[90m[DEBUG][39m[0m:   	  190 |     struct [01;35m[Ktimeval[m[K *tv,
[1m[90m[DEBUG][39m[0m:   	      |            [01;35m[K^~~~~~~[m[K
[1m[90m[DEBUG][39m[0m:   	In file included from [01m[K/mnt/c/Users/maxi-/OneDrive/Desktop/app_codigo/EncryptorApp/.buildozer/android/platform/build-arm64-v8a_armeabi-v7a/build/other_builds/hostpython3/desktop/hostpython3/Include/pythread.h:126[m[K,
[1m[90m[DEBUG][39m[0m:   	                 from [01m[K/mnt/c/Users/maxi-/OneDrive/Desktop/app_codigo/EncryptorApp/.buildozer/android/platform/build-arm64-v8a_armeabi-v7a/build/other_builds/hostpython3/desktop/hostpython3/Include/Python.h:89[m[K:
[1m[90m[DEBUG][39m[0m:   	[01m[K/mnt/c/Users/maxi-/OneDrive/Desktop/app_codigo/EncryptorApp/.buildozer/android/platform/build-arm64-v8a_armeabi-v7a/build/other_builds/hostpython3/desktop/hostpython3/Include/cpython/pythread.h:27:5:[m[K [01;31m[Kerror: [m[K#error "Require native threads. See https://bugs.python.org/issue31370"
[1m[90m[DEBUG][39m[0m:   	   27 | #   [01;31m[Kerror[m[K "Require native threads. See https://bugs.python.org/issue31370"
[1m[90m[DEBUG][39m[0m:   	      |     [01;31m[K^~~~~[m[K
[1m[90m[DEBUG][39m[0m:   	[01m[K/mnt/c/Users/maxi-/OneDrive/Desktop/app_codigo/EncryptorApp/.buildozer/android/platform/build-arm64-v8a_armeabi-v7a/build/other_builds/hostpython3/desktop/hostpython3/Include/cpython/pythread.h:36:5:[m[K [01;31m[Kerror: [m[Kunknown type name ‘[01m[KNATIVE_TSS_KEY_T[m[K’
[1m[90m[DEBUG][39m[0m:   	   36 |     [01;31m[KNATIVE_TSS_KEY_T[m[K _key;
[1m[90m[DEBUG][39m[0m:   	      |     [01;31m[K^~~~~~~~~~~~~~~~[m[K
[1m[90m[DEBUG][39m[0m:   	In file included from [01m[K/mnt/c/Users/maxi-/OneDrive/Desktop/app_codigo/EncryptorApp/.buildozer/android/platform/build-arm64-v8a_armeabi-v7a/build/other_builds/hostpython3/desktop/hostpython3/Include/pythread.h:126[m[K,
[1m[90m[DEBUG][39m[0m:   	                 from [01m[K/mnt/c/Users/maxi-/OneDrive/Desktop/app_codigo/EncryptorApp/.buildozer/android/platform/build-arm64-v8a_armeabi-v7a/build/other_builds/hostpython3/desktop/hostpython3/Include/Python.h:89[m[K:
[1m[90m[DEBUG][39m[0m:   	[01m[K/mnt/c/Users/maxi-/OneDrive/Desktop/app_codigo/EncryptorApp/.buildozer/android/platform/build-arm64-v8a_armeabi-v7a/build/other_builds/hostpython3/desktop/hostpython3/Include/cpython/pythread.h:27:5:[m[K [01;31m[Kerror: [m[K#error "Require native threads. See https://bugs.python.org/issue31370"
[1m[90m[DEBUG][39m[0m:   	   27 | #   [01;31m[Kerror[m[K "Require native threads. See https://bugs.python.org/issue31370"
[1m[90m[DEBUG][39m[0m:   	      |     [01;31m[K^~~~~[m[K
[1m[90m[DEBUG][39m[0m:   	[01m[K/mnt/c/Users/maxi-/OneDrive/Desktop/app_codigo/EncryptorApp/.buildozer/android/platform/build-arm64-v8a_armeabi-v7a/build/other_builds/hostpython3/desktop/hostpython3/Include/cpython/pythread.h:36:5:[m[K [01;31m[Kerror: [m[Kunknown type name ‘[01m[KNATIVE_TSS_KEY_T[m[K’
[1m[90m[DEBUG][39m[0m:   	   36 |     [01;31m[KNATIVE_TSS_KEY_T[m[K _key;
[1m[90m[DEBUG][39m[0m:   	      |     [01;31m[K^~~~~~~~~~~~~~~~[m[K
[1m[90m[DEBUG][39m[0m:   	In file included from [01m[K/mnt/c/Users/maxi-/OneDrive/Desktop/app_codigo/EncryptorApp/.buildozer/android/platform/build-arm64-v8a_armeabi-v7a/build/other_builds/hostpython3/desktop/hostpython3/Include/pythread.h:126[m[K,
[1m[90m[DEBUG][39m[0m:   	                 from [01m[K/mnt/c/Users/maxi-/OneDrive/Desktop/app_codigo/EncryptorApp/.buildozer/android/platform/build-arm64-v8a_armeabi-v7a/build/other_builds/hostpython3/desktop/hostpython3/Include/Python.h:89[m[K:
[1m[90m[DEBUG][39m[0m:   	[01m[K/mnt/c/Users/maxi-/OneDrive/Desktop/app_codigo/EncryptorApp/.buildozer/android/platform/build-arm64-v8a_armeabi-v7a/build/other_builds/hostpython3/desktop/hostpython3/Include/cpython/pythread.h:27:5:[m[K [01;31m[Kerror: [m[K#error "Require native threads. See https://bugs.python.org/issue31370"
[1m[90m[DEBUG][39m[0m:   	   27 | #   [01;31m[Kerror[m[K "Require native threads. See https://bugs.python.org/issue31370"
[1m[90m[DEBUG][39m[0m:   	      |     [01;31m[K^~~~~[m[K
[1m[90m[DEBUG][39m[0m:   	[01m[K/mnt/c/Users/maxi-/OneDrive/Desktop/app_codigo/EncryptorApp/.buildozer/android/platform/build-arm64-v8a_armeabi-v7a/build/other_builds/hostpython3/desktop/hostpython3/Include/cpython/pythread.h:36:5:[m[K [01;31m[Kerror: [m[Kunknown type name ‘[01m[KNATIVE_TSS_KEY_T[m[K’
[1m[90m[DEBUG][39m[0m:   	   36 |     [01;31m[KNATIVE_TSS_KEY_T[m[K _key;
[1m[90m[DEBUG][39m[0m:   	      |     [01;31m[K^~~~~~~~~~~~~~~~[m[K
[1m[90m[DEBUG][39m[0m:   	In file included from [01m[K/mnt/c/Users/maxi-/OneDrive/Desktop/app_codigo/EncryptorApp/.buildozer/android/platform/build-arm64-v8a_armeabi-v7a/build/other_builds/hostpython3/desktop/hostpython3/Include/pythread.h:126[m[K,
[1m[90m[DEBUG][39m[0m:   	                 from [01m[K/mnt/c/Users/maxi-/OneDrive/Desktop/app_codigo/EncryptorApp/.buildozer/android/platform/build-arm64-v8a_armeabi-v7a/build/other_builds/hostpython3/desktop/hostpython3/Include/Python.h:89[m[K:
[1m[90m[DEBUG][39m[0m:   	[01m[K/mnt/c/Users/maxi-/OneDrive/Desktop/app_codigo/EncryptorApp/.buildozer/android/platform/build-arm64-v8a_armeabi-v7a/build/other_builds/hostpython3/desktop/hostpython3/Include/cpython/pythread.h:27:5:[m[K [01;31m[Kerror: [m[K#error "Require native threads. See https://bugs.python.org/issue31370"
[1m[90m[DEBUG][39m[0m:   	   27 | #   [01;31m[Kerror[m[K "Require native threads. See https://bugs.python.org/issue31370"
[1m[90m[DEBUG][39m[0m:   	      |     [01;31m[K^~~~~[m[K
[1m[90m[DEBUG][39m[0m:   	[01m[K/mnt/c/Users/maxi-/OneDrive/Desktop/app_codigo/EncryptorApp/.buildozer/android/platform/build-arm64-v8a_armeabi-v7a/build/other_builds/hostpython3/desktop/hostpython3/Include/cpython/pythread.h:36:5:[m[K [01;31m[Kerror: [m[Kunknown type name ‘[01m[KNATIVE_TSS_KEY_T[m[K’
[1m[90m[DEBUG][39m[0m:   	   36 |     [01;31m[KNATIVE_TSS_KEY_T[m[K _key;
[1m[90m[DEBUG][39m[0m:   	      |     [01;31m[K^~~~~~~~~~~~~~~~[m[K
[1m[90m[DEBUG][39m[0m:   	make: *** [Makefile:2486: Parser/peg_api.o] Error 1
[1m[90m[DEBUG][39m[0m:   	make: *** [Makefile:2486: Parser/action_helpers.o] Error 1
[1m[90m[DEBUG][39m[0m:   	In file included from [01m[K/mnt/c/Users/maxi-/OneDrive/Desktop/app_codigo/EncryptorApp/.buildozer/android/platform/build-arm64-v8a_armeabi-v7a/build/other_builds/hostpython3/desktop/hostpython3/Include/internal/pycore_gil.h:12[m[K,
[1m[90m[DEBUG][39m[0m:   	                 from [01m[K/mnt/c/Users/maxi-/OneDrive/Desktop/app_codigo/EncryptorApp/.buildozer/android/platform/build-arm64-v8a_armeabi-v7a/build/other_builds/hostpython3/desktop/hostpython3/Include/internal/pycore_runtime.h:12[m[K,
[1m[90m[DEBUG][39m[0m:   	                 from [01m[K/mnt/c/Users/maxi-/OneDrive/Desktop/app_codigo/EncryptorApp/.buildozer/android/platform/build-arm64-v8a_armeabi-v7a/build/other_builds/hostpython3/desktop/hostpython3/Include/internal/pycore_pystate.h:11[m[K,
[1m[90m[DEBUG][39m[0m:   	                 from [01m[K/mnt/c/Users/maxi-/OneDrive/Desktop/app_codigo/EncryptorApp/.buildozer/android/platform/build-arm64-v8a_armeabi-v7a/build/other_builds/hostpython3/desktop/hostpython3/Parser/pegen.c:3[m[K:
[1m[90m[DEBUG][39m[0m:   	[01m[K/mnt/c/Users/maxi-/OneDrive/Desktop/app_codigo/EncryptorApp/.buildozer/android/platform/build-arm64-v8a_armeabi-v7a/build/other_builds/hostpython3/desktop/hostpython3/Include/internal/pycore_condvar.h:28:18:[m[K [01;31m[Kerror: [m[Kunknown type name ‘[01m[Kpthread_cond_t[m[K’
[1m[90m[DEBUG][39m[0m:   	   28 | #define PyCOND_T [01;31m[Kpthread_cond_t[m[K
[1m[90m[DEBUG][39m[0m:   	      |                  [01;31m[K^~~~~~~~~~~~~~[m[K
[1m[90m[DEBUG][39m[0m:   	[01m[K/mnt/c/Users/maxi-/OneDrive/Desktop/app_codigo/EncryptorApp/.buildozer/android/platform/build-arm64-v8a_armeabi-v7a/build/other_builds/hostpython3/desktop/hostpython3/Include/internal/pycore_gil.h:37:5:[m[K [01;36m[Knote: [m[Kin expansion of macro ‘[01m[KPyCOND_T[m[K’
[1m[90m[DEBUG][39m[0m:   	   37 |     [01;36m[KPyCOND_T[m[K cond;
[1m[90m[DEBUG][39m[0m:   	      |     [01;36m[K^~~~~~~~[m[K
[1m[90m[DEBUG][39m[0m:   	[01m[K/mnt/c/Users/maxi-/OneDrive/Desktop/app_codigo/EncryptorApp/.buildozer/android/platform/build-arm64-v8a_armeabi-v7a/build/other_builds/hostpython3/desktop/hostpython3/Include/internal/pycore_condvar.h:27:19:[m[K [01;31m[Kerror: [m[Kunknown type name ‘[01m[Kpthread_mutex_t[m[K’
[1m[90m[DEBUG][39m[0m:   	   27 | #define PyMUTEX_T [01;31m[Kpthread_mutex_t[m[K
[1m[90m[DEBUG][39m[0m:   	      |                   [01;31m[K^~~~~~~~~~~~~~~[m[K
[1m[90m[DEBUG][39m[0m:   	[01m[K/mnt/c/Users/maxi-/OneDrive/Desktop/app_codigo/EncryptorApp/.buildozer/android/platform/build-arm64-v8a_armeabi-v7a/build/other_builds/hostpython3/desktop/hostpython3/Include/internal/pycore_gil.h:38:5:[m[K [01;36m[Knote: [m[Kin expansion of macro ‘[01m[KPyMUTEX_T[m[K’
[1m[90m[DEBUG][39m[0m:   	   38 |     [01;36m[KPyMUTEX_T[m[K mutex;
[1m[90m[DEBUG][39m[0m:   	      |     [01;36m[K^~~~~~~~~[m[K
[1m[90m[DEBUG][39m[0m:   	[01m[K/mnt/c/Users/maxi-/OneDrive/Desktop/app_codigo/EncryptorApp/.buildozer/android/platform/build-arm64-v8a_armeabi-v7a/build/other_builds/hostpython3/desktop/hostpython3/Include/internal/pycore_condvar.h:28:18:[m[K [01;31m[Kerror: [m[Kunknown type name ‘[01m[Kpthread_cond_t[m[K’
[1m[90m[DEBUG][39m[0m:   	   28 | #define PyCOND_T [01;31m[Kpthread_cond_t[m[K
[1m[90m[DEBUG][39m[0m:   	      |                  [01;31m[K^~~~~~~~~~~~~~[m[K
[1m[90m[DEBUG][39m[0m:   	[01m[K/mnt/c/Users/maxi-/OneDrive/Desktop/app_codigo/EncryptorApp/.buildozer/android/platform/build-arm64-v8a_armeabi-v7a/build/other_builds/hostpython3/desktop/hostpython3/Include/internal/pycore_gil.h:42:5:[m[K [01;36m[Knote: [m[Kin expansion of macro ‘[01m[KPyCOND_T[m[K’
[1m[90m[DEBUG][39m[0m:   	   42 |     [01;36m[KPyCOND_T[m[K switch_cond;
[1m[90m[DEBUG][39m[0m:   	      |     [01;36m[K^~~~~~~~[m[K
[1m[90m[DEBUG][39m[0m:   	[01m[K/mnt/c/Users/maxi-/OneDrive/Desktop/app_codigo/EncryptorApp/.buildozer/android/platform/build-arm64-v8a_armeabi-v7a/build/other_builds/hostpython3/desktop/hostpython3/Include/internal/pycore_condvar.h:27:19:[m[K [01;31m[Kerror: [m[Kunknown type name ‘[01m[Kpthread_mutex_t[m[K’
[1m[90m[DEBUG][39m[0m:   	   27 | #define PyMUTEX_T [01;31m[Kpthread_mutex_t[m[K
[1m[90m[DEBUG][39m[0m:   	      |                   [01;31m[K^~~~~~~~~~~~~~~[m[K
[1m[90m[DEBUG][39m[0m:   	[01m[K/mnt/c/Users/maxi-/OneDrive/Desktop/app_codigo/EncryptorApp/.buildozer/android/platform/build-arm64-v8a_armeabi-v7a/build/other_builds/hostpython3/desktop/hostpython3/Include/internal/pycore_gil.h:43:5:[m[K [01;36m[Knote: [m[Kin expansion of macro ‘[01m[KPyMUTEX_T[m[K’
[1m[90m[DEBUG][39m[0m:   	   43 |     [01;36m[KPyMUTEX_T[m[K switch_mutex;
[1m[90m[DEBUG][39m[0m:   	      |     [01;36m[K^~~~~~~~~[m[K
[1m[90m[DEBUG][39m[0m:   	make: *** [Makefile:2486: Parser/pegen_errors.o] Error 1
[1m[90m[DEBUG][39m[0m:   	In file included from [01m[K/mnt/c/Users/maxi-/OneDrive/Desktop/app_codigo/EncryptorApp/.buildozer/android/platform/build-arm64-v8a_armeabi-v7a/build/other_builds/hostpython3/desktop/hostpython3/Include/internal/pycore_interp.h:15[m[K,
[1m[90m[DEBUG][39m[0m:   	                 from [01m[K/mnt/c/Users/maxi-/OneDrive/Desktop/app_codigo/EncryptorApp/.buildozer/android/platform/build-arm64-v8a_armeabi-v7a/build/other_builds/hostpython3/desktop/hostpython3/Include/internal/pycore_runtime.h:14[m[K:
[1m[90m[DEBUG][39m[0m:   	[01m[K/mnt/c/Users/maxi-/OneDrive/Desktop/app_codigo/EncryptorApp/.buildozer/android/platform/build-arm64-v8a_armeabi-v7a/build/other_builds/hostpython3/desktop/hostpython3/Include/internal/pycore_code.h:[m[K In function ‘[01m[Kwrite_obj[m[K’:
[1m[90m[DEBUG][39m[0m:   	In file included from [01m[K/mnt/c/Users/maxi-/OneDrive/Desktop/app_codigo/EncryptorApp/.buildozer/android/platform/build-arm64-v8a_armeabi-v7a/build/other_builds/hostpython3/desktop/hostpython3/Parser/myreadline.c:13[m[K:
[1m[90m[DEBUG][39m[0m:   	[01m[K/mnt/c/Users/maxi-/OneDrive/Desktop/app_codigo/EncryptorApp/.buildozer/android/platform/build-arm64-v8a_armeabi-v7a/build/other_builds/hostpython3/desktop/hostpython3/Include/internal/pycore_fileutils.h:82:27:[m[K [01;35m[Kwarning: [m[K‘[01m[Kstruct stat[m[K’ declared inside parameter list will not be visible outside of this definition or declaration
[1m[90m[DEBUG][39m[0m:   	   82 | #  define _Py_stat_struct [01;35m[Kstat[m[K
[1m[90m[DEBUG][39m[0m:   	      |                           [01;35m[K^~~~[m[K
[1m[90m[DEBUG][39m[0m:   	[01m[K/mnt/c/Users/maxi-/OneDrive/Desktop/app_codigo/EncryptorApp/.buildozer/android/platform/build-arm64-v8a_armeabi-v7a/build/other_builds/hostpython3/desktop/hostpython3/Include/internal/pycore_fileutils.h:87:12:[m[K [01;36m[Knote: [m[Kin expansion of macro ‘[01m[K_Py_stat_struct[m[K’
[1m[90m[DEBUG][39m[0m:   	   87 |     struct [01;36m[K_Py_stat_struct[m[K *status);
[1m[90m[DEBUG][39m[0m:   	      |            [01;36m[K^~~~~~~~~~~~~~~[m[K
[1m[90m[DEBUG][39m[0m:   	[01m[K/mnt/c/Users/maxi-/OneDrive/Desktop/app_codigo/EncryptorApp/.buildozer/android/platform/build-arm64-v8a_armeabi-v7a/build/other_builds/hostpython3/desktop/hostpython3/Include/internal/pycore_fileutils.h:82:27:[m[K [01;35m[Kwarning: [m[K‘[01m[Kstruct stat[m[K’ declared inside parameter list will not be visible outside of this definition or declaration
[1m[90m[DEBUG][39m[0m:   	   82 | #  define _Py_stat_struct [01;35m[Kstat[m[K
[1m[90m[DEBUG][39m[0m:   	      |                           [01;35m[K^~~~[m[K
[1m[90m[DEBUG][39m[0m:   	[01m[K/mnt/c/Users/maxi-/OneDrive/Desktop/app_codigo/EncryptorApp/.buildozer/android/platform/build-arm64-v8a_armeabi-v7a/build/other_builds/hostpython3/desktop/hostpython3/Include/internal/pycore_fileutils.h:91:12:[m[K [01;36m[Knote: [m[Kin expansion of macro ‘[01m[K_Py_stat_struct[m[K’
[1m[90m[DEBUG][39m[0m:   	   91 |     struct [01;36m[K_Py_stat_struct[m[K *status);
[1m[90m[DEBUG][39m[0m:   	      |            [01;36m[K^~~~~~~~~~~~~~~[m[K
[1m[90m[DEBUG][39m[0m:   	[01m[K/mnt/c/Users/maxi-/OneDrive/Desktop/app_codigo/EncryptorApp/.buildozer/android/platform/build-arm64-v8a_armeabi-v7a/build/other_builds/hostpython3/desktop/hostpython3/Include/internal/pycore_fileutils.h:95:12:[m[K [01;35m[Kwarning: [m[K‘[01m[Kstruct stat[m[K’ declared inside parameter list will not be visible outside of this definition or declaration
[1m[90m[DEBUG][39m[0m:   	   95 |     struct [01;35m[Kstat[m[K *status);
[1m[90m[DEBUG][39m[0m:   	      |            [01;35m[K^~~~[m[K
[1m[90m[DEBUG][39m[0m:   	[01m[K/mnt/c/Users/maxi-/OneDrive/Desktop/app_codigo/EncryptorApp/.buildozer/android/platform/build-arm64-v8a_armeabi-v7a/build/other_builds/hostpython3/desktop/hostpython3/Include/internal/pycore_code.h:423:6:[m[K [01;31m[Kerror: [m[K#error "SIZEOF_VOID_P must be 4 or 8"
[1m[90m[DEBUG][39m[0m:   	  423 |     #[01;31m[Kerror[m[K "SIZEOF_VOID_P must be 4 or 8"
[1m[90m[DEBUG][39m[0m:   	      |      [01;31m[K^~~~~[m[K
[1m[90m[DEBUG][39m[0m:   	[01m[K/mnt/c/Users/maxi-/OneDrive/Desktop/app_codigo/EncryptorApp/.buildozer/android/platform/build-arm64-v8a_armeabi-v7a/build/other_builds/hostpython3/desktop/hostpython3/Include/internal/pycore_code.h:417:15:[m[K [01;35m[Kwarning: [m[Kunused variable ‘[01m[Kval[m[K’ [[01;35m[K]8;;https://gcc.gnu.org/onlinedocs/gcc/Warning-Options.html#index-Wunused-variable-Wunused-variable]8;;[m[K]
[1m[90m[DEBUG][39m[0m:   	  417 |     uintptr_t [01;35m[Kval[m[K = (uintptr_t)obj;
[1m[90m[DEBUG][39m[0m:   	      |               [01;35m[K^~~[m[K
[1m[90m[DEBUG][39m[0m:   	[01m[K/mnt/c/Users/maxi-/OneDrive/Desktop/app_codigo/EncryptorApp/.buildozer/android/platform/build-arm64-v8a_armeabi-v7a/build/other_builds/hostpython3/desktop/hostpython3/Include/internal/pycore_fileutils.h:202:35:[m[K [01;35m[Kwarning: [m[K‘[01m[Kstruct stat[m[K’ declared inside parameter list will not be visible outside of this definition or declaration
[1m[90m[DEBUG][39m[0m:   	  202 | _Py_wstat(const wchar_t *, struct [01;35m[Kstat[m[K *);
[1m[90m[DEBUG][39m[0m:   	      |                                   [01;35m[K^~~~[m[K
[1m[90m[DEBUG][39m[0m:   	[01m[K/mnt/c/Users/maxi-/OneDrive/Desktop/app_codigo/EncryptorApp/.buildozer/android/platform/build-arm64-v8a_armeabi-v7a/build/other_builds/hostpython3/desktop/hostpython3/Include/internal/pycore_code.h:[m[K In function ‘[01m[Kread_obj[m[K’:
[1m[90m[DEBUG][39m[0m:   	[01m[K/mnt/c/Users/maxi-/OneDrive/Desktop/app_codigo/EncryptorApp/.buildozer/android/platform/build-arm64-v8a_armeabi-v7a/build/other_builds/hostpython3/desktop/hostpython3/Include/internal/pycore_code.h:436:6:[m[K [01;31m[Kerror: [m[K#error "SIZEOF_VOID_P must be 4 or 8"
[1m[90m[DEBUG][39m[0m:   	  436 |     #[01;31m[Kerror[m[K "SIZEOF_VOID_P must be 4 or 8"
[1m[90m[DEBUG][39m[0m:   	      |      [01;31m[K^~~~~[m[K
[1m[90m[DEBUG][39m[0m:   	make: *** [Makefile:2486: Objects/accu.o] Error 1
[1m[90m[DEBUG][39m[0m:   	make: *** [Makefile:2486: Parser/string_parser.o] Error 1
[1m[90m[DEBUG][39m[0m:   	In file included from [01m[K/mnt/c/Users/maxi-/OneDrive/Desktop/app_codigo/EncryptorApp/.buildozer/android/platform/build-arm64-v8a_armeabi-v7a/build/other_builds/hostpython3/desktop/hostpython3/Include/internal/pycore_gil.h:12[m[K,
[1m[90m[DEBUG][39m[0m:   	                 from [01m[K/mnt/c/Users/maxi-/OneDrive/Desktop/app_codigo/EncryptorApp/.buildozer/android/platform/build-arm64-v8a_armeabi-v7a/build/other_builds/hostpython3/desktop/hostpython3/Include/internal/pycore_runtime.h:12[m[K,
[1m[90m[DEBUG][39m[0m:   	                 from [01m[K/mnt/c/Users/maxi-/OneDrive/Desktop/app_codigo/EncryptorApp/.buildozer/android/platform/build-arm64-v8a_armeabi-v7a/build/other_builds/hostpython3/desktop/hostpython3/Include/internal/pycore_pystate.h:11[m[K,
[1m[90m[DEBUG][39m[0m:   	                 from [01m[K/mnt/c/Users/maxi-/OneDrive/Desktop/app_codigo/EncryptorApp/.buildozer/android/platform/build-arm64-v8a_armeabi-v7a/build/other_builds/hostpython3/desktop/hostpython3/Include/internal/pycore_call.h:11[m[K,
[1m[90m[DEBUG][39m[0m:   	                 from [01m[K/mnt/c/Users/maxi-/OneDrive/Desktop/app_codigo/EncryptorApp/.buildozer/android/platform/build-arm64-v8a_armeabi-v7a/build/other_builds/hostpython3/desktop/hostpython3/Parser/tokenizer.c:6[m[K:
[1m[90m[DEBUG][39m[0m:   	[01m[K/mnt/c/Users/maxi-/OneDrive/Desktop/app_codigo/EncryptorApp/.buildozer/android/platform/build-arm64-v8a_armeabi-v7a/build/other_builds/hostpython3/desktop/hostpython3/Include/internal/pycore_condvar.h:28:18:[m[K [01;31m[Kerror: [m[Kunknown type name ‘[01m[Kpthread_cond_t[m[K’
[1m[90m[DEBUG][39m[0m:   	   28 | #define PyCOND_T [01;31m[Kpthread_cond_t[m[K
[1m[90m[DEBUG][39m[0m:   	      |                  [01;31m[K^~~~~~~~~~~~~~[m[K
[1m[90m[DEBUG][39m[0m:   	[01m[K/mnt/c/Users/maxi-/OneDrive/Desktop/app_codigo/EncryptorApp/.buildozer/android/platform/build-arm64-v8a_armeabi-v7a/build/other_builds/hostpython3/desktop/hostpython3/Include/internal/pycore_gil.h:37:5:[m[K [01;36m[Knote: [m[Kin expansion of macro ‘[01m[KPyCOND_T[m[K’
[1m[90m[DEBUG][39m[0m:   	   37 |     [01;36m[KPyCOND_T[m[K cond;
[1m[90m[DEBUG][39m[0m:   	      |     [01;36m[K^~~~~~~~[m[K
[1m[90m[DEBUG][39m[0m:   	[01m[K/mnt/c/Users/maxi-/OneDrive/Desktop/app_codigo/EncryptorApp/.buildozer/android/platform/build-arm64-v8a_armeabi-v7a/build/other_builds/hostpython3/desktop/hostpython3/Include/internal/pycore_condvar.h:27:19:[m[K [01;31m[Kerror: [m[Kunknown type name ‘[01m[Kpthread_mutex_t[m[K’
[1m[90m[DEBUG][39m[0m:   	   27 | #define PyMUTEX_T [01;31m[Kpthread_mutex_t[m[K
[1m[90m[DEBUG][39m[0m:   	      |                   [01;31m[K^~~~~~~~~~~~~~~[m[K
[1m[90m[DEBUG][39m[0m:   	[01m[K/mnt/c/Users/maxi-/OneDrive/Desktop/app_codigo/EncryptorApp/.buildozer/android/platform/build-arm64-v8a_armeabi-v7a/build/other_builds/hostpython3/desktop/hostpython3/Include/internal/pycore_gil.h:38:5:[m[K [01;36m[Knote: [m[Kin expansion of macro ‘[01m[KPyMUTEX_T[m[K’
[1m[90m[DEBUG][39m[0m:   	   38 |     [01;36m[KPyMUTEX_T[m[K mutex;
[1m[90m[DEBUG][39m[0m:   	      |     [01;36m[K^~~~~~~~~[m[K
[1m[90m[DEBUG][39m[0m:   	[01m[K/mnt/c/Users/maxi-/OneDrive/Desktop/app_codigo/EncryptorApp/.buildozer/android/platform/build-arm64-v8a_armeabi-v7a/build/other_builds/hostpython3/desktop/hostpython3/Include/internal/pycore_condvar.h:28:18:[m[K [01;31m[Kerror: [m[Kunknown type name ‘[01m[Kpthread_cond_t[m[K’
[1m[90m[DEBUG][39m[0m:   	   28 | #define PyCOND_T [01;31m[Kpthread_cond_t[m[K
[1m[90m[DEBUG][39m[0m:   	      |                  [01;31m[K^~~~~~~~~~~~~~[m[K
[1m[90m[DEBUG][39m[0m:   	[01m[K/mnt/c/Users/maxi-/OneDrive/Desktop/app_codigo/EncryptorApp/.buildozer/android/platform/build-arm64-v8a_armeabi-v7a/build/other_builds/hostpython3/desktop/hostpython3/Include/internal/pycore_gil.h:42:5:[m[K [01;36m[Knote: [m[Kin expansion of macro ‘[01m[KPyCOND_T[m[K’
[1m[90m[DEBUG][39m[0m:   	   42 |     [01;36m[KPyCOND_T[m[K switch_cond;
[1m[90m[DEBUG][39m[0m:   	      |     [01;36m[K^~~~~~~~[m[K
[1m[90m[DEBUG][39m[0m:   	[01m[K/mnt/c/Users/maxi-/OneDrive/Desktop/app_codigo/EncryptorApp/.buildozer/android/platform/build-arm64-v8a_armeabi-v7a/build/other_builds/hostpython3/desktop/hostpython3/Include/internal/pycore_condvar.h:27:19:[m[K [01;31m[Kerror: [m[Kunknown type name ‘[01m[Kpthread_mutex_t[m[K’
[1m[90m[DEBUG][39m[0m:   	   27 | #define PyMUTEX_T [01;31m[Kpthread_mutex_t[m[K
[1m[90m[DEBUG][39m[0m:   	      |                   [01;31m[K^~~~~~~~~~~~~~~[m[K
[1m[90m[DEBUG][39m[0m:   	[01m[K/mnt/c/Users/maxi-/OneDrive/Desktop/app_codigo/EncryptorApp/.buildozer/android/platform/build-arm64-v8a_armeabi-v7a/build/other_builds/hostpython3/desktop/hostpython3/Include/internal/pycore_gil.h:43:5:[m[K [01;36m[Knote: [m[Kin expansion of macro ‘[01m[KPyMUTEX_T[m[K’
[1m[90m[DEBUG][39m[0m:   	   43 |     [01;36m[KPyMUTEX_T[m[K switch_mutex;
[1m[90m[DEBUG][39m[0m:   	      |     [01;36m[K^~~~~~~~~[m[K
[1m[90m[DEBUG][39m[0m:   	In file included from [01m[K/mnt/c/Users/maxi-/OneDrive/Desktop/app_codigo/EncryptorApp/.buildozer/android/platform/build-arm64-v8a_armeabi-v7a/build/other_builds/hostpython3/desktop/hostpython3/Include/internal/pycore_gil.h:12[m[K,
[1m[90m[DEBUG][39m[0m:   	                 from [01m[K/mnt/c/Users/maxi-/OneDrive/Desktop/app_codigo/EncryptorApp/.buildozer/android/platform/build-arm64-v8a_armeabi-v7a/build/other_builds/hostpython3/desktop/hostpython3/Include/internal/pycore_runtime.h:12[m[K,
[1m[90m[DEBUG][39m[0m:   	                 from [01m[K/mnt/c/Users/maxi-/OneDrive/Desktop/app_codigo/EncryptorApp/.buildozer/android/platform/build-arm64-v8a_armeabi-v7a/build/other_builds/hostpython3/desktop/hostpython3/Include/internal/pycore_pystate.h:11[m[K,
[1m[90m[DEBUG][39m[0m:   	                 from [01m[K/mnt/c/Users/maxi-/OneDrive/Desktop/app_codigo/EncryptorApp/.buildozer/android/platform/build-arm64-v8a_armeabi-v7a/build/other_builds/hostpython3/desktop/hostpython3/Include/internal/pycore_call.h:11[m[K,
[1m[90m[DEBUG][39m[0m:   	                 from [01m[K/mnt/c/Users/maxi-/OneDrive/Desktop/app_codigo/EncryptorApp/.buildozer/android/platform/build-arm64-v8a_armeabi-v7a/build/other_builds/hostpython3/desktop/hostpython3/Objects/abstract.c:5[m[K:
[1m[90m[DEBUG][39m[0m:   	[01m[K/mnt/c/Users/maxi-/OneDrive/Desktop/app_codigo/EncryptorApp/.buildozer/android/platform/build-arm64-v8a_armeabi-v7a/build/other_builds/hostpython3/desktop/hostpython3/Include/internal/pycore_condvar.h:28:18:[m[K [01;31m[Kerror: [m[Kunknown type name ‘[01m[Kpthread_cond_t[m[K’
[1m[90m[DEBUG][39m[0m:   	   28 | #define PyCOND_T [01;31m[Kpthread_cond_t[m[K
[1m[90m[DEBUG][39m[0m:   	      |                  [01;31m[K^~~~~~~~~~~~~~[m[K
[1m[90m[DEBUG][39m[0m:   	[01m[K/mnt/c/Users/maxi-/OneDrive/Desktop/app_codigo/EncryptorApp/.buildozer/android/platform/build-arm64-v8a_armeabi-v7a/build/other_builds/hostpython3/desktop/hostpython3/Include/internal/pycore_gil.h:37:5:[m[K [01;36m[Knote: [m[Kin expansion of macro ‘[01m[KPyCOND_T[m[K’
[1m[90m[DEBUG][39m[0m:   	   37 |     [01;36m[KPyCOND_T[m[K cond;
[1m[90m[DEBUG][39m[0m:   	      |     [01;36m[K^~~~~~~~[m[K
[1m[90m[DEBUG][39m[0m:   	[01m[K/mnt/c/Users/maxi-/OneDrive/Desktop/app_codigo/EncryptorApp/.buildozer/android/platform/build-arm64-v8a_armeabi-v7a/build/other_builds/hostpython3/desktop/hostpython3/Include/internal/pycore_condvar.h:27:19:[m[K [01;31m[Kerror: [m[Kunknown type name ‘[01m[Kpthread_mutex_t[m[K’
[1m[90m[DEBUG][39m[0m:   	   27 | #define PyMUTEX_T [01;31m[Kpthread_mutex_t[m[K
[1m[90m[DEBUG][39m[0m:   	      |                   [01;31m[K^~~~~~~~~~~~~~~[m[K
[1m[90m[DEBUG][39m[0m:   	[01m[K/mnt/c/Users/maxi-/OneDrive/Desktop/app_codigo/EncryptorApp/.buildozer/android/platform/build-arm64-v8a_armeabi-v7a/build/other_builds/hostpython3/desktop/hostpython3/Include/internal/pycore_gil.h:38:5:[m[K [01;36m[Knote: [m[Kin expansion of macro ‘[01m[KPyMUTEX_T[m[K’
[1m[90m[DEBUG][39m[0m:   	   38 |     [01;36m[KPyMUTEX_T[m[K mutex;
[1m[90m[DEBUG][39m[0m:   	      |     [01;36m[K^~~~~~~~~[m[K
[1m[90m[DEBUG][39m[0m:   	[01m[K/mnt/c/Users/maxi-/OneDrive/Desktop/app_codigo/EncryptorApp/.buildozer/android/platform/build-arm64-v8a_armeabi-v7a/build/other_builds/hostpython3/desktop/hostpython3/Include/internal/pycore_condvar.h:28:18:[m[K [01;31m[Kerror: [m[Kunknown type name ‘[01m[Kpthread_cond_t[m[K’
[1m[90m[DEBUG][39m[0m:   	   28 | #define PyCOND_T [01;31m[Kpthread_cond_t[m[K
[1m[90m[DEBUG][39m[0m:   	      |                  [01;31m[K^~~~~~~~~~~~~~[m[K
[1m[90m[DEBUG][39m[0m:   	[01m[K/mnt/c/Users/maxi-/OneDrive/Desktop/app_codigo/EncryptorApp/.buildozer/android/platform/build-arm64-v8a_armeabi-v7a/build/other_builds/hostpython3/desktop/hostpython3/Include/internal/pycore_gil.h:42:5:[m[K [01;36m[Knote: [m[Kin expansion of macro ‘[01m[KPyCOND_T[m[K’
[1m[90m[DEBUG][39m[0m:   	   42 |     [01;36m[KPyCOND_T[m[K switch_cond;
[1m[90m[DEBUG][39m[0m:   	      |     [01;36m[K^~~~~~~~[m[K
[1m[90m[DEBUG][39m[0m:   	[01m[K/mnt/c/Users/maxi-/OneDrive/Desktop/app_codigo/EncryptorApp/.buildozer/android/platform/build-arm64-v8a_armeabi-v7a/build/other_builds/hostpython3/desktop/hostpython3/Include/internal/pycore_condvar.h:27:19:[m[K [01;31m[Kerror: [m[Kunknown type name ‘[01m[Kpthread_mutex_t[m[K’
[1m[90m[DEBUG][39m[0m:   	   27 | #define PyMUTEX_T [01;31m[Kpthread_mutex_t[m[K
[1m[90m[DEBUG][39m[0m:   	      |                   [01;31m[K^~~~~~~~~~~~~~~[m[K
[1m[90m[DEBUG][39m[0m:   	[01m[K/mnt/c/Users/maxi-/OneDrive/Desktop/app_codigo/EncryptorApp/.buildozer/android/platform/build-arm64-v8a_armeabi-v7a/build/other_builds/hostpython3/desktop/hostpython3/Include/internal/pycore_gil.h:43:5:[m[K [01;36m[Knote: [m[Kin expansion of macro ‘[01m[KPyMUTEX_T[m[K’
[1m[90m[DEBUG][39m[0m:   	   43 |     [01;36m[KPyMUTEX_T[m[K switch_mutex;
[1m[90m[DEBUG][39m[0m:   	      |     [01;36m[K^~~~~~~~~[m[K
[1m[90m[DEBUG][39m[0m:   	In file included from [01m[K/mnt/c/Users/maxi-/OneDrive/Desktop/app_codigo/EncryptorApp/.buildozer/android/platform/build-arm64-v8a_armeabi-v7a/build/other_builds/hostpython3/desktop/hostpython3/Include/internal/pycore_gil.h:12[m[K,
[1m[90m[DEBUG][39m[0m:   	                 from [01m[K/mnt/c/Users/maxi-/OneDrive/Desktop/app_codigo/EncryptorApp/.buildozer/android/platform/build-arm64-v8a_armeabi-v7a/build/other_builds/hostpython3/desktop/hostpython3/Include/internal/pycore_runtime.h:12[m[K,
[1m[90m[DEBUG][39m[0m:   	                 from [01m[K/mnt/c/Users/maxi-/OneDrive/Desktop/app_codigo/EncryptorApp/.buildozer/android/platform/build-arm64-v8a_armeabi-v7a/build/other_builds/hostpython3/desktop/hostpython3/Include/internal/pycore_pystate.h:11[m[K,
[1m[90m[DEBUG][39m[0m:   	                 from [01m[K/mnt/c/Users/maxi-/OneDrive/Desktop/app_codigo/EncryptorApp/.buildozer/android/platform/build-arm64-v8a_armeabi-v7a/build/other_builds/hostpython3/desktop/hostpython3/Parser/myreadline.c:14[m[K:
[1m[90m[DEBUG][39m[0m:   	[01m[K/mnt/c/Users/maxi-/OneDrive/Desktop/app_codigo/EncryptorApp/.buildozer/android/platform/build-arm64-v8a_armeabi-v7a/build/other_builds/hostpython3/desktop/hostpython3/Include/internal/pycore_condvar.h:28:18:[m[K [01;31m[Kerror: [m[Kunknown type name ‘[01m[Kpthread_cond_t[m[K’
[1m[90m[DEBUG][39m[0m:   	   28 | #define PyCOND_T [01;31m[Kpthread_cond_t[m[K
[1m[90m[DEBUG][39m[0m:   	      |                  [01;31m[K^~~~~~~~~~~~~~[m[K
[1m[90m[DEBUG][39m[0m:   	[01m[K/mnt/c/Users/maxi-/OneDrive/Desktop/app_codigo/EncryptorApp/.buildozer/android/platform/build-arm64-v8a_armeabi-v7a/build/other_builds/hostpython3/desktop/hostpython3/Include/internal/pycore_gil.h:37:5:[m[K [01;36m[Knote: [m[Kin expansion of macro ‘[01m[KPyCOND_T[m[K’
[1m[90m[DEBUG][39m[0m:   	   37 |     [01;36m[KPyCOND_T[m[K cond;
[1m[90m[DEBUG][39m[0m:   	      |     [01;36m[K^~~~~~~~[m[K
[1m[90m[DEBUG][39m[0m:   	[01m[K/mnt/c/Users/maxi-/OneDrive/Desktop/app_codigo/EncryptorApp/.buildozer/android/platform/build-arm64-v8a_armeabi-v7a/build/other_builds/hostpython3/desktop/hostpython3/Include/internal/pycore_condvar.h:27:19:[m[K [01;31m[Kerror: [m[Kunknown type name ‘[01m[Kpthread_mutex_t[m[K’
[1m[90m[DEBUG][39m[0m:   	   27 | #define PyMUTEX_T [01;31m[Kpthread_mutex_t[m[K
[1m[90m[DEBUG][39m[0m:   	      |                   [01;31m[K^~~~~~~~~~~~~~~[m[K
[1m[90m[DEBUG][39m[0m:   	[01m[K/mnt/c/Users/maxi-/OneDrive/Desktop/app_codigo/EncryptorApp/.buildozer/android/platform/build-arm64-v8a_armeabi-v7a/build/other_builds/hostpython3/desktop/hostpython3/Include/internal/pycore_gil.h:38:5:[m[K [01;36m[Knote: [m[Kin expansion of macro ‘[01m[KPyMUTEX_T[m[K’
[1m[90m[DEBUG][39m[0m:   	   38 |     [01;36m[KPyMUTEX_T[m[K mutex;
[1m[90m[DEBUG][39m[0m:   	      |     [01;36m[K^~~~~~~~~[m[K
[1m[90m[DEBUG][39m[0m:   	[01m[K/mnt/c/Users/maxi-/OneDrive/Desktop/app_codigo/EncryptorApp/.buildozer/android/platform/build-arm64-v8a_armeabi-v7a/build/other_builds/hostpython3/desktop/hostpython3/Include/internal/pycore_condvar.h:28:18:[m[K [01;31m[Kerror: [m[Kunknown type name ‘[01m[Kpthread_cond_t[m[K’
[1m[90m[DEBUG][39m[0m:   	   28 | #define PyCOND_T [01;31m[Kpthread_cond_t[m[K
[1m[90m[DEBUG][39m[0m:   	      |                  [01;31m[K^~~~~~~~~~~~~~[m[K
[1m[90m[DEBUG][39m[0m:   	[01m[K/mnt/c/Users/maxi-/OneDrive/Desktop/app_codigo/EncryptorApp/.buildozer/android/platform/build-arm64-v8a_armeabi-v7a/build/other_builds/hostpython3/desktop/hostpython3/Include/internal/pycore_gil.h:42:5:[m[K [01;36m[Knote: [m[Kin expansion of macro ‘[01m[KPyCOND_T[m[K’
[1m[90m[DEBUG][39m[0m:   	   42 |     [01;36m[KPyCOND_T[m[K switch_cond;
[1m[90m[DEBUG][39m[0m:   	      |     [01;36m[K^~~~~~~~[m[K
[1m[90m[DEBUG][39m[0m:   	[01m[K/mnt/c/Users/maxi-/OneDrive/Desktop/app_codigo/EncryptorApp/.buildozer/android/platform/build-arm64-v8a_armeabi-v7a/build/other_builds/hostpython3/desktop/hostpython3/Include/internal/pycore_condvar.h:27:19:[m[K [01;31m[Kerror: [m[Kunknown type name ‘[01m[Kpthread_mutex_t[m[K’
[1m[90m[DEBUG][39m[0m:   	   27 | #define PyMUTEX_T [01;31m[Kpthread_mutex_t[m[K
[1m[90m[DEBUG][39m[0m:   	      |                   [01;31m[K^~~~~~~~~~~~~~~[m[K
[1m[90m[DEBUG][39m[0m:   	[01m[K/mnt/c/Users/maxi-/OneDrive/Desktop/app_codigo/EncryptorApp/.buildozer/android/platform/build-arm64-v8a_armeabi-v7a/build/other_builds/hostpython3/desktop/hostpython3/Include/internal/pycore_gil.h:43:5:[m[K [01;36m[Knote: [m[Kin expansion of macro ‘[01m[KPyMUTEX_T[m[K’
[1m[90m[DEBUG][39m[0m:   	   43 |     [01;36m[KPyMUTEX_T[m[K switch_mutex;
[1m[90m[DEBUG][39m[0m:   	      |     [01;36m[K^~~~~~~~~[m[K
[1m[90m[DEBUG][39m[0m:   	In file included from [01m[K/mnt/c/Users/maxi-/OneDrive/Desktop/app_codigo/EncryptorApp/.buildozer/android/platform/build-arm64-v8a_armeabi-v7a/build/other_builds/hostpython3/desktop/hostpython3/Include/internal/pycore_interp.h:15[m[K,
[1m[90m[DEBUG][39m[0m:   	                 from [01m[K/mnt/c/Users/maxi-/OneDrive/Desktop/app_codigo/EncryptorApp/.buildozer/android/platform/build-arm64-v8a_armeabi-v7a/build/other_builds/hostpython3/desktop/hostpython3/Include/internal/pycore_runtime.h:14[m[K:
[1m[90m[DEBUG][39m[0m:   	[01m[K/mnt/c/Users/maxi-/OneDrive/Desktop/app_codigo/EncryptorApp/.buildozer/android/platform/build-arm64-v8a_armeabi-v7a/build/other_builds/hostpython3/desktop/hostpython3/Include/internal/pycore_code.h:[m[K In function ‘[01m[Kwrite_obj[m[K’:
[1m[90m[DEBUG][39m[0m:   	In file included from [01m[K/mnt/c/Users/maxi-/OneDrive/Desktop/app_codigo/EncryptorApp/.buildozer/android/platform/build-arm64-v8a_armeabi-v7a/build/other_builds/hostpython3/desktop/hostpython3/Include/internal/pycore_interp.h:15[m[K,
[1m[90m[DEBUG][39m[0m:   	                 from [01m[K/mnt/c/Users/maxi-/OneDrive/Desktop/app_codigo/EncryptorApp/.buildozer/android/platform/build-arm64-v8a_armeabi-v7a/build/other_builds/hostpython3/desktop/hostpython3/Include/internal/pycore_runtime.h:14[m[K:
[1m[90m[DEBUG][39m[0m:   	[01m[K/mnt/c/Users/maxi-/OneDrive/Desktop/app_codigo/EncryptorApp/.buildozer/android/platform/build-arm64-v8a_armeabi-v7a/build/other_builds/hostpython3/desktop/hostpython3/Include/internal/pycore_code.h:[m[K In function ‘[01m[Kwrite_obj[m[K’:
[1m[90m[DEBUG][39m[0m:   	[01m[K/mnt/c/Users/maxi-/OneDrive/Desktop/app_codigo/EncryptorApp/.buildozer/android/platform/build-arm64-v8a_armeabi-v7a/build/other_builds/hostpython3/desktop/hostpython3/Include/internal/pycore_code.h:423:6:[m[K [01;31m[Kerror: [m[K#error "SIZEOF_VOID_P must be 4 or 8"
[1m[90m[DEBUG][39m[0m:   	  423 |     #[01;31m[Kerror[m[K "SIZEOF_VOID_P must be 4 or 8"
[1m[90m[DEBUG][39m[0m:   	      |      [01;31m[K^~~~~[m[K
[1m[90m[DEBUG][39m[0m:   	[01m[K/mnt/c/Users/maxi-/OneDrive/Desktop/app_codigo/EncryptorApp/.buildozer/android/platform/build-arm64-v8a_armeabi-v7a/build/other_builds/hostpython3/desktop/hostpython3/Include/internal/pycore_code.h:417:15:[m[K [01;35m[Kwarning: [m[Kunused variable ‘[01m[Kval[m[K’ [[01;35m[K]8;;https://gcc.gnu.org/onlinedocs/gcc/Warning-Options.html#index-Wunused-variable-Wunused-variable]8;;[m[K]
[1m[90m[DEBUG][39m[0m:   	  417 |     uintptr_t [01;35m[Kval[m[K = (uintptr_t)obj;
[1m[90m[DEBUG][39m[0m:   	      |               [01;35m[K^~~[m[K
[1m[90m[DEBUG][39m[0m:   	[01m[K/mnt/c/Users/maxi-/OneDrive/Desktop/app_codigo/EncryptorApp/.buildozer/android/platform/build-arm64-v8a_armeabi-v7a/build/other_builds/hostpython3/desktop/hostpython3/Include/internal/pycore_code.h:[m[K In function ‘[01m[Kread_obj[m[K’:
[1m[90m[DEBUG][39m[0m:   	[01m[K/mnt/c/Users/maxi-/OneDrive/Desktop/app_codigo/EncryptorApp/.buildozer/android/platform/build-arm64-v8a_armeabi-v7a/build/other_builds/hostpython3/desktop/hostpython3/Include/internal/pycore_code.h:436:6:[m[K [01;31m[Kerror: [m[K#error "SIZEOF_VOID_P must be 4 or 8"
[1m[90m[DEBUG][39m[0m:   	  436 |     #[01;31m[Kerror[m[K "SIZEOF_VOID_P must be 4 or 8"
[1m[90m[DEBUG][39m[0m:   	      |      [01;31m[K^~~~~[m[K
[1m[90m[DEBUG][39m[0m:   	[01m[K/mnt/c/Users/maxi-/OneDrive/Desktop/app_codigo/EncryptorApp/.buildozer/android/platform/build-arm64-v8a_armeabi-v7a/build/other_builds/hostpython3/desktop/hostpython3/Include/internal/pycore_code.h:423:6:[m[K [01;31m[Kerror: [m[K#error "SIZEOF_VOID_P must be 4 or 8"
[1m[90m[DEBUG][39m[0m:   	  423 |     #[01;31m[Kerror[m[K "SIZEOF_VOID_P must be 4 or 8"
[1m[90m[DEBUG][39m[0m:   	      |      [01;31m[K^~~~~[m[K
[1m[90m[DEBUG][39m[0m:   	[01m[K/mnt/c/Users/maxi-/OneDrive/Desktop/app_codigo/EncryptorApp/.buildozer/android/platform/build-arm64-v8a_armeabi-v7a/build/other_builds/hostpython3/desktop/hostpython3/Include/internal/pycore_code.h:417:15:[m[K [01;35m[Kwarning: [m[Kunused variable ‘[01m[Kval[m[K’ [[01;35m[K]8;;https://gcc.gnu.org/onlinedocs/gcc/Warning-Options.html#index-Wunused-variable-Wunused-variable]8;;[m[K]
[1m[90m[DEBUG][39m[0m:   	  417 |     uintptr_t [01;35m[Kval[m[K = (uintptr_t)obj;
[1m[90m[DEBUG][39m[0m:   	      |               [01;35m[K^~~[m[K
[1m[90m[DEBUG][39m[0m:   	[01m[K/mnt/c/Users/maxi-/OneDrive/Desktop/app_codigo/EncryptorApp/.buildozer/android/platform/build-arm64-v8a_armeabi-v7a/build/other_builds/hostpython3/desktop/hostpython3/Include/internal/pycore_code.h:[m[K In function ‘[01m[Kread_obj[m[K’:
[1m[90m[DEBUG][39m[0m:   	[01m[K/mnt/c/Users/maxi-/OneDrive/Desktop/app_codigo/EncryptorApp/.buildozer/android/platform/build-arm64-v8a_armeabi-v7a/build/other_builds/hostpython3/desktop/hostpython3/Include/internal/pycore_code.h:436:6:[m[K [01;31m[Kerror: [m[K#error "SIZEOF_VOID_P must be 4 or 8"
[1m[90m[DEBUG][39m[0m:   	  436 |     #[01;31m[Kerror[m[K "SIZEOF_VOID_P must be 4 or 8"
[1m[90m[DEBUG][39m[0m:   	      |      [01;31m[K^~~~~[m[K
[1m[90m[DEBUG][39m[0m:   	In file included from [01m[K/mnt/c/Users/maxi-/OneDrive/Desktop/app_codigo/EncryptorApp/.buildozer/android/platform/build-arm64-v8a_armeabi-v7a/build/other_builds/hostpython3/desktop/hostpython3/Include/internal/pycore_interp.h:15[m[K,
[1m[90m[DEBUG][39m[0m:   	                 from [01m[K/mnt/c/Users/maxi-/OneDrive/Desktop/app_codigo/EncryptorApp/.buildozer/android/platform/build-arm64-v8a_armeabi-v7a/build/other_builds/hostpython3/desktop/hostpython3/Include/internal/pycore_runtime.h:14[m[K:
[1m[90m[DEBUG][39m[0m:   	[01m[K/mnt/c/Users/maxi-/OneDrive/Desktop/app_codigo/EncryptorApp/.buildozer/android/platform/build-arm64-v8a_armeabi-v7a/build/other_builds/hostpython3/desktop/hostpython3/Include/internal/pycore_code.h:[m[K In function ‘[01m[Kwrite_obj[m[K’:
[1m[90m[DEBUG][39m[0m:   	In file included from [01m[K/mnt/c/Users/maxi-/OneDrive/Desktop/app_codigo/EncryptorApp/.buildozer/android/platform/build-arm64-v8a_armeabi-v7a/build/other_builds/hostpython3/desktop/hostpython3/Include/internal/pycore_unicodeobject.h:11[m[K,
[1m[90m[DEBUG][39m[0m:   	                 from [01m[K/mnt/c/Users/maxi-/OneDrive/Desktop/app_codigo/EncryptorApp/.buildozer/android/platform/build-arm64-v8a_armeabi-v7a/build/other_builds/hostpython3/desktop/hostpython3/Include/internal/pycore_interp.h:26[m[K:
[1m[90m[DEBUG][39m[0m:   	[01m[K/mnt/c/Users/maxi-/OneDrive/Desktop/app_codigo/EncryptorApp/.buildozer/android/platform/build-arm64-v8a_armeabi-v7a/build/other_builds/hostpython3/desktop/hostpython3/Include/internal/pycore_fileutils.h:[m[K At top level:
[1m[90m[DEBUG][39m[0m:   	[01m[K/mnt/c/Users/maxi-/OneDrive/Desktop/app_codigo/EncryptorApp/.buildozer/android/platform/build-arm64-v8a_armeabi-v7a/build/other_builds/hostpython3/desktop/hostpython3/Include/internal/pycore_code.h:423:6:[m[K [01;31m[Kerror: [m[K#error "SIZEOF_VOID_P must be 4 or 8"
[1m[90m[DEBUG][39m[0m:   	  423 |     #[01;31m[Kerror[m[K "SIZEOF_VOID_P must be 4 or 8"
[1m[90m[DEBUG][39m[0m:   	      |      [01;31m[K^~~~~[m[K
[1m[90m[DEBUG][39m[0m:   	[01m[K/mnt/c/Users/maxi-/OneDrive/Desktop/app_codigo/EncryptorApp/.buildozer/android/platform/build-arm64-v8a_armeabi-v7a/build/other_builds/hostpython3/desktop/hostpython3/Include/internal/pycore_code.h:417:15:[m[K [01;35m[Kwarning: [m[Kunused variable ‘[01m[Kval[m[K’ [[01;35m[K]8;;https://gcc.gnu.org/onlinedocs/gcc/Warning-Options.html#index-Wunused-variable-Wunused-variable]8;;[m[K]
[1m[90m[DEBUG][39m[0m:   	  417 |     uintptr_t [01;35m[Kval[m[K = (uintptr_t)obj;
[1m[90m[DEBUG][39m[0m:   	      |               [01;35m[K^~~[m[K
[1m[90m[DEBUG][39m[0m:   	[01m[K/mnt/c/Users/maxi-/OneDrive/Desktop/app_codigo/EncryptorApp/.buildozer/android/platform/build-arm64-v8a_armeabi-v7a/build/other_builds/hostpython3/desktop/hostpython3/Include/internal/pycore_code.h:[m[K In function ‘[01m[Kread_obj[m[K’:
[1m[90m[DEBUG][39m[0m:   	[01m[K/mnt/c/Users/maxi-/OneDrive/Desktop/app_codigo/EncryptorApp/.buildozer/android/platform/build-arm64-v8a_armeabi-v7a/build/other_builds/hostpython3/desktop/hostpython3/Include/internal/pycore_code.h:436:6:[m[K [01;31m[Kerror: [m[K#error "SIZEOF_VOID_P must be 4 or 8"
[1m[90m[DEBUG][39m[0m:   	  436 |     #[01;31m[Kerror[m[K "SIZEOF_VOID_P must be 4 or 8"
[1m[90m[DEBUG][39m[0m:   	      |      [01;31m[K^~~~~[m[K
[1m[90m[DEBUG][39m[0m:   	[01m[K/mnt/c/Users/maxi-/OneDrive/Desktop/app_codigo/EncryptorApp/.buildozer/android/platform/build-arm64-v8a_armeabi-v7a/build/other_builds/hostpython3/desktop/hostpython3/Include/internal/pycore_fileutils.h:82:27:[m[K [01;35m[Kwarning: [m[K‘[01m[Kstruct stat[m[K’ declared inside parameter list will not be visible outside of this definition or declaration
[1m[90m[DEBUG][39m[0m:   	   82 | #  define _Py_stat_struct [01;35m[Kstat[m[K
[1m[90m[DEBUG][39m[0m:   	      |                           [01;35m[K^~~~[m[K
[1m[90m[DEBUG][39m[0m:   	[01m[K/mnt/c/Users/maxi-/OneDrive/Desktop/app_codigo/EncryptorApp/.buildozer/android/platform/build-arm64-v8a_armeabi-v7a/build/other_builds/hostpython3/desktop/hostpython3/Include/internal/pycore_fileutils.h:87:12:[m[K [01;36m[Knote: [m[Kin expansion of macro ‘[01m[K_Py_stat_struct[m[K’
[1m[90m[DEBUG][39m[0m:   	   87 |     struct [01;36m[K_Py_stat_struct[m[K *status);
[1m[90m[DEBUG][39m[0m:   	      |            [01;36m[K^~~~~~~~~~~~~~~[m[K
[1m[90m[DEBUG][39m[0m:   	[01m[K/mnt/c/Users/maxi-/OneDrive/Desktop/app_codigo/EncryptorApp/.buildozer/android/platform/build-arm64-v8a_armeabi-v7a/build/other_builds/hostpython3/desktop/hostpython3/Include/internal/pycore_fileutils.h:82:27:[m[K [01;35m[Kwarning: [m[K‘[01m[Kstruct stat[m[K’ declared inside parameter list will not be visible outside of this definition or declaration
[1m[90m[DEBUG][39m[0m:   	   82 | #  define _Py_stat_struct [01;35m[Kstat[m[K
[1m[90m[DEBUG][39m[0m:   	      |                           [01;35m[K^~~~[m[K
[1m[90m[DEBUG][39m[0m:   	[01m[K/mnt/c/Users/maxi-/OneDrive/Desktop/app_codigo/EncryptorApp/.buildozer/android/platform/build-arm64-v8a_armeabi-v7a/build/other_builds/hostpython3/desktop/hostpython3/Include/internal/pycore_fileutils.h:91:12:[m[K [01;36m[Knote: [m[Kin expansion of macro ‘[01m[K_Py_stat_struct[m[K’
[1m[90m[DEBUG][39m[0m:   	   91 |     struct [01;36m[K_Py_stat_struct[m[K *status);
[1m[90m[DEBUG][39m[0m:   	      |            [01;36m[K^~~~~~~~~~~~~~~[m[K
[1m[90m[DEBUG][39m[0m:   	[01m[K/mnt/c/Users/maxi-/OneDrive/Desktop/app_codigo/EncryptorApp/.buildozer/android/platform/build-arm64-v8a_armeabi-v7a/build/other_builds/hostpython3/desktop/hostpython3/Include/internal/pycore_fileutils.h:95:12:[m[K [01;35m[Kwarning: [m[K‘[01m[Kstruct stat[m[K’ declared inside parameter list will not be visible outside of this definition or declaration
[1m[90m[DEBUG][39m[0m:   	   95 |     struct [01;35m[Kstat[m[K *status);
[1m[90m[DEBUG][39m[0m:   	      |            [01;35m[K^~~~[m[K
[1m[90m[DEBUG][39m[0m:   	[01m[K/mnt/c/Users/maxi-/OneDrive/Desktop/app_codigo/EncryptorApp/.buildozer/android/platform/build-arm64-v8a_armeabi-v7a/build/other_builds/hostpython3/desktop/hostpython3/Include/internal/pycore_fileutils.h:202:35:[m[K [01;35m[Kwarning: [m[K‘[01m[Kstruct stat[m[K’ declared inside parameter list will not be visible outside of this definition or declaration
[1m[90m[DEBUG][39m[0m:   	  202 | _Py_wstat(const wchar_t *, struct [01;35m[Kstat[m[K *);
[1m[90m[DEBUG][39m[0m:   	      |                                   [01;35m[K^~~~[m[K
[1m[90m[DEBUG][39m[0m:   	In file included from [01m[K/mnt/c/Users/maxi-/OneDrive/Desktop/app_codigo/EncryptorApp/.buildozer/android/platform/build-arm64-v8a_armeabi-v7a/build/other_builds/hostpython3/desktop/hostpython3/Include/internal/pycore_unicodeobject.h:11[m[K,
[1m[90m[DEBUG][39m[0m:   	                 from [01m[K/mnt/c/Users/maxi-/OneDrive/Desktop/app_codigo/EncryptorApp/.buildozer/android/platform/build-arm64-v8a_armeabi-v7a/build/other_builds/hostpython3/desktop/hostpython3/Include/internal/pycore_interp.h:26[m[K:
[1m[90m[DEBUG][39m[0m:   	[01m[K/mnt/c/Users/maxi-/OneDrive/Desktop/app_codigo/EncryptorApp/.buildozer/android/platform/build-arm64-v8a_armeabi-v7a/build/other_builds/hostpython3/desktop/hostpython3/Include/internal/pycore_fileutils.h:[m[K At top level:
[1m[90m[DEBUG][39m[0m:   	[01m[K/mnt/c/Users/maxi-/OneDrive/Desktop/app_codigo/EncryptorApp/.buildozer/android/platform/build-arm64-v8a_armeabi-v7a/build/other_builds/hostpython3/desktop/hostpython3/Include/internal/pycore_fileutils.h:82:27:[m[K [01;35m[Kwarning: [m[K‘[01m[Kstruct stat[m[K’ declared inside parameter list will not be visible outside of this definition or declaration
[1m[90m[DEBUG][39m[0m:   	   82 | #  define _Py_stat_struct [01;35m[Kstat[m[K
[1m[90m[DEBUG][39m[0m:   	      |                           [01;35m[K^~~~[m[K
[1m[90m[DEBUG][39m[0m:   	[01m[K/mnt/c/Users/maxi-/OneDrive/Desktop/app_codigo/EncryptorApp/.buildozer/android/platform/build-arm64-v8a_armeabi-v7a/build/other_builds/hostpython3/desktop/hostpython3/Include/internal/pycore_fileutils.h:87:12:[m[K [01;36m[Knote: [m[Kin expansion of macro ‘[01m[K_Py_stat_struct[m[K’
[1m[90m[DEBUG][39m[0m:   	   87 |     struct [01;36m[K_Py_stat_struct[m[K *status);
[1m[90m[DEBUG][39m[0m:   	      |            [01;36m[K^~~~~~~~~~~~~~~[m[K
[1m[90m[DEBUG][39m[0m:   	[01m[K/mnt/c/Users/maxi-/OneDrive/Desktop/app_codigo/EncryptorApp/.buildozer/android/platform/build-arm64-v8a_armeabi-v7a/build/other_builds/hostpython3/desktop/hostpython3/Include/internal/pycore_fileutils.h:82:27:[m[K [01;35m[Kwarning: [m[K‘[01m[Kstruct stat[m[K’ declared inside parameter list will not be visible outside of this definition or declaration
[1m[90m[DEBUG][39m[0m:   	   82 | #  define _Py_stat_struct [01;35m[Kstat[m[K
[1m[90m[DEBUG][39m[0m:   	      |                           [01;35m[K^~~~[m[K
[1m[90m[DEBUG][39m[0m:   	[01m[K/mnt/c/Users/maxi-/OneDrive/Desktop/app_codigo/EncryptorApp/.buildozer/android/platform/build-arm64-v8a_armeabi-v7a/build/other_builds/hostpython3/desktop/hostpython3/Include/internal/pycore_fileutils.h:91:12:[m[K [01;36m[Knote: [m[Kin expansion of macro ‘[01m[K_Py_stat_struct[m[K’
[1m[90m[DEBUG][39m[0m:   	   91 |     struct [01;36m[K_Py_stat_struct[m[K *status);
[1m[90m[DEBUG][39m[0m:   	      |            [01;36m[K^~~~~~~~~~~~~~~[m[K
[1m[90m[DEBUG][39m[0m:   	[01m[K/mnt/c/Users/maxi-/OneDrive/Desktop/app_codigo/EncryptorApp/.buildozer/android/platform/build-arm64-v8a_armeabi-v7a/build/other_builds/hostpython3/desktop/hostpython3/Include/internal/pycore_fileutils.h:95:12:[m[K [01;35m[Kwarning: [m[K‘[01m[Kstruct stat[m[K’ declared inside parameter list will not be visible outside of this definition or declaration
[1m[90m[DEBUG][39m[0m:   	   95 |     struct [01;35m[Kstat[m[K *status);
[1m[90m[DEBUG][39m[0m:   	      |            [01;35m[K^~~~[m[K
[1m[90m[DEBUG][39m[0m:   	[01m[K/mnt/c/Users/maxi-/OneDrive/Desktop/app_codigo/EncryptorApp/.buildozer/android/platform/build-arm64-v8a_armeabi-v7a/build/other_builds/hostpython3/desktop/hostpython3/Parser/myreadline.c:[m[K In function ‘[01m[KPyOS_Readline[m[K’:
[1m[90m[DEBUG][39m[0m:   	[01m[K/mnt/c/Users/maxi-/OneDrive/Desktop/app_codigo/EncryptorApp/.buildozer/android/platform/build-arm64-v8a_armeabi-v7a/build/other_builds/hostpython3/desktop/hostpython3/Parser/myreadline.c:389:18:[m[K [01;31m[Kerror: [m[Kimplicit declaration of function ‘[01m[Kfileno[m[K’ [[01;31m[K]8;;https://gcc.gnu.org/onlinedocs/gcc/Warning-Options.html#index-Wimplicit-function-declaration-Werror=implicit-function-declaration]8;;[m[K]
[1m[90m[DEBUG][39m[0m:   	  389 |     if (!isatty ([01;31m[Kfileno[m[K (sys_stdin)) || !isatty (fileno (sys_stdout)))
[1m[90m[DEBUG][39m[0m:   	      |                  [01;31m[K^~~~~~[m[K
[1m[90m[DEBUG][39m[0m:   	[01m[K/mnt/c/Users/maxi-/OneDrive/Desktop/app_codigo/EncryptorApp/.buildozer/android/platform/build-arm64-v8a_armeabi-v7a/build/other_builds/hostpython3/desktop/hostpython3/Include/internal/pycore_fileutils.h:202:35:[m[K [01;35m[Kwarning: [m[K‘[01m[Kstruct stat[m[K’ declared inside parameter list will not be visible outside of this definition or declaration
[1m[90m[DEBUG][39m[0m:   	  202 | _Py_wstat(const wchar_t *, struct [01;35m[Kstat[m[K *);
[1m[90m[DEBUG][39m[0m:   	      |                                   [01;35m[K^~~~[m[K
[1m[90m[DEBUG][39m[0m:   	cc1: some warnings being treated as errors
[1m[90m[DEBUG][39m[0m:   	In file included from [01m[K/mnt/c/Users/maxi-/OneDrive/Desktop/app_codigo/EncryptorApp/.buildozer/android/platform/build-arm64-v8a_armeabi-v7a/build/other_builds/hostpython3/desktop/hostpython3/Include/internal/pycore_unicodeobject.h:11[m[K,
[1m[90m[DEBUG][39m[0m:   	                 from [01m[K/mnt/c/Users/maxi-/OneDrive/Desktop/app_codigo/EncryptorApp/.buildozer/android/platform/build-arm64-v8a_armeabi-v7a/build/other_builds/hostpython3/desktop/hostpython3/Include/internal/pycore_interp.h:26[m[K:
[1m[90m[DEBUG][39m[0m:   	[01m[K/mnt/c/Users/maxi-/OneDrive/Desktop/app_codigo/EncryptorApp/.buildozer/android/platform/build-arm64-v8a_armeabi-v7a/build/other_builds/hostpython3/desktop/hostpython3/Include/internal/pycore_fileutils.h:[m[K At top level:
[1m[90m[DEBUG][39m[0m:   	[01m[K/mnt/c/Users/maxi-/OneDrive/Desktop/app_codigo/EncryptorApp/.buildozer/android/platform/build-arm64-v8a_armeabi-v7a/build/other_builds/hostpython3/desktop/hostpython3/Include/internal/pycore_fileutils.h:82:27:[m[K [01;35m[Kwarning: [m[K‘[01m[Kstruct stat[m[K’ declared inside parameter list will not be visible outside of this definition or declaration
[1m[90m[DEBUG][39m[0m:   	   82 | #  define _Py_stat_struct [01;35m[Kstat[m[K
[1m[90m[DEBUG][39m[0m:   	      |                           [01;35m[K^~~~[m[K
[1m[90m[DEBUG][39m[0m:   	[01m[K/mnt/c/Users/maxi-/OneDrive/Desktop/app_codigo/EncryptorApp/.buildozer/android/platform/build-arm64-v8a_armeabi-v7a/build/other_builds/hostpython3/desktop/hostpython3/Include/internal/pycore_fileutils.h:87:12:[m[K [01;36m[Knote: [m[Kin expansion of macro ‘[01m[K_Py_stat_struct[m[K’
[1m[90m[DEBUG][39m[0m:   	   87 |     struct [01;36m[K_Py_stat_struct[m[K *status);
[1m[90m[DEBUG][39m[0m:   	      |            [01;36m[K^~~~~~~~~~~~~~~[m[K
[1m[90m[DEBUG][39m[0m:   	[01m[K/mnt/c/Users/maxi-/OneDrive/Desktop/app_codigo/EncryptorApp/.buildozer/android/platform/build-arm64-v8a_armeabi-v7a/build/other_builds/hostpython3/desktop/hostpython3/Include/internal/pycore_fileutils.h:82:27:[m[K [01;35m[Kwarning: [m[K‘[01m[Kstruct stat[m[K’ declared inside parameter list will not be visible outside of this definition or declaration
[1m[90m[DEBUG][39m[0m:   	   82 | #  define _Py_stat_struct [01;35m[Kstat[m[K
[1m[90m[DEBUG][39m[0m:   	      |                           [01;35m[K^~~~[m[K
[1m[90m[DEBUG][39m[0m:   	[01m[K/mnt/c/Users/maxi-/OneDrive/Desktop/app_codigo/EncryptorApp/.buildozer/android/platform/build-arm64-v8a_armeabi-v7a/build/other_builds/hostpython3/desktop/hostpython3/Include/internal/pycore_fileutils.h:91:12:[m[K [01;36m[Knote: [m[Kin expansion of macro ‘[01m[K_Py_stat_struct[m[K’
[1m[90m[DEBUG][39m[0m:   	   91 |     struct [01;36m[K_Py_stat_struct[m[K *status);
[1m[90m[DEBUG][39m[0m:   	      |            [01;36m[K^~~~~~~~~~~~~~~[m[K
[1m[90m[DEBUG][39m[0m:   	[01m[K/mnt/c/Users/maxi-/OneDrive/Desktop/app_codigo/EncryptorApp/.buildozer/android/platform/build-arm64-v8a_armeabi-v7a/build/other_builds/hostpython3/desktop/hostpython3/Include/internal/pycore_fileutils.h:95:12:[m[K [01;35m[Kwarning: [m[K‘[01m[Kstruct stat[m[K’ declared inside parameter list will not be visible outside of this definition or declaration
[1m[90m[DEBUG][39m[0m:   	   95 |     struct [01;35m[Kstat[m[K *status);
[1m[90m[DEBUG][39m[0m:   	      |            [01;35m[K^~~~[m[K
[1m[90m[DEBUG][39m[0m:   	make: *** [Makefile:2486: Parser/myreadline.o] Error 1
[1m[90m[DEBUG][39m[0m:   	[01m[K/mnt/c/Users/maxi-/OneDrive/Desktop/app_codigo/EncryptorApp/.buildozer/android/platform/build-arm64-v8a_armeabi-v7a/build/other_builds/hostpython3/desktop/hostpython3/Include/internal/pycore_fileutils.h:202:35:[m[K [01;35m[Kwarning: [m[K‘[01m[Kstruct stat[m[K’ declared inside parameter list will not be visible outside of this definition or declaration
[1m[90m[DEBUG][39m[0m:   	  202 | _Py_wstat(const wchar_t *, struct [01;35m[Kstat[m[K *);
[1m[90m[DEBUG][39m[0m:   	      |                                   [01;35m[K^~~~[m[K
[1m[90m[DEBUG][39m[0m:   	make: *** [Makefile:2486: Parser/pegen.o] Error 1
[1m[90m[DEBUG][39m[0m:   	[01m[K/mnt/c/Users/maxi-/OneDrive/Desktop/app_codigo/EncryptorApp/.buildozer/android/platform/build-arm64-v8a_armeabi-v7a/build/other_builds/hostpython3/desktop/hostpython3/Parser/tokenizer.c:[m[K In function ‘[01m[Kfp_setreadl[m[K’:
[1m[90m[DEBUG][39m[0m:   	[01m[K/mnt/c/Users/maxi-/OneDrive/Desktop/app_codigo/EncryptorApp/.buildozer/android/platform/build-arm64-v8a_armeabi-v7a/build/other_builds/hostpython3/desktop/hostpython3/Parser/tokenizer.c:443:10:[m[K [01;31m[Kerror: [m[Kimplicit declaration of function ‘[01m[Kfileno[m[K’ [[01;31m[K]8;;https://gcc.gnu.org/onlinedocs/gcc/Warning-Options.html#index-Wimplicit-function-declaration-Werror=implicit-function-declaration]8;;[m[K]
[1m[90m[DEBUG][39m[0m:   	  443 |     fd = [01;31m[Kfileno[m[K(tok->fp);
[1m[90m[DEBUG][39m[0m:   	      |          [01;31m[K^~~~~~[m[K
[1m[90m[DEBUG][39m[0m:   	[01m[K/mnt/c/Users/maxi-/OneDrive/Desktop/app_codigo/EncryptorApp/.buildozer/android/platform/build-arm64-v8a_armeabi-v7a/build/other_builds/hostpython3/desktop/hostpython3/Parser/tokenizer.c:451:20:[m[K [01;31m[Kerror: [m[K‘[01m[Koff_t[m[K’ undeclared (first use in this function)
[1m[90m[DEBUG][39m[0m:   	  451 |         lseek(fd, ([01;31m[Koff_t[m[K)(pos > 0 ? pos - 1 : pos), SEEK_SET) == (off_t)-1) {
[1m[90m[DEBUG][39m[0m:   	      |                    [01;31m[K^~~~~[m[K
[1m[90m[DEBUG][39m[0m:   	[01m[K/mnt/c/Users/maxi-/OneDrive/Desktop/app_codigo/EncryptorApp/.buildozer/android/platform/build-arm64-v8a_armeabi-v7a/build/other_builds/hostpython3/desktop/hostpython3/Parser/tokenizer.c:451:20:[m[K [01;36m[Knote: [m[Keach undeclared identifier is reported only once for each function it appears in
[1m[90m[DEBUG][39m[0m:   	[01m[K/mnt/c/Users/maxi-/OneDrive/Desktop/app_codigo/EncryptorApp/.buildozer/android/platform/build-arm64-v8a_armeabi-v7a/build/other_builds/hostpython3/desktop/hostpython3/Parser/tokenizer.c:[m[K In function ‘[01m[Kfdopen_borrow[m[K’:
[1m[90m[DEBUG][39m[0m:   	[01m[K/mnt/c/Users/maxi-/OneDrive/Desktop/app_codigo/EncryptorApp/.buildozer/android/platform/build-arm64-v8a_armeabi-v7a/build/other_builds/hostpython3/desktop/hostpython3/Parser/tokenizer.c:2173:12:[m[K [01;31m[Kerror: [m[Kimplicit declaration of function ‘[01m[Kfdopen[m[K’; did you mean ‘[01m[Kfopen[m[K’? [[01;31m[K]8;;https://gcc.gnu.org/onlinedocs/gcc/Warning-Options.html#index-Wimplicit-function-declaration-Werror=implicit-function-declaration]8;;[m[K]
[1m[90m[DEBUG][39m[0m:   	 2173 |     return [01;31m[Kfdopen[m[K(fd, "r");
[1m[90m[DEBUG][39m[0m:   	      |            [01;31m[K^~~~~~[m[K
[1m[90m[DEBUG][39m[0m:   	      |            [32m[Kfopen[m[K
[1m[90m[DEBUG][39m[0m:   	[01m[K/mnt/c/Users/maxi-/OneDrive/Desktop/app_codigo/EncryptorApp/.buildozer/android/platform/build-arm64-v8a_armeabi-v7a/build/other_builds/hostpython3/desktop/hostpython3/Parser/tokenizer.c:2173:12:[m[K [01;35m[Kwarning: [m[Kreturning ‘[01m[Kint[m[K’ from a function with return type ‘[01m[KFILE *[m[K’ makes pointer from integer without a cast [[01;35m[K]8;;https://gcc.gnu.org/onlinedocs/gcc/Warning-Options.html#index-Wint-conversion-Wint-conversion]8;;[m[K]
[1m[90m[DEBUG][39m[0m:   	 2173 |     return [01;35m[Kfdopen(fd, "r")[m[K;
[1m[90m[DEBUG][39m[0m:   	      |            [01;35m[K^~~~~~~~~~~~~~~[m[K
[1m[90m[DEBUG][39m[0m:   	cc1: some warnings being treated as errors
[1m[90m[DEBUG][39m[0m:   	make: *** [Makefile:2486: Objects/abstract.o] Error 1
[1m[90m[DEBUG][39m[0m:   	make: *** [Makefile:2486: Parser/tokenizer.o] Error 1
[1m[90m[DEBUG][39m[0m:   	make: *** [Makefile:2486: Parser/parser.o] Error 1
[1m[90m[DEBUG][39m[0m:   	make: Leaving directory '/mnt/c/Users/maxi-/OneDrive/Desktop/app_codigo/EncryptorApp/.buildozer/android/platform/build-arm64-v8a_armeabi-v7a/build/other_builds/hostpython3/desktop/hostpython3/native-build'
Exception in thread background thread for pid 43011:
Traceback (most recent call last):
  File "/usr/lib/python3.12/threading.py", line 1073, in _bootstrap_inner
    self.run()
  File "/usr/lib/python3.12/threading.py", line 1010, in run
    self._target(*self._args, **self._kwargs)
  File "/mnt/c/Users/maxi-/OneDrive/Desktop/app_codigo/EncryptorApp/.venv/lib/python3.12/site-packages/sh.py", line 1641, in wrap
    fn(*rgs, **kwargs)
  File "/mnt/c/Users/maxi-/OneDrive/Desktop/app_codigo/EncryptorApp/.venv/lib/python3.12/site-packages/sh.py", line 2569, in background_thread
    handle_exit_code(exit_code)
  File "/mnt/c/Users/maxi-/OneDrive/Desktop/app_codigo/EncryptorApp/.venv/lib/python3.12/site-packages/sh.py", line 2269, in fn
    return self.command.handle_command_exit_code(exit_code)
           ^^^^^^^^^^^^^^^^^^^^^^^^^^^^^^^^^^^^^^^^^^^^^^^^
  File "/mnt/c/Users/maxi-/OneDrive/Desktop/app_codigo/EncryptorApp/.venv/lib/python3.12/site-packages/sh.py", line 869, in handle_command_exit_code
    raise exc
sh.ErrorReturnCode_2: 

  RAN: /usr/bin/make -j 12 -C /mnt/c/Users/maxi-/OneDrive/Desktop/app_codigo/EncryptorApp/.buildozer/android/platform/build-arm64-v8a_armeabi-v7a/build/other_builds/hostpython3/desktop/hostpython3/native-build

  STDOUT:
make: Entering directory '/mnt/c/Users/maxi-/OneDrive/Desktop/app_codigo/EncryptorApp/.buildozer/android/platform/build-arm64-v8a_armeabi-v7a/build/other_builds/hostpython3/desktop/hostpython3/native-build'
gcc -c -Wsign-compare -DNDEBUG -g -fwrapv -O3 -Wall    -std=c11 -Wextra -Wno-unused-parameter -Wno-missing-field-initializers -Werror=implicit-function-declaration -fvisibility=hidden  -I/mnt/c/Users/maxi-/OneDrive/Desktop/app_codigo/EncryptorApp/.buildozer/android/platform/build-arm64-v8a_armeabi-v7a/build/other_builds/hostpython3/desktop/hostpython3/Include/internal -IObjects -IInclude -IPython -I. -I/mnt/c/Users/maxi-/OneDrive/Desktop/app_codigo/EncryptorApp/.buildozer/android/platform/build-arm64-v8a_armeabi-v7a/build/other_builds/hostpython3/desktop/hostpython3/Include    -DPy_BUILD_CORE -o Programs/python.o /mnt/c/Users/maxi-/OneDrive/Desktop/app_codigo/EncryptorApp/.buildozer/android/platform/build-arm64-v8a_armeabi-v7a/build/other_builds/hostpython3/desktop/hostpython3/Programs/python.c
gcc -c -Wsign-compare -DNDEBUG -g -fwrapv -O3 -Wall    -std=c11 -Wextra -Wno-unused-parameter -Wno-missing-field-initializers -Werror=implicit-function-declaration -fvisibility=hidden  -I/mnt/c/Users/maxi-/OneDrive/Desktop/app_codigo/EncryptorApp/.buildozer/android/platform/build-arm64-v8a_armeabi-v7a/build/other_builds/hostpython3/desktop/hostpython3/Include/internal -IObjects -IInclude -IPython -I. -I/mnt/c/Users/maxi-/OneDrive/Desktop/app_codigo/EncryptorApp/.buildozer/android/platform/build-arm64-v8a_armeabi-v7a/build/other_builds/hostpython3/desktop/hostpython3/Include    -DPy_BUILD_CORE -o Parser/token.o /mnt/c/Users/maxi-/OneDrive/Desktop/app_codigo/EncryptorApp/.buildozer/android/platform/build-arm64-v8a_armeabi-v7a/build/other_builds/hostpython3/desktop/hostpython3/Parser/token.c
gcc -c -Wsign-compare -DNDEBUG -g -fwrapv -O3 -Wall    -std=c11 -Wextra -Wno-unused-parameter -Wno-missing-field-initializers -Werror=implicit-function-declaration -fvisibility=hidden  -I/mnt/c/Users/maxi-/OneDrive/Desktop/app_codigo/EncryptorApp/.buildozer/android/platform/build-arm64-v8a_armeabi-v7a/build/other_builds/hostpython3/desktop/hostpython3/Include/internal -IObjects -IInclude -IPython -I. -I/mnt/c/Users/maxi-/OneDrive/Desktop/app_codigo/EncryptorApp/.buildozer/android/platform/build-arm64-v8a_armeabi-v7a/build/other_builds/hostpython3/desktop/hostpython3/Include    -DPy_BUILD_CORE -o Parser/pegen.o /mnt/c/Users/maxi-/OneDrive/Desktop/app_codigo/EncryptorApp/.buildozer/android/platform/build-arm64-v8a_armeabi-v7a/build/other_builds/hostpython3/desktop/hostpython3/Parser/pegen.c
gcc -c -Wsign-compare -DNDEBUG -g -fwrapv -O3 -Wall    -std=c11 -Wextra -Wno-unused-parameter -Wno-missing-field-initializers -Werror=implicit-function-declaration -fvisibility=hidden  -I/mnt/c/Users/maxi-/OneDrive/Desktop/app_codigo/EncryptorApp/.buildozer/android/platform/build-arm64-v8a_armeabi-v7a/build/other_builds/hostpython3/desktop/hostpython3/Include/internal -IObjects -IInclude -IPython -I. -I/mnt/c/Users/maxi-/OneDrive/Desktop/app_codigo/EncryptorApp/.buildozer/android/platform/build-arm64-v8a_armeabi-v7a/build/other_builds/hostpython3/desktop/hostpython3/Include    -DPy_BUILD_CORE -o Parser/pegen_errors.o /mnt/c/Users/maxi-/OneDrive/Desktop/app_codigo/EncryptorApp/.buildozer/android/platform/build-arm64-v8a_armeabi-v7a/build/other_builds/hostpython3/desktop/hostpython3/Parser/pegen_errors.c
gcc -c -Wsign-compare -DNDEBUG -g -fwrapv -O3 -Wall    -std=c11 -Wextra -Wno-unused-parameter -Wno-missing-field-initializers -Werror=implicit-function-declaration -fvisibility=hidden  -I/mnt/c/Users/maxi-/OneDrive/Desktop/app_codigo/EncryptorApp/.buildozer/android/platform/build-arm64-v8a_armeabi-v7a/build/other_builds/hostpython3/desktop/hostpython3/Include/internal -IObjects -IInclude -IPython -I. -I/mnt/c/Users/maxi-/OneDrive/Desktop/app_codigo/EncryptorApp/.buildozer/android/platform/build-arm64-v8a_armeabi-v7a/build/other_builds/hostpython3/desktop/hostpython3/Include    -DPy_BUILD_CORE -o Parser/action_helpers.o /mnt/c/Users/maxi-/OneDrive/Desktop/app_codigo/EncryptorApp/.buildozer/android/platform/build-arm64-v8a_armeabi-v7a/build/other_builds/hostpython3/desktop/hostpython3/Parser/action_helpers.c
gcc -c -Wsign-compare -DNDEBUG -g -fwrapv -O3 -Wall    -std=c11 -Wextra -Wno-unused-parameter -Wno-missing-field-initializers -Werror=implicit-function-declaration -fvisibility=hidden  -I/mnt/c/Users/maxi-/OneDrive/Desktop/app_codigo/EncryptorApp/.buildozer/android/platform/build-arm64-v8a_armeabi-v7a/build/other_builds/hostpython3/desktop/hostpython3/Include/internal -IObjects -IInclude -IPython -I. -I/mnt/c/Users/maxi-/OneDrive/Desktop/app_codigo/EncryptorApp/.buildozer/android/platform/build-arm64-v8a_armeabi-v7a/build/other_builds/hostpython3/desktop/hostpython3/Include    -DPy_BUILD_CORE -o Parser/parser.o /mnt/c/Users/maxi-/OneDrive/Desktop/app_codigo/EncryptorApp/.buildozer/android/platform/build-arm64-v8a_armeabi-v7a/build/other_builds/hostpython3/desktop/hostpython3/Parser/parser.c
gcc -c -Wsign-compare -DNDEBUG -g -fwrapv -O3 -Wall    -std=c11 -Wextra -Wno-unused-parameter -Wno-missing-field-initializers -Werror=implicit-function-declaration -fvisibility=hidden  -I/mnt/c/Users/maxi-/OneDrive/Desktop/app_codigo/EncryptorApp/.buildozer/android/platform/build-arm64-v8a_armeabi-v7a/build/other_builds/hostpython3/desktop/hostpython3/Include/internal -IObjects -IInclude -IPython -I. -I/mnt/c/Users/maxi-/OneDrive/Desktop/app_codigo/EncryptorApp/.buildozer/android/platform/build-arm64-v8a_armeabi-v7a/build/other_builds/hostpython3/desktop/hostpython3/Include    -DPy_BUILD_CORE -o Parser/string_parser.o /mnt/c/Users/maxi-/OneDrive/Desktop/app_codigo/EncryptorApp/.buildozer/android/platform/build-arm64-v8a_armeabi-v7a/build/other_builds/hostpython3/desktop/hostpython3/Parser/string_parser.c
gcc -c -Wsign-compare -DNDEBUG -g -fwrapv -O3 -Wall    -std=c11 -Wextra -Wno-unused-parameter -Wno-missing-field-initializers -Werror=implicit-function-declaration -fvisibility=hidden  -I/mnt/c/Users/maxi-/OneDrive/Desktop/app_codigo/EncryptorApp/.buildozer/android/platform/build-arm64-v8a_armeabi-v7a/build/other_builds/hostpython3/desktop/hostpython3/Include/internal -IObjects -IInclude -IPython -I. -I/mnt/c/Users/maxi-/OneDrive/Desktop/app_codigo/EncryptorApp/.buildozer/android/platform/build-arm64-v8a_armeabi-v7a/build/other_builds/hostpython3/desktop/hostpython3/Include    -DPy_BUILD_CORE -o Parser/peg_api.o /mnt/c/Users/maxi-/OneDrive/Desktop/app_codigo/EncryptorApp/.buildozer/android/platform/build-arm64-v8a_armeabi-v7a/build/other_builds/hostpython3/desktop/hostpython3/Parser/peg_api.c
gcc -c -Wsign-compare -DNDEBUG -g -fwrapv -O3 -Wall    -std=c11 -Wextra -Wno-unused-parameter -Wno-missing-field-initializers -Werror=implicit-function-declaration -fvisibility=hidden  -I/mnt/c/Users/maxi-/OneDrive/Desktop/app_codigo/EncryptorApp/.buildozer/android/platform/build-arm64-v8a_armeabi-v7a/build/other_builds/hostpython3/desktop/hostpython3/Include/internal -IObjects -IInclude -IPython -I. -I/mnt/c/Users/maxi-/OneDrive/Desktop/app_codigo/EncryptorApp/.buildozer/android/platform/build-arm64-v8a_armeabi-v7a/build/other_builds/hostpython3/desktop/hostpython3/Include    -DPy_BUILD_CORE -o Parser/myreadline.o /mnt/c/Users/maxi-/OneDrive/Desktop/app_codigo/EncryptorApp/.buildozer/android/platform/build-arm64-v8a_armeabi-v7a/build/other_builds/hostpython3/desktop/hostpython3/Parser/myreadline.c
gcc -c -Wsign-compare -DNDEBUG -g -fwrapv -O3 -Wall    -std=c11 -Wextra -Wno-unused-parameter -Wno-missing-field-initializers -Werror=implicit-function-declaration -fvisibility=hidden  -I/mnt/c/Users/maxi-/OneDrive/Desktop/app_codigo/EncryptorApp/.buildozer/android/platform/build-arm64-v8a_armeabi-v7a/build/other_builds/hostpython3/desktop/hostpython3/Include/internal -IObjects -IInclude -IPython -I. -I/mnt/c/Users/maxi-/OneDrive/Desktop/app_codigo/EncryptorApp/.buildozer/android/platform/build-arm64-v8a_armeabi-v7a/build/other_builds/hostpython3/desktop/hostpython3/Include    -DPy_BUILD_CORE -o Parser/tokenizer.o /mnt/c/Users/maxi-/OneDrive/Desktop/app_codigo/EncryptorApp/.buildozer/android/platform/build-arm64-v8a_armeabi-v7a/build/other_builds/hostpython3/desktop/hostpython3/Parser/tokenizer.c
gcc -c -Wsign-compare -DNDEBUG -g -fwrapv -O3 -Wall    -std=c11 -Wextra -Wno-unused-parameter -Wno-missing-field-initializers -Werror=implicit-function-declaration -fvisibility=hidden  -I/mnt/c/Users/maxi-/OneDrive/Desktop/app_codigo/EncryptorApp/.buildozer/android/platform/build-arm64-v8a_armeabi-v7a/build/other_builds/hostpython3/desktop/hostpython3/Include/internal -IObjects -IInclude -IPython -I. -I/mnt/c/Users/maxi-/OneDrive/Desktop/app_codigo/EncryptorApp/.buildozer/android/platform/build-arm64-v8a_armeabi-v7a/build/other_builds/hostpython3/desktop/hostpython3/Include    -DPy_BUILD_CORE -o Objects/abstract.o /mnt/c/Users/maxi-/OneDrive/Desktop/app_codigo/EncryptorApp/.buildozer/android/platform/build-arm64-v8a_armeabi-v7a/build/other_builds/hostpython3/desktop/hostpython3/Objects/abstract.c
gcc -c -Wsign-compare -DNDEBUG -g -fwrapv -O3 -Wall    -std=c11 -Wextra -Wno-unused-parameter -Wno-missing-field-initializers -Werror=implicit-function-declaration -fvisibility=hidden  -I/mnt/c/Users/maxi-/OneDrive/Desktop/app_codigo/EncryptorApp/.buildozer/android/platform/build-arm64-v8a_armeabi-v7a/build/other_builds/hostpython3/desktop/hostpython3/Include/internal -IObjects -IInclude -IPython -I. -I/mnt/c/Users/maxi-/OneDrive/Desktop/app_codigo/EncryptorApp/.buildozer/android/platform/build-arm64-v8a_armeabi-v7a/build/other_builds/hostpython3/desktop/hostpython3/Include    -DPy_BUILD_CORE -o Objects/accu.o /mnt/c/Users/maxi-/OneDrive/Desktop/app_codigo/EncryptorApp/.buildozer/android/platform/build-arm64-v8a_armeabi-v7a/build/other_builds/hostpython3/desktop/hostpython3/Objects/accu.c
In file included from [01m[K/mnt/c/Users/maxi-/OneDrive/Desktop/app_codigo/EncryptorApp/.buildozer/android/platform/build-arm64-v8a_armeabi-v7a/build/other_builds/hostpython3/desktop/hostpython3/Include/Python.h:86[m[K,
                 from [01m[K/mnt/c/Users/maxi-/OneDrive/Desktop/app_codigo/EncryptorApp/.buildozer/android/platform/build-arm64-v8a_armeabi-v7a/build/other_builds/hostpython3/desktop/hostpython3/Parser/token.c:3[m[K:
[01m[K/mnt/c/Users/maxi-/OneDrive/Desktop/app_codigo/EncryptorApp/.buildozer/android/platform/build-arm64-v8a_armeabi-v7a/build/other_builds/hostpython3/desktop/hostpython3/Include/cpython/pytime.h:176:59:[m[K [01;35m[Kwarning: [m[K‘[01m[Kstruct timeval[m[K’ declared inside parameter list will not be visible outside of this definition or declaration
  176 | PyAPI_FUNC(int) _PyTime_FromTimeval(_PyTime_t *tp, struct [01;35m[Ktimeval[m[K *tv);
      |                                                           [01;35m[K^~~~~~~[m[K
[01m[K/mnt/c/Users/maxi-/OneDrive/Desktop/app_codigo/EncryptorApp/.buildozer/android/platform/build-arm64-v8a_armeabi-v7a/build/other_builds/hostpython3/desktop/hostpython3/Include/cpython/pytime.h:184:12:[m[K [01;35m[Kwarning: [m[K‘[01m[Kstruct timeval[m[K’ declared inside parameter list will not be visible outside of this definition or declaration
  184 |     struct [01;35m[Ktimeval[m[K *tv,
      |            [01;35m[K^~~~~~~[m[K
In file included from [01m[K/mnt/c/Users/maxi-/OneDrive/Desktop/app_codigo/EncryptorApp/.buildozer/android/platform/build-arm64-v8a_armeabi-v7a/build/other_builds/hostpython3/desktop/hostpython3/Include/Python.h:86[m[K,
                 from [01m[K/mnt/c/Users/maxi-/OneDrive/Desktop/app_codigo/EncryptorApp/.buildozer/android/platform/build-arm64-v8a_armeabi-v7a/build/other_builds/hostpython3/desktop/hostpython3/Programs/python.c:3[m[K:
[01m[K/mnt/c/Users/maxi-/OneDrive/Desktop/app_codigo/EncryptorApp/.buildozer/android/platform/build-arm64-v8a_armeabi-v7a/build/other_builds/hostpython3/desktop/hostpython3/Include/cpython/pytime.h:176:59:[m[K [01;35m[Kwarning: [m[K‘[01m[Kstruct timeval[m[K’ declared inside parameter list will not be visible outside of this definition or declaration
  176 | PyAPI_FUNC(int) _PyTime_FromTimeval(_PyTime_t *tp, struct [01;35m[Ktimeval[m[K *tv);
      |                                                           [01;35m[K^~~~~~~[m[K
[01m[K/mnt/c/Users/maxi-/OneDrive/Desktop/app_codigo/EncryptorApp/.buildozer/android/platform/build-arm64-v8a_armeabi-v7a/build/other_builds/hostpython3/desktop/hostpython3/Include/cpython/pytime.h:190:12:[m[K [01;35m[Kwarning: [m[K‘[01m[Kstruct timeval[m[K’ declared inside parameter list will not be visible outside of this definition or declaration
  190 |     struct [01;35m[Ktimeval[m[K *tv,
      |            [01;35m[K^~~~~~~[m[K
[01m[K/mnt/c/Users/maxi-/OneDrive/Desktop/app_codigo/EncryptorApp/.buildozer/android/platform/build-arm64-v8a_armeabi-v7a/build/other_builds/hostpython3/desktop/hostpython3/Include/cpython/pytime.h:184:12:[m[K [01;35m[Kwarning: [m[K‘[01m[Kstruct timeval[m[K’ declared inside parameter list will not be visible outside of this definition or declaration
  184 |     struct [01;35m[Ktimeval[m[K *tv,
      |            [01;35m[K^~~~~~~[m[K
[01m[K/mnt/c/Users/maxi-/OneDrive/Desktop/app_codigo/EncryptorApp/.buildozer/android/platform/build-arm64-v8a_armeabi-v7a/build/other_builds/hostpython3/desktop/hostpython3/Include/cpython/pytime.h:190:12:[m[K [01;35m[Kwarning: [m[K‘[01m[Kstruct timeval[m[K’ declared inside parameter list will not be visible outside of this definition or declaration
  190 |     struct [01;35m[Ktimeval[m[K *tv,
      |            [01;35m[K^~~~~~~[m[K
In file included from [01m[K/mnt/c/Users/maxi-/OneDrive/Desktop/app_codigo/EncryptorApp/.buildozer/android/platform/build-arm64-v8a_armeabi-v7a/build/other_builds/hostpython3/desktop/hostpython3/Include/pythread.h:126[m[K,
                 from [01m[K/mnt/c/Users/maxi-/OneDrive/Desktop/app_codigo/EncryptorApp/.buildozer/android/platform/build-arm64-v8a_armeabi-v7a/build/other_builds/hostpython3/desktop/hostpython3/Include/Python.h:89[m[K:
[01m[K/mnt/c/Users/maxi-/OneDrive/Desktop/app_codigo/EncryptorApp/.buildozer/android/platform/build-arm64-v8a_armeabi-v7a/build/other_builds/hostpython3/desktop/hostpython3/Include/cpython/pythread.h:27:5:[m[K [01;31m[Kerror: [m[K#error "Require native threads. See https://bugs.python.org/issue31370"
   27 | #   [01;31m[Kerror[m[K "Require native threads. See https://bugs.python.org/issue31370"
      |     [01;31m[K^~~~~[m[K
[01m[K/mnt/c/Users/maxi-/OneDrive/Desktop/app_codigo/EncryptorApp/.buildozer/android/platform/build-arm64-v8a_armeabi-v7a/build/other_builds/hostpython3/desktop/hostpython3/Include/cpython/pythread.h:36:5:[m[K [01;31m[Kerror: [m[Kunknown type name ‘[01m[KNATIVE_TSS_KEY_T[m[K’
   36 |     [01;31m[KNATIVE_TSS_KEY_T[m[K _key;
      |     [01;31m[K^~~~~~~~~~~~~~~~[m[K
In file included from [01m[K/mnt/c/Users/maxi-/OneDrive/Desktop/app_codigo/EncryptorApp/.buildozer/android/platform/build-arm64-v8a_armeabi-v7a/build/other_builds/hostpython3/desktop/hostpython3/Include/pythread.h:126[m[K,
                 from [01m[K/mnt/c/Users/maxi-/OneDrive/Desktop/app_codigo/EncryptorApp/.buildozer/android/platform/build-arm64-v8a_armeabi-v7a/build/other_builds/hostpython3/desktop/hostpython3/Include/Python.h:89[m[K:
[01m[K/mnt/c/Users/maxi-/OneDrive/Desktop/app_codigo/EncryptorApp/.buildozer/android/platform/build-arm64-v8a_armeabi-v7a/build/other_builds/hostpython3/desktop/hostpython3/Include/cpython/pythread.h:27:5:[m[K [01;31m[Kerror: [m[K#error "Require native threads. See https://bugs.python.org/issue31370"
   27 | #   [01;31m[Kerror[m[K "Require native threads. See https://bugs.python.org/issue31370"
      |     [01;31m[K^~~~~[m[K
[01m[K/mnt/c/Users/maxi-/OneDrive/Desktop/app_codigo/EncryptorApp/.buildozer/android/platform/build-arm64-v8a_armeabi-v7a/build/other_builds/hostpython3/desktop/hostpython3/Include/cpython/pythread.h:36:5:[m[K [01;31m[Kerror: [m[Kunknown type name ‘[01m[KNATIVE_TSS_KEY_T[m[K’
   36 |     [01;31m[KNATIVE_TSS_KEY_T[m[K _key;
      |     [01;31m[K^~~~~~~~~~~~~~~~[m[K
In file included from [01m[K/mnt/c/Users/maxi-/OneDrive/Desktop/app_codigo/EncryptorApp/.buildozer/android/platform/build-arm64-v8a_armeabi-v7a/build/other_builds/hostpython3/desktop/hostpython3/Include/Python.h:86[m[K,
                 from [01m[K/mnt/c/Users/maxi-/OneDrive/Desktop/app_codigo/EncryptorApp/.buildozer/android/platform/build-arm64-v8a_armeabi-v7a/build/other_builds/hostpython3/desktop/hostpython3/Parser/pegen.c:1[m[K:
[01m[K/mnt/c/Users/maxi-/OneDrive/Desktop/app_codigo/EncryptorApp/.buildozer/android/platform/build-arm64-v8a_armeabi-v7a/build/other_builds/hostpython3/desktop/hostpython3/Include/cpython/pytime.h:176:59:[m[K [01;35m[Kwarning: [m[K‘[01m[Kstruct timeval[m[K’ declared inside parameter list will not be visible outside of this definition or declaration
  176 | PyAPI_FUNC(int) _PyTime_FromTimeval(_PyTime_t *tp, struct [01;35m[Ktimeval[m[K *tv);
      |                                                           [01;35m[K^~~~~~~[m[K
[01m[K/mnt/c/Users/maxi-/OneDrive/Desktop/app_codigo/EncryptorApp/.buildozer/android/platform/build-arm64-v8a_armeabi-v7a/build/other_builds/hostpython3/desktop/hostpython3/Include/cpython/pytime.h:184:12:[m[K [01;35m[Kwarning: [m[K‘[01m[Kstruct timeval[m[K’ declared inside parameter list will not be visible outside of this definition or declaration
  184 |     struct [01;35m[Ktimeval[m[K *tv,
      |            [01;35m[K^~~~~~~[m[K
[01m[K/mnt/c/Users/maxi-/OneDrive/Desktop/app_codigo/EncryptorApp/.buildozer/android/platform/build-arm64-v8a_armeabi-v7a/build/other_builds/hostpython3/desktop/hostpython3/Include/cpython/pytime.h:190:12:[m[K [01;35m[Kwarning: [m[K‘[01m[Kstruct timeval[m[K’ declared inside parameter list will not be visible outside of this definition or declaration
  190 |     struct [01;35m[Ktimeval[m[K *tv,
      |            [01;35m[K^~~~~~~[m[K
In file included from [01m[K/mnt/c/Users/maxi-/OneDrive/Desktop/app_codigo/EncryptorApp/.buildozer/android/platform/build-arm64-v8a_armeabi-v7a/build/other_builds/hostpython3/desktop/hostpython3/Include/Python.h:86[m[K,
                 from [01m[K/mnt/c/Users/maxi-/OneDrive/Desktop/app_codigo/EncryptorApp/.buildozer/android/platform/build-arm64-v8a_armeabi-v7a/build/other_builds/hostpython3/desktop/hostpython3/Parser/pegen_errors.c:1[m[K:
[01m[K/mnt/c/Users/maxi-/OneDrive/Desktop/app_codigo/EncryptorApp/.buildozer/android/platform/build-arm64-v8a_armeabi-v7a/build/other_builds/hostpython3/desktop/hostpython3/Include/cpython/pytime.h:176:59:[m[K [01;35m[Kwarning: [m[K‘[01m[Kstruct timeval[m[K’ declared inside parameter list will not be visible outside of this definition or declaration
  176 | PyAPI_FUNC(int) _PyTime_FromTimeval(_PyTime_t *tp, struct [01;35m[Ktimeval[m[K *tv);
      |                                                           [01;35m[K^~~~~~~[m[K
[01m[K/mnt/c/Users/maxi-/OneDrive/Desktop/app_codigo/EncryptorApp/.buildozer/android/platform/build-arm64-v8a_armeabi-v7a/build/other_builds/hostpython3/desktop/hostpython3/Include/cpython/pytime.h:184:12:[m[K [01;35m[Kwarning: [m[K‘[01m[Kstruct timeval[m[K’ declared inside parameter list will not be visible outside of this definition or declaration
  184 |     struct [01;35m[Ktimeval[m[K *tv,
      |            [01;35m[K^~~~~~~[m[K
[01m[K/mnt/c/Users/maxi-/OneDrive/Desktop/app_codigo/EncryptorApp/.buildozer/android/platform/build-arm64-v8a_armeabi-v7a/build/other_builds/hostpython3/desktop/hostpython3/Include/cpython/pytime.h:190:12:[m[K [01;35m[Kwarning: [m[K‘[01m[Kstruct timeval[m[K’ declared inside parameter list will not be visible outside of this definition or declaration
  190 |     struct [01;35m[Ktimeval[m[K *tv,
      |            [01;35m[K^~~~~~~[m[K
In file included from [01m[K/mnt/c/Users/maxi-/OneDrive/Desktop/app_codigo/EncryptorApp/.buildozer/android/platform/build-arm64-v8a_armeabi-v7a/build/other_builds/hostpython3/desktop/hostpython3/Include/Python.h:86[m[K,
                 from [01m[K/mnt/c/Users/maxi-/OneDrive/Desktop/app_codigo/EncryptorApp/.buildozer/android/platform/build-arm64-v8a_armeabi-v7a/build/other_builds/hostpython3/desktop/hostpython3/Parser/peg_api.c:1[m[K:
[01m[K/mnt/c/Users/maxi-/OneDrive/Desktop/app_codigo/EncryptorApp/.buildozer/android/platform/build-arm64-v8a_armeabi-v7a/build/other_builds/hostpython3/desktop/hostpython3/Include/cpython/pytime.h:176:59:[m[K [01;35m[Kwarning: [m[K‘[01m[Kstruct timeval[m[K’ declared inside parameter list will not be visible outside of this definition or declaration
  176 | PyAPI_FUNC(int) _PyTime_FromTimeval(_PyTime_t *tp, struct [01;35m[Ktimeval[m[K *tv);
      |                                                           [01;35m[K^~~~~~~[m[K
[01m[K/mnt/c/Users/maxi-/OneDrive/Desktop/app_codigo/EncryptorApp/.buildozer/android/platform/build-arm64-v8a_armeabi-v7a/build/other_builds/hostpython3/desktop/hostpython3/Include/cpython/pytime.h:184:12:[m[K [01;35m[Kwarning: [m[K‘[01m[Kstruct timeval[m[K’ declared inside parameter list will not be visible outside of this definition or declaration
  184 |     struct [01;35m[Ktimeval[m[K *tv,
      |            [01;35m[K^~~~~~~[m[K
[01m[K/mnt/c/Users/maxi-/OneDrive/Desktop/app_codigo/EncryptorApp/.buildozer/android/platform/build-arm64-v8a_armeabi-v7a/build/other_builds/hostpython3/desktop/hostpython3/Include/cpython/pytime.h:190:12:[m[K [01;35m[Kwarning: [m[K‘[01m[Kstruct timeval[m[K’ declared inside parameter list will not be visible outside of this definition or declaration
  190 |     struct [01;35m[Ktimeval[m[K *tv,
      |            [01;35m[K^~~~~~~[m[K
In file included from [01m[K/mnt/c/Users/maxi-/OneDrive/Desktop/app_codigo/EncryptorApp/.buildozer/android/platform/build-arm64-v8a_armeabi-v7a/build/other_builds/hostpython3/desktop/hostpython3/Include/Python.h:86[m[K,
                 from [01m[K/mnt/c/Users/maxi-/OneDrive/Desktop/app_codigo/EncryptorApp/.buildozer/android/platform/build-arm64-v8a_armeabi-v7a/build/other_builds/hostpython3/desktop/hostpython3/Parser/action_helpers.c:1[m[K:
[01m[K/mnt/c/Users/maxi-/OneDrive/Desktop/app_codigo/EncryptorApp/.buildozer/android/platform/build-arm64-v8a_armeabi-v7a/build/other_builds/hostpython3/desktop/hostpython3/Include/cpython/pytime.h:176:59:[m[K [01;35m[Kwarning: [m[K‘[01m[Kstruct timeval[m[K’ declared inside parameter list will not be visible outside of this definition or declaration
  176 | PyAPI_FUNC(int) _PyTime_FromTimeval(_PyTime_t *tp, struct [01;35m[Ktimeval[m[K *tv);
      |                                                           [01;35m[K^~~~~~~[m[K
[01m[K/mnt/c/Users/maxi-/OneDrive/Desktop/app_codigo/EncryptorApp/.buildozer/android/platform/build-arm64-v8a_armeabi-v7a/build/other_builds/hostpython3/desktop/hostpython3/Include/cpython/pytime.h:184:12:[m[K [01;35m[Kwarning: [m[K‘[01m[Kstruct timeval[m[K’ declared inside parameter list will not be visible outside of this definition or declaration
  184 |     struct [01;35m[Ktimeval[m[K *tv,
      |            [01;35m[K^~~~~~~[m[K
[01m[K/mnt/c/Users/maxi-/OneDrive/Desktop/app_codigo/EncryptorApp/.buildozer/android/platform/build-arm64-v8a_armeabi-v7a/build/other_builds/hostpython3/desktop/hostpython3/Include/cpython/pytime.h:190:12:[m[K [01;35m[Kwarning: [m[K‘[01m[Kstruct timeval[m[K’ declared inside parameter list will not be visible outside of this definition or declaration
  190 |     struct [01;35m[Ktimeval[m[K *tv,
      |            [01;35m[K^~~~~~~[m[K
In file included from [01m[K/mnt/c/Users/maxi-/OneDrive/Desktop/app_codigo/EncryptorApp/.buildozer/android/platform/build-arm64-v8a_armeabi-v7a/build/other_builds/hostpython3/desktop/hostpython3/Include/Python.h:86[m[K,
                 from [01m[K/mnt/c/Users/maxi-/OneDrive/Desktop/app_codigo/EncryptorApp/.buildozer/android/platform/build-arm64-v8a_armeabi-v7a/build/other_builds/hostpython3/desktop/hostpython3/Parser/pegen.h:5[m[K,
                 from [01m[K/mnt/c/Users/maxi-/OneDrive/Desktop/app_codigo/EncryptorApp/.buildozer/android/platform/build-arm64-v8a_armeabi-v7a/build/other_builds/hostpython3/desktop/hostpython3/Parser/parser.c:2[m[K:
[01m[K/mnt/c/Users/maxi-/OneDrive/Desktop/app_codigo/EncryptorApp/.buildozer/android/platform/build-arm64-v8a_armeabi-v7a/build/other_builds/hostpython3/desktop/hostpython3/Include/cpython/pytime.h:176:59:[m[K [01;35m[Kwarning: [m[K‘[01m[Kstruct timeval[m[K’ declared inside parameter list will not be visible outside of this definition or declaration
  176 | PyAPI_FUNC(int) _PyTime_FromTimeval(_PyTime_t *tp, struct [01;35m[Ktimeval[m[K *tv);
      |                                                           [01;35m[K^~~~~~~[m[K
[01m[K/mnt/c/Users/maxi-/OneDrive/Desktop/app_codigo/EncryptorApp/.buildozer/android/platform/build-arm64-v8a_armeabi-v7a/build/other_builds/hostpython3/desktop/hostpython3/Include/cpython/pytime.h:184:12:[m[K [01;35m[Kwarning: [m[K‘[01m[Kstruct timeval[m[K’ declared inside parameter list will not be visible outside of this definition or declaration
  184 |     struct [01;35m[Ktimeval[m[K *tv,
      |            [01;35m[K^~~~~~~[m[K
[01m[K/mnt/c/Users/maxi-/OneDrive/Desktop/app_codigo/EncryptorApp/.buildozer/android/platform/build-arm64-v8a_armeabi-v7a/build/other_builds/hostpython3/desktop/hostpython3/Include/cpython/pytime.h:190:12:[m[K [01;35m[Kwarning: [m[K‘[01m[Kstruct timeval[m[K’ declared inside parameter list will not be visible outside of this definition or declaration
  190 |     struct [01;35m[Ktimeval[m[K *tv,
      |            [01;35m[K^~~~~~~[m[K
In file included from [01m[K/mnt/c/Users/maxi-/OneDrive/Desktop/app_codigo/EncryptorApp/.buildozer/android/platform/build-arm64-v8a_armeabi-v7a/build/other_builds/hostpython3/desktop/hostpython3/Include/pythread.h:126[m[K,
                 from [01m[K/mnt/c/Users/maxi-/OneDrive/Desktop/app_codigo/EncryptorApp/.buildozer/android/platform/build-arm64-v8a_armeabi-v7a/build/other_builds/hostpython3/desktop/hostpython3/Include/Python.h:89[m[K:
[01m[K/mnt/c/Users/maxi-/OneDrive/Desktop/app_codigo/EncryptorApp/.buildozer/android/platform/build-arm64-v8a_armeabi-v7a/build/other_builds/hostpython3/desktop/hostpython3/Include/cpython/pythread.h:27:5:[m[K [01;31m[Kerror: [m[K#error "Require native threads. See https://bugs.python.org/issue31370"
   27 | #   [01;31m[Kerror[m[K "Require native threads. See https://bugs.python.org/issue31370"
      |     [01;31m[K^~~~~[m[K
[01m[K/mnt/c/Users/maxi-/OneDrive/Desktop/app_codigo/EncryptorApp/.buildozer/android/platform/build-arm64-v8a_armeabi-v7a/build/other_builds/hostpython3/desktop/hostpython3/Include/cpython/pythread.h:36:5:[m[K [01;31m[Kerror: [m[Kunknown type name ‘[01m[KNATIVE_TSS_KEY_T[m[K’
   36 |     [01;31m[KNATIVE_TSS_KEY_T[m[K _key;
      |     [01;31m[K^~~~~~~~~~~~~~~~[m[K
In file included from [01m[K/mnt/c/Users/maxi-/OneDrive/Desktop/app_codigo/EncryptorApp/.buildozer/android/platform/build-arm64-v8a_armeabi-v7a/build/other_builds/hostpython3/desktop/hostpython3/Include/pythread.h:126[m[K,
                 from [01m[K/mnt/c/Users/maxi-/OneDrive/Desktop/app_codigo/EncryptorApp/.buildozer/android/platform/build-arm64-v8a_armeabi-v7a/build/other_builds/hostpython3/desktop/hostpython3/Include/Python.h:89[m[K:
[01m[K/mnt/c/Users/maxi-/OneDrive/Desktop/app_codigo/EncryptorApp/.buildozer/android/platform/build-arm64-v8a_armeabi-v7a/build/other_builds/hostpython3/desktop/hostpython3/Include/cpython/pythread.h:27:5:[m[K [01;31m[Kerror: [m[K#error "Require native threads. See https://bugs.python.org/issue31370"
   27 | #   [01;31m[Kerror[m[K "Require native threads. See https://bugs.python.org/issue31370"
      |     [01;31m[K^~~~~[m[K
[01m[K/mnt/c/Users/maxi-/OneDrive/Desktop/app_codigo/EncryptorApp/.buildozer/android/platform/build-arm64-v8a_armeabi-v7a/build/other_builds/hostpython3/desktop/hostpython3/Include/cpython/pythread.h:36:5:[m[K [01;31m[Kerror: [m[Kunknown type name ‘[01m[KNATIVE_TSS_KEY_T[m[K’
   36 |     [01;31m[KNATIVE_TSS_KEY_T[m[K _key;
      |     [01;31m[K^~~~~~~~~~~~~~~~[m[K
In file included from [01m[K/mnt/c/Users/maxi-/OneDrive/Desktop/app_codigo/EncryptorApp/.buildozer/android/platform/build-arm64-v8a_armeabi-v7a/build/other_builds/hostpython3/desktop/hostpython3/Include/pythread.h:126[m[K,
                 from [01m[K/mnt/c/Users/maxi-/OneDrive/Desktop/app_codigo/EncryptorApp/.buildozer/android/platform/build-arm64-v8a_armeabi-v7a/build/other_builds/hostpython3/desktop/hostpython3/Include/Python.h:89[m[K:
[01m[K/mnt/c/Users/maxi-/OneDrive/Desktop/app_codigo/EncryptorApp/.buildozer/android/platform/build-arm64-v8a_armeabi-v7a/build/other_builds/hostpython3/desktop/hostpython3/Include/cpython/pythread.h:27:5:[m[K [01;31m[Kerror: [m[K#error "Require native threads. See https://bugs.python.org/issue31370"
   27 | #   [01;31m[Kerror[m[K "Require native threads. See https://bugs.python.org/issue31370"
      |     [01;31m[K^~~~~[m[K
[01m[K/mnt/c/Users/maxi-/OneDrive/Desktop/app_codigo/EncryptorApp/.buildozer/android/platform/build-arm64-v8a_armeabi-v7a/build/other_builds/hostpython3/desktop/hostpython3/Include/cpython/pythread.h:36:5:[m[K [01;31m[Kerror: [m[Kunknown type name ‘[01m[KNATIVE_TSS_KEY_T[m[K’
   36 |     [01;31m[KNATIVE_TSS_KEY_T[m[K _key;
      |     [01;31m[K^~~~~~~~~~~~~~~~[m[K
In file included from [01m[K/mnt/c/Users/maxi-/OneDrive/Desktop/app_codigo/EncryptorApp/.buildozer/android/platform/build-arm64-v8a_armeabi-v7a/build/other_builds/hostpython3/desktop/hostpython3/Include/pythread.h:126[m[K,
                 from [01m[K/mnt/c/Users/maxi-/OneDrive/Desktop/app_codigo/EncryptorApp/.buildozer/android/platform/build-arm64-v8a_armeabi-v7a/build/other_builds/hostpython3/desktop/hostpython3/Include/Python.h:89[m[K:
[01m[K/mnt/c/Users/maxi-/OneDrive/Desktop/app_codigo/EncryptorApp/.buildozer/android/platform/build-arm64-v8a_armeabi-v7a/build/other_builds/hostpython3/desktop/hostpython3/Include/cpython/pythread.h:27:5:[m[K [01;31m[Kerror: [m[K#error "Require native threads. See https://bugs.python.org/issue31370"
   27 | #   [01;31m[Kerror[m[K "Require native threads. See https://bugs.python.org/issue31370"
      |     [01;31m[K^~~~~[m[K
[01m[K/mnt/c/Users/maxi-/OneDrive/Desktop/app_codigo/EncryptorApp/.buildozer/android/platform/build-arm64-v8a_armeabi-v7a/build/other_builds/hostpython3/desktop/hostpython3/Include/cpython/pythread.h:36:5:[m[K [01;31m[Kerror: [m[Kunknown type name ‘[01m[KNATIVE_TSS_KEY_T[m[K’
   36 |     [01;31m[KNATIVE_TSS_KEY_T[m[K _key;
      |     [01;31m[K^~~~~~~~~~~~~~~~[m[K
In file included from [01m[K/mnt/c/Users/maxi-/OneDrive/Desktop/app_codigo/EncryptorApp/.buildozer/android/platform/build-arm64-v8a_armeabi-v7a/build/other_builds/hostpython3/desktop/hostpython3/Include/pythread.h:126[m[K,
                 from [01m[K/mnt/c/Users/maxi-/OneDrive/Desktop/app_codigo/EncryptorApp/.buildozer/android/platform/build-arm64-v8a_armeabi-v7a/build/other_builds/hostpython3/desktop/hostpython3/Include/Python.h:89[m[K:
[01m[K/mnt/c/Users/maxi-/OneDrive/Desktop/app_codigo/EncryptorApp/.buildozer/android/platform/build-arm64-v8a_armeabi-v7a/build/other_builds/hostpython3/desktop/hostpython3/Include/cpython/pythread.h:27:5:[m[K [01;31m[Kerror: [m[K#error "Require native threads. See https://bugs.python.org/issue31370"
   27 | #   [01;31m[Kerror[m[K "Require native threads. See https://bugs.python.org/issue31370"
      |     [01;31m[K^~~~~[m[K
[01m[K/mnt/c/Users/maxi-/OneDrive/Desktop/app_codigo/EncryptorApp/.buildozer/android/platform/build-arm64-v8a_armeabi-v7a/build/other_builds/hostpython3/desktop/hostpython3/Include/cpython/pythread.h:36:5:[m[K [01;31m[Kerror: [m[Kunknown type name ‘[01m[KNATIVE_TSS_KEY_T[m[K’
   36 |     [01;31m[KNATIVE_TSS_KEY_T[m[K _key;
      |     [01;31m[K^~~~~~~~~~~~~~~~[m[K
In file included from [01m[K/mnt/c/Users/maxi-/OneDrive/Desktop/app_codigo/EncryptorApp/.buildozer/android/platform/build-arm64-v8a_armeabi-v7a/build/other_builds/hostpython3/desktop/hostpython3/Include/Python.h:86[m[K,
                 from [01m[K/mnt/c/Users/maxi-/OneDrive/Desktop/app_codigo/EncryptorApp/.buildozer/android/platform/build-arm64-v8a_armeabi-v7a/build/other_builds/hostpython3/desktop/hostpython3/Parser/string_parser.c:3[m[K:
[01m[K/mnt/c/Users/maxi-/OneDrive/Desktop/app_codigo/EncryptorApp/.buildozer/android/platform/build-arm64-v8a_armeabi-v7a/build/other_builds/hostpython3/desktop/hostpython3/Include/cpython/pytime.h:176:59:[m[K [01;35m[Kwarning: [m[K‘[01m[Kstruct timeval[m[K’ declared inside parameter list will not be visible outside of this definition or declaration
  176 | PyAPI_FUNC(int) _PyTime_FromTimeval(_PyTime_t *tp, struct [01;35m[Ktimeval[m[K *tv);
      |                                                           [01;35m[K^~~~~~~[m[K
[01m[K/mnt/c/Users/maxi-/OneDrive/Desktop/app_codigo/EncryptorApp/.buildozer/android/platform/build-arm64-v8a_armeabi-v7a/build/other_builds/hostpython3/desktop/hostpython3/Include/cpython/pytime.h:184:12:[m[K [01;35m[Kwarning: [m[K‘[01m[Kstruct timeval[m[K’ declared inside parameter list will not be visible outside of this definition or declaration
  184 |     struct [01;35m[Ktimeval[m[K *tv,
      |            [01;35m[K^~~~~~~[m[K
[01m[K/mnt/c/Users/maxi-/OneDrive/Desktop/app_codigo/EncryptorApp/.buildozer/android/platform/build-arm64-v8a_armeabi-v7a/build/other_builds/hostpython3/desktop/hostpython3/Include/cpython/pytime.h:190:12:[m[K [01;35m[Kwarning: [m[K‘[01m[Kstruct timeval[m[K’ declared inside parameter list will not be visible outside of this definition or declaration
  190 |     struct [01;35m[Ktimeval[m[K *tv,
      |            [01;35m[K^~~~~~~[m[K
In file included from [01m[K/mnt/c/Users/maxi-/OneDrive/Desktop/app_codigo/EncryptorApp/.buildozer/android/platform/build-arm64-v8a_armeabi-v7a/build/other_builds/hostpython3/desktop/hostpython3/Include/pythread.h:126[m[K,
                 from [01m[K/mnt/c/Users/maxi-/OneDrive/Desktop/app_codigo/EncryptorApp/.buildozer/android/platform/build-arm64-v8a_armeabi-v7a/build/other_builds/hostpython3/desktop/hostpython3/Include/Python.h:89[m[K:
[01m[K/mnt/c/Users/maxi-/OneDrive/Desktop/app_codigo/EncryptorApp/.buildozer/android/platform/build-arm64-v8a_armeabi-v7a/build/other_builds/hostpython3/desktop/hostpython3/Include/cpython/pythread.h:27:5:[m[K [01;31m[Kerror: [m[K#error "Require native threads. See https://bugs.python.org/issue31370"
   27 | #   [01;31m[Kerror[m[K "Require native threads. See https://bugs.python.org/issue31370"
      |     [01;31m[K^~~~~[m[K
[01m[K/mnt/c/Users/maxi-/OneDrive/Desktop/app_codigo/EncryptorApp/.buildozer/android/platform/build-arm64-v8a_armeabi-v7a/build/other_builds/hostpython3/desktop/hostpython3/Include/cpython/pythread.h:36:5:[m[K [01;31m[Kerror: [m[Kunknown type name ‘[01m[KNATIVE_TSS_KEY_T[m[K’
   36 |     [01;31m[KNATIVE_TSS_KEY_T[m[K _key;
      |     [01;31m[K^~~~~~~~~~~~~~~~[m[K
In file included from [01m[K/mnt/c/Users/maxi-/OneDrive/Desktop/app_codigo/EncryptorApp/.buildozer/android/platform/build-arm64-v8a_armeabi-v7a/build/other_builds/hostpython3/desktop/hostpython3/Include/Python.h:86[m[K,
                 from [01m[K/mnt/c/Users/maxi-/OneDrive/Desktop/app_codigo/EncryptorApp/.buildozer/android/platform/build-arm64-v8a_armeabi-v7a/build/other_builds/hostpython3/desktop/hostpython3/Parser/myreadline.c:12[m[K:
[01m[K/mnt/c/Users/maxi-/OneDrive/Desktop/app_codigo/EncryptorApp/.buildozer/android/platform/build-arm64-v8a_armeabi-v7a/build/other_builds/hostpython3/desktop/hostpython3/Include/cpython/pytime.h:176:59:[m[K [01;35m[Kwarning: [m[K‘[01m[Kstruct timeval[m[K’ declared inside parameter list will not be visible outside of this definition or declaration
  176 | PyAPI_FUNC(int) _PyTime_FromTimeval(_PyTime_t *tp, struct [01;35m[Ktimeval[m[K *tv);
      |                                                           [01;35m[K^~~~~~~[m[K
[01m[K/mnt/c/Users/maxi-/OneDrive/Desktop/app_codigo/EncryptorApp/.buildozer/android/platform/build-arm64-v8a_armeabi-v7a/build/other_builds/hostpython3/desktop/hostpython3/Include/cpython/pytime.h:184:12:[m[K [01;35m[Kwarning: [m[K‘[01m[Kstruct timeval[m[K’ declared inside parameter list will not be visible outside of this definition or declaration
  184 |     struct [01;35m[Ktimeval[m[K *tv,
      |            [01;35m[K^~~~~~~[m[K
[01m[K/mnt/c/Users/maxi-/OneDrive/Desktop/app_codigo/EncryptorApp/.buildozer/android/platform/build-arm64-v8a_armeabi-v7a/build/other_builds/hostpython3/desktop/hostpython3/Include/cpython/pytime.h:190:12:[m[K [01;35m[Kwarning: [m[K‘[01m[Kstruct timeval[m[K’ declared inside parameter list will not be visible outside of this definition or declaration
  190 |     struct [01;35m[Ktimeval[m[K *tv,
      |            [01;35m[K^~~~~~~[m[K
make: *** [Makefile:1372: Programs/python.o] Error 1
make: *** Waiting for unfinished jobs....
make: *** [Makefile:2486: Parser/token.o] Error 1
In file included from [01m[K/mnt/c/Users/maxi-/OneDrive/Desktop/app_codigo/EncryptorApp/.buildozer/android/platform/build-arm64-v8a_armeabi-v7a/build/other_builds/hostpython3/desktop/hostpython3/Include/Python.h:86[m[K,
                 from [01m[K/mnt/c/Users/maxi-/OneDrive/Desktop/app_codigo/EncryptorApp/.buildozer/android/platform/build-arm64-v8a_armeabi-v7a/build/other_builds/hostpython3/desktop/hostpython3/Objects/abstract.c:3[m[K:
[01m[K/mnt/c/Users/maxi-/OneDrive/Desktop/app_codigo/EncryptorApp/.buildozer/android/platform/build-arm64-v8a_armeabi-v7a/build/other_builds/hostpython3/desktop/hostpython3/Include/cpython/pytime.h:176:59:[m[K [01;35m[Kwarning: [m[K‘[01m[Kstruct timeval[m[K’ declared inside parameter list will not be visible outside of this definition or declaration
  176 | PyAPI_FUNC(int) _PyTime_FromTimeval(_PyTime_t *tp, struct [01;35m[Ktimeval[m[K *tv);
      |                                                           [01;35m[K^~~~~~~[m[K
[01m[K/mnt/c/Users/maxi-/OneDrive/Desktop/app_codigo/EncryptorApp/.buildozer/android/platform/build-arm64-v8a_armeabi-v7a/build/other_builds/hostpython3/desktop/hostpython3/Include/cpython/pytime.h:184:12:[m[K [01;35m[Kwarning: [m[K‘[01m[Kstruct timeval[m[K’ declared inside parameter list will not be visible outside of this definition or declaration
  184 |     struct [01;35m[Ktimeval[m[K *tv,
      |            [01;35m[K^~~~~~~[m[K
[01m[K/mnt/c/Users/maxi-/OneDrive/Desktop/app_codigo/EncryptorApp/.buildozer/android/platform/build-arm64-v8a_armeabi-v7a/build/other_builds/hostpython3/desktop/hostpython3/Include/cpython/pytime.h:190:12:[m[K [01;35m[Kwarning: [m[K‘[01m[Kstruct timeval[m[K’ declared inside parameter list will not be visible outside of this definition or declaration
  190 |     struct [01;35m[Ktimeval[m[K *tv,
      |            [01;35m[K^~~~~~~[m[K
In file included from [01m[K/mnt/c/Users/maxi-/OneDrive/Desktop/app_codigo/EncryptorApp/.buildozer/android/platform/build-arm64-v8a_armeabi-v7a/build/other_builds/hostpython3/desktop/hostpython3/Include/Python.h:86[m[K,
                 from [01m[K/mnt/c/Users/maxi-/OneDrive/Desktop/app_codigo/EncryptorApp/.buildozer/android/platform/build-arm64-v8a_armeabi-v7a/build/other_builds/hostpython3/desktop/hostpython3/Parser/tokenizer.c:5[m[K:
[01m[K/mnt/c/Users/maxi-/OneDrive/Desktop/app_codigo/EncryptorApp/.buildozer/android/platform/build-arm64-v8a_armeabi-v7a/build/other_builds/hostpython3/desktop/hostpython3/Include/cpython/pytime.h:176:59:[m[K [01;35m[Kwarning: [m[K‘[01m[Kstruct timeval[m[K’ declared inside parameter list will not be visible outside of this definition or declaration
  176 | PyAPI_FUNC(int) _PyTime_FromTimeval(_PyTime_t *tp, struct [01;35m[Ktimeval[m[K *tv);
      |                                                           [01;35m[K^~~~~~~[m[K
[01m[K/mnt/c/Users/maxi-/OneDrive/Desktop/app_codigo/EncryptorApp/.buildozer/android/platform/build-arm64-v8a_armeabi-v7a/build/other_builds/hostpython3/desktop/hostpython3/Include/cpython/pytime.h:184:12:[m[K [01;35m[Kwarning: [m[K‘[01m[Kstruct timeval[m[K’ declared inside parameter list will not be visible outside of this definition or declaration
  184 |     struct [01;35m[Ktimeval[m[K *tv,
      |            [01;35m[K^~~~~~~[m[K
[01m[K/mnt/c/Users/maxi-/OneDrive/Desktop/app_codigo/EncryptorApp/.buildozer/android/platform/build-arm64-v8a_armeabi-v7a/build/other_builds/hostpython3/desktop/hostpython3/Include/cpython/pytime.h:190:12:[m[K [01;35m[Kwarning: [m[K‘[01m[Kstruct timeval[m[K’ declared inside parameter list will not be visible outside of this definition or declaration
  190 |     struct [01;35m[Ktimeval[m[K *tv,
      |            [01;35m[K^~~~~~~[m[K
In file included from [01m[K/mnt/c/Users/maxi-/OneDrive/Desktop/app_codigo/EncryptorApp/.buildozer/android/platform/build-arm64-v8a_armeabi-v7a/build/other_builds/hostpython3/desktop/hostpython3/Include/Python.h:86[m[K,
                 from [01m[K/mnt/c/Users/maxi-/OneDrive/Desktop/app_codigo/EncryptorApp/.buildozer/android/platform/build-arm64-v8a_armeabi-v7a/build/other_builds/hostpython3/desktop/hostpython3/Objects/accu.c:3[m[K:
[01m[K/mnt/c/Users/maxi-/OneDrive/Desktop/app_codigo/EncryptorApp/.buildozer/android/platform/build-arm64-v8a_armeabi-v7a/build/other_builds/hostpython3/desktop/hostpython3/Include/cpython/pytime.h:176:59:[m[K [01;35m[Kwarning: [m[K‘[01m[Kstruct timeval[m[K’ declared inside parameter list will not be visible outside of this definition or declaration
  176 | PyAPI_FUNC(int) _PyTime_FromTimeval(_PyTime_t *tp, struct [01;35m[Ktimeval[m[K *tv);
      |                                                           [01;35m[K^~~~~~~[m[K
[01m[K/mnt/c/Users/maxi-/OneDrive/Desktop/app_codigo/EncryptorApp/.buildozer/android/platform/build-arm64-v8a_armeabi-v7a/build/other_builds/hostpython3/desktop/hostpython3/Include/cpython/pytime.h:184:12:[m[K [01;35m[Kwarning: [m[K‘[01m[Kstruct timeval[m[K’ declared inside parameter list will not be visible outside of this definition or declaration
  184 |     struct [01;35m[Ktimeval[m[K *tv,
      |            [01;35m[K^~~~~~~[m[K
[01m[K/mnt/c/Users/maxi-/OneDrive/Desktop/app_codigo/EncryptorApp/.buildozer/android/platform/build-arm64-v8a_armeabi-v7a/build/other_builds/hostpython3/desktop/hostpython3/Include/cpython/pytime.h:190:12:[m[K [01;35m[Kwarning: [m[K‘[01m[Kstruct timeval[m[K’ declared inside parameter list will not be visible outside of this definition or declaration
  190 |     struct [01;35m[Ktimeval[m[K *tv,
      |            [01;35m[K^~~~~~~[m[K
In file included from [01m[K/mnt/c/Users/maxi-/OneDrive/Desktop/app_codigo/EncryptorApp/.buildozer/android/platform/build-arm64-v8a_armeabi-v7a/build/other_builds/hostpython3/desktop/hostpython3/Include/pythread.h:126[m[K,
                 from [01m[K/mnt/c/Users/maxi-/OneDrive/Desktop/app_codigo/EncryptorApp/.buildozer/android/platform/build-arm64-v8a_armeabi-v7a/build/other_builds/hostpython3/desktop/hostpython3/Include/Python.h:89[m[K:
[01m[K/mnt/c/Users/maxi-/OneDrive/Desktop/app_codigo/EncryptorApp/.buildozer/android/platform/build-arm64-v8a_armeabi-v7a/build/other_builds/hostpython3/desktop/hostpython3/Include/cpython/pythread.h:27:5:[m[K [01;31m[Kerror: [m[K#error "Require native threads. See https://bugs.python.org/issue31370"
   27 | #   [01;31m[Kerror[m[K "Require native threads. See https://bugs.python.org/issue31370"
      |     [01;31m[K^~~~~[m[K
[01m[K/mnt/c/Users/maxi-/OneDrive/Desktop/app_codigo/EncryptorApp/.buildozer/android/platform/build-arm64-v8a_armeabi-v7a/build/other_builds/hostpython3/desktop/hostpython3/Include/cpython/pythread.h:36:5:[m[K [01;31m[Kerror: [m[Kunknown type name ‘[01m[KNATIVE_TSS_KEY_T[m[K’
   36 |     [01;31m[KNATIVE_TSS_KEY_T[m[K _key;
      |     [01;31m[K^~~~~~~~~~~~~~~~[m[K
In file included from [01m[K/mnt/c/Users/maxi-/OneDrive/Desktop/app_codigo/EncryptorApp/.buildozer/android/platform/build-arm64-v8a_armeabi-v7a/build/other_builds/hostpython3/desktop/hostpython3/Include/pythread.h:126[m[K,
                 from [01m[K/mnt/c/Users/maxi-/OneDrive/Desktop/app_codigo/EncryptorApp/.buildozer/android/platform/build-arm64-v8a_armeabi-v7a/build/other_builds/hostpython3/desktop/hostpython3/Include/Python.h:89[m[K:
[01m[K/mnt/c/Users/maxi-/OneDrive/Desktop/app_codigo/EncryptorApp/.buildozer/android/platform/build-arm64-v8a_armeabi-v7a/build/other_builds/hostpython3/desktop/hostpython3/Include/cpython/pythread.h:27:5:[m[K [01;31m[Kerror: [m[K#error "Require native threads. See https://bugs.python.org/issue31370"
   27 | #   [01;31m[Kerror[m[K "Require native threads. See https://bugs.python.org/issue31370"
      |     [01;31m[K^~~~~[m[K
[01m[K/mnt/c/Users/maxi-/OneDrive/Desktop/app_codigo/EncryptorApp/.buildozer/android/platform/build-arm64-v8a_armeabi-v7a/build/other_builds/hostpython3/desktop/hostpython3/Include/cpython/pythread.h:36:5:[m[K [01;31m[Kerror: [m[Kunknown type name ‘[01m[KNATIVE_TSS_KEY_T[m[K’
   36 |     [01;31m[KNATIVE_TSS_KEY_T[m[K _key;
      |     [01;31m[K^~~~~~~~~~~~~~~~[m[K
In file included from [01m[K/mnt/c/Users/maxi-/OneDrive/Desktop/app_codigo/EncryptorApp/.buildozer/android/platform/build-arm64-v8a_armeabi-v7a/build/other_builds/hostpython3/desktop/hostpython3/Include/pythread.h:126[m[K,
                 from [01m[K/mnt/c/Users/maxi-/OneDrive/Desktop/app_codigo/EncryptorApp/.buildozer/android/platform/build-arm64-v8a_armeabi-v7a/build/other_builds/hostpython3/desktop/hostpython3/Include/Python.h:89[m[K:
[01m[K/mnt/c/Users/maxi-/OneDrive/Desktop/app_codigo/EncryptorApp/.buildozer/android/platform/build-arm64-v8a_armeabi-v7a/build/other_builds/hostpython3/desktop/hostpython3/Include/cpython/pythread.h:27:5:[m[K [01;31m[Kerror: [m[K#error "Require native threads. See https://bugs.python.org/issue31370"
   27 | #   [01;31m[Kerror[m[K "Require native threads. See https://bugs.python.org/issue31370"
      |     [01;31m[K^~~~~[m[K
[01m[K/mnt/c/Users/maxi-/OneDrive/Desktop/app_codigo/EncryptorApp/.buildozer/android/platform/build-arm64-v8a_armeabi-v7a/build/other_builds/hostpython3/desktop/hostpython3/Include/cpython/pythread.h:36:5:[m[K [01;31m[Kerror: [m[Kunknown type name ‘[01m[KNATIVE_TSS_KEY_T[m[K’
   36 |     [01;31m[KNATIVE_TSS_KEY_T[m[K _key;
      |     [01;31m[K^~~~~~~~~~~~~~~~[m[K
In file included from [01m[K/mnt/c/Users/maxi-/OneDrive/Desktop/app_codigo/EncryptorApp/.buildozer/android/platform/build-arm64-v8a_armeabi-v7a/build/other_builds/hostpython3/desktop/hostpython3/Include/pythread.h:126[m[K,
                 from [01m[K/mnt/c/Users/maxi-/OneDrive/Desktop/app_codigo/EncryptorApp/.buildozer/android/platform/build-arm64-v8a_armeabi-v7a/build/other_builds/hostpython3/desktop/hostpython3/Include/Python.h:89[m[K:
[01m[K/mnt/c/Users/maxi-/OneDrive/Desktop/app_codigo/EncryptorApp/.buildozer/android/platform/build-arm64-v8a_armeabi-v7a/build/other_builds/hostpython3/desktop/hostpython3/Include/cpython/pythread.h:27:5:[m[K [01;31m[Kerror: [m[K#error "Require native threads. See https://bugs.python.org/issue31370"
   27 | #   [01;31m[Kerror[m[K "Require native threads. See https://bugs.python.org/issue31370"
      |     [01;31m[K^~~~~[m[K
[01m[K/mnt/c/Users/maxi-/OneDrive/Desktop/app_codigo/EncryptorApp/.buildozer/android/platform/build-arm64-v8a_armeabi-v7a/build/other_builds/hostpython3/desktop/hostpython3/Include/cpython/pythread.h:36:5:[m[K [01;31m[Kerror: [m[Kunknown type name ‘[01m[KNATIVE_TSS_KEY_T[m[K’
   36 |     [01;31m[KNATIVE_TSS_KEY_T[m[K _key;
      |     [01;31m[K^~~~~~~~~~~~~~~~[m[K
make: *** [Makefile:2486: Parser/peg_api.o] Error 1
make: *** [Makefile:2486: Parser/action_helpers.o] Error 1
In file included from [01m[K/mnt/c/Users/maxi-/OneDrive/Desktop/app_codigo/EncryptorApp/.buildozer/android/platform/build-arm64-v8a_armeabi-v7a/build/other_builds/hostpython3/desktop/hostpython3/Include/internal/pycore_gil.h:12[m[K,
                 from [01m[K/mnt/c/Users/maxi-/OneDrive/Desktop/app_codigo/EncryptorApp/.buildozer/android/platform/build-arm64-v8a_armeabi-v7a/build/other_builds/hostpython3/desktop/hostpython3/Include/internal/pycore_runtime.h:12[m[K,
                 from [01m[K/mnt/c/Users/maxi-/OneDrive/Desktop/app_codigo/EncryptorApp/.buildozer/android/platform/build-arm64-v8a_armeabi-v7a/build/other_builds/hostpython3/desktop/hostpython3/Include/internal/pycore_pystate.h:11[m[K,
                 from [01m[K/mnt/c/Users/maxi-/OneDrive/Desktop/app_codigo/EncryptorApp/.buildozer/android/platform/build-arm64-v8a_armeabi-v7a/build/other_builds/hostpython3/desktop/hostpython3/Parser/pegen.c:3[m[K:
[01m[K/mnt/c/Users/maxi-/OneDrive/Desktop/app_codigo/EncryptorApp/.buildozer/android/platform/build-arm64-v8a_armeabi-v7a/build/other_builds/hostpython3/desktop/hostpython3/Include/internal/pycore_condvar.h:28:18:[m[K [01;31m[Kerror: [m[Kunknown type name ‘[01m[Kpthread_cond_t[m[K’
   28 | #define PyCOND_T [01;31m[Kpthread_cond_t[m[K
      |                  [01;31m[K^~~~~~~~~~~~~~[m[K
[01m[K/mnt/c/Users/maxi-/OneDrive/Desktop/app_codigo/EncryptorApp/.buildozer/android/platform/build-arm64-v8a_armeabi-v7a/build/other_builds/hostpython3/desktop/hostpython3/Include/internal/pycore_gil.h:37:5:[m[K [01;36m[Knote: [m[Kin expansion of macro ‘[01m[KPyCOND_T[m[K’
   37 |     [01;36m[KPyCOND_T[m[K cond;
      |     [01;36m[K^~~~~~~~[m[K
[01m[K/mnt/c/Users/maxi-/OneDrive/Desktop/app_codigo/EncryptorApp/.buildozer/android/platform/build-arm64-v8a_armeabi-v7a/build/other_builds/hostpython3/desktop/hostpython3/Include/internal/pycore_condvar.h:27:19:[m[K [01;31m[Kerror: [m[Kunknown type name ‘[01m[Kpthread_mutex_t[m[K’
   27 | #define PyMUTEX_T [01;31m[Kpthread_mutex_t[m[K
      |                   [01;31m[K^~~~~~~~~~~~~~~[m[K
[01m[K/mnt/c/Users/maxi-/OneDrive/Desktop/app_codigo/EncryptorApp/.buildozer/android/platform/build-arm64-v8a_armeabi-v7a/build/other_builds/hostpython3/desktop/hostpython3/Include/internal/pycore_gil.h:38:5:[m[K [01;36m[Knote: [m[Kin expansion of macro ‘[01m[KPyMUTEX_T[m[K’
   38 |     [01;36m[KPyMUTEX_T[m[K mutex;
      |     [01;36m[K^~~~~~~~~[m[K
[01m[K/mnt/c/Users/maxi-/OneDrive/Desktop/app_codigo/EncryptorApp/.buildozer/android/platform/build-arm64-v8a_armeabi-v7a/build/other_builds/hostpython3/desktop/hostpython3/Include/internal/pycore_condvar.h:28:18:[m[K [01;31m[Kerror: [m[Kunknown type name ‘[01m[Kpthread_cond_t[m[K’
   28 | #define PyCOND_T [01;31m[Kpthread_cond_t[m[K
      |                  [01;31m[K^~~~~~~~~~~~~~[m[K
[01m[K/mnt/c/Users/maxi-/OneDrive/Desktop/app_codigo/EncryptorApp/.buildozer/android/platform/build-arm64-v8a_armeabi-v7a/build/other_builds/hostpython3/desktop/hostpython3/Include/internal/pycore_gil.h:42:5:[m[K [01;36m[Knote: [m[Kin expansion of macro ‘[01m[KPyCOND_T[m[K’
   42 |     [01;36m[KPyCOND_T[m[K switch_cond;
      |     [01;36m[K^~~~~~~~[m[K
[01m[K/mnt/c/Users/maxi-/OneDrive/Desktop/app_codigo/EncryptorApp/.buildozer/android/platform/build-arm64-v8a_armeabi-v7a/build/other_builds/hostpython3/desktop/hostpython3/Include/internal/pycore_condvar.h:27:19:[m[K [01;31m[Kerror: [m[Kunknown type name ‘[01m[Kpthread_mutex_t[m[K’
   27 | #define PyMUTEX_T [01;31m[Kpthread_mutex_t[m[K
      |                   [01;31m[K^~~~~~~~~~~~~~~[m[K
[01m[K/mnt/c/Users/maxi-/OneDrive/Desktop/app_codigo/EncryptorApp/.buildozer/android/platform/build-arm64-v8a_armeabi-v7a/build/other_builds/hostpython3/desktop/hostpython3/Include/internal/pycore_gil.h:43:5:[m[K [01;36m[Knote: [m[Kin expansion of macro ‘[01m[KPyMUTEX_T[m[K’
   43 |     [01;36m[KPyMUTEX_T[m[K switch_mutex;
      |     [01;36m[K^~~~~~~~~[m[K
make: *** [Makefile:2486: Parser/pegen_errors.o] Error 1
In file included from [01m[K/mnt/c/Users/maxi-/OneDrive/Desktop/app_codigo/EncryptorApp/.buildozer/android/platform/build-arm64-v8a_armeabi-v7a/build/other_builds/hostpython3/desktop/hostpython3/Include/internal/pycore_interp.h:15[m[K,
                 from [01m[K/mnt/c/Users/maxi-/OneDrive/Desktop/app_codigo/EncryptorApp/.buildozer/android/platform/build-arm64-v8a_armeabi-v7a/build/other_builds/hostpython3/desktop/hostpython3/Include/internal/pycore_runtime.h:14[m[K:
[01m[K/mnt/c/Users/maxi-/OneDrive/Desktop/app_codigo/EncryptorApp/.buildozer/android/platform/build-arm64-v8a_armeabi-v7a/build/other_builds/hostpython3/desktop/hostpython3/Include/internal/pycore_code.h:[m[K In function ‘[01m[Kwrite_obj[m[K’:
In file included from [01m[K/mnt/c/Users/maxi-/OneDrive/Desktop/app_codigo/EncryptorApp/.buildozer/android/platform/build-arm64-v8a_armeabi-v7a/build/other_builds/hostpython3/desktop/hostpython3/Parser/myreadline.c:13[m[K:
[01m[K/mnt/c/Users/maxi-/OneDrive/Desktop/app_codigo/EncryptorApp/.buildozer/android/platform/build-arm64-v8a_armeabi-v7a/build/other_builds/hostpython3/desktop/hostpython3/Include/internal/pycore_fileutils.h:82:27:[m[K [01;35m[Kwarning: [m[K‘[01m[Kstruct stat[m[K’ declared inside parameter list will not be visible outside of this definition or declaration
   82 | #  define _Py_stat_struct [01;35m[Kstat[m[K
      |                           [01;35m[K^~~~[m[K
[01m[K/mnt/c/Users/maxi-/OneDrive/Desktop/app_codigo/EncryptorApp/.buildozer/android/platform/build-arm64-v8a_armeabi-v7a/build/other_builds/hostpython3/desktop/hostpython3/Include/internal/pycore_fileutils.h:87:12:[m[K [01;36m[Knote: [m[Kin expansion of macro ‘[01m[K_Py_stat_struct[m[K’
   87 |     struct [01;36m[K_Py_stat_struct[m[K *status);
      |            [01;36m[K^~~~~~~~~~~~~~~[m[K
[01m[K/mnt/c/Users/maxi-/OneDrive/Desktop/app_codigo/EncryptorApp/.buildozer/android/platform/build-arm64-v8a_armeabi-v7a/build/other_builds/hostpython3/desktop/hostpython3/Include/internal/pycore_fileutils.h:82:27:[m[K [01;35m[Kwarning: [m[K‘[01m[Kstruct stat[m[K’ declared inside parameter list will not be visible outside of this definition or declaration
   82 | #  define _Py_stat_struct [01;35m[Kstat[m[K
      |                           [01;35m[K^~~~[m[K
[01m[K/mnt/c/Users/maxi-/OneDrive/Desktop/app_codigo/EncryptorApp/.buildozer/android/platform/build-arm64-v8a_armeabi-v7a/build/other_builds/hostpython3/desktop/hostpython3/Include/internal/pycore_fileutils.h:91:12:[m[K [01;36m[Knote: [m[Kin expansion of macro ‘[01m[K_Py_stat_struct[m[K’
   91 |     struct [01;36m[K_Py_stat_struct[m[K *status);
      |            [01;36m[K^~~~~~~~~~~~~~~[m[K
[01m[K/mnt/c/Users/maxi-/OneDrive/Desktop/app_codigo/EncryptorApp/.buildozer/android/platform/build-arm64-v8a_armeabi-v7a/build/other_builds/hostpython3/desktop/hostpython3/Include/internal/pycore_fileutils.h:95:12:[m[K [01;35m[Kwarning: [m[K‘[01m[Kstruct stat[m[K’ declared inside parameter list will not be visible outside of this definition or declaration
   95 |     struct [01;35m[Kstat[m[K *status);
      |            [01;35m[K^~~~[m[K
[01m[K/mnt/c/Users/maxi-/OneDrive/Desktop/app_codigo/EncryptorApp/.buildozer/android/platform/build-arm64-v8a_armeabi-v7a/build/other_builds/hostpython3/desktop/hostpython3/Include/internal/pycore_code.h:423:6:[m[K [01;31m[Kerror: [m[K#error "SIZEOF_VOID_P must be 4 or 8"
  423 |     #[01;31m[Kerror[m[K "SIZEOF_VOID_P must be 4 or 8"
      |      [01;31m[K^~~~~[m[K
[01m[K/mnt/c/Users/maxi-/OneDrive/Desktop/app_codigo/EncryptorApp/.buildozer/android/platform/build-arm64-v8a_armeabi-v7a/build/other_builds/hostpython3/desktop/hostpython3/Include/internal/pycore_code.h:417:15:[m[K [01;35m[Kwarning: [m[Kunused variable ‘[01m[Kval[m[K’ [[01;35m[K]8;;https://gcc.gnu.org/onlinedocs/gcc/Warning-Options.html#index-Wunused-variable-Wunused-variable]8;;[m[K]
  417 |     uintptr_t [01;35m[Kval[m[K = (uintptr_t)obj;
      |               [01;35m[K^~~[m[K
[01m[K/mnt/c/Users/maxi-/OneDrive/Desktop/app_codigo/EncryptorApp/.buildozer/android/platform/build-arm64-v8a_armeabi-v7a/build/other_builds/hostpython3/desktop/hostpython3/Include/internal/pycore_fileutils.h:202:35:[m[K [01;35m[Kwarning: [m[K‘[01m[Kstruct stat[m[K’ declared inside parameter list will not be visible outside of this definition or declaration
  202 | _Py_wstat(const wchar_t *, struct [01;35m[Kstat[m[K *);
      |                                   [01;35m[K^~~~[m[K
[01m[K/mnt/c/Users/maxi-/OneDrive/Desktop/app_codigo/EncryptorApp/.buildozer/android/platform/build-arm64-v8a_armeabi-v7a/build/other_builds/hostpython3/desktop/hostpython3/Include/internal/pycore_code.h:[m[K In function ‘[01m[Kread_obj[m[K’:
[01m[K/mnt/c/Users/maxi-/OneDrive/Desktop/app_codigo/EncryptorApp/.buildozer/android/platform/build-arm64-v8a_armeabi-v7a/build/other_builds/hostpython3/desktop/hostpython3/Include/internal/pycore_code.h:436:6:[m[K [01;31m[Kerror: [m[K#error "SIZEOF_VOID_P must be 4 or 8"
  436 |     #[01;31m[Kerror[m[K "SIZEOF_VOID_P must be 4 or 8"
      |      [01;31m[K^~~~~[m[K
make: *** [Makefile:2486: Objects/accu.o] Error 1
make: *** [Makefile:2486: Parser/string_parser.o] Error 1
In file included from [01m[K/mnt/c/Users/maxi-/OneDrive/Desktop/app_codigo/EncryptorApp/.buildozer/android/platform/build-arm64-v8a_armeabi-v7a/build/other_builds/hostpython3/desktop/hostpython3/Include/internal/pycore_gil.h:12[m[K,
                 from [01m[K/mnt/c/Users/maxi-/OneDrive/Desktop/app_codigo/EncryptorApp/.buildozer/android/platform/build-arm64-v8a_armeabi-v7a/build/other_builds/hostpython3/desktop/hostpython3/Include/internal/pycore_runtime.h:12[m[K,
                 from [01m[K/mnt/c/Users/maxi-/OneDrive/Desktop/app_codigo/EncryptorApp/.buildozer/android/platform/build-arm64-v8a_armeabi-v7a/build/other_builds/hostpython3/desktop/hostpython3/Include/internal/pycore_pystate.h:11[m[K,
                 from [01m[K/mnt/c/Users/maxi-/OneDrive/Desktop/app_codigo/EncryptorApp/.buildozer/android/platform/build-arm64-v8a_armeabi-v7a/build/other_builds/hostpython3/desktop/hostpython3/Include/internal/pycore_call.h:11[m[K,
                 from [01m[K/mnt/c/Users/maxi-/OneDrive/Desktop/app_codigo/EncryptorApp/.buildozer/android/platform/build-arm64-v8a_armeabi-v7a/build/other_builds/hostpython3/desktop/hostpython3/Parser/tokenizer.c:6[m[K:
[01m[K/mnt/c/Users/maxi-/OneDrive/Desktop/app_codigo/EncryptorApp/.buildozer/android/platform/build-arm64-v8a_armeabi-v7a/build/other_builds/hostpython3/desktop/hostpython3/Include/internal/pycore_condvar.h:28:18:[m[K [01;31m[Kerror: [m[Kunknown type name ‘[01m[Kpthread_cond_t[m[K’
   28 | #define PyCOND_T [01;31m[Kpthread_cond_t[m[K
      |                  [01;31m[K^~~~~~~~~~~~~~[m[K
[01m[K/mnt/c/Users/maxi-/OneDrive/Desktop/app_codigo/EncryptorApp/.buildozer/android/platform/build-arm64-v8a_armeabi-v7a/build/other_builds/hostpython3/desktop/hostpython3/Include/internal/pycore_gil.h:37:5:[m[K [01;36m[Knote: [m[Kin expansion of macro ‘[01m[KPyCOND_T[m[K’
   37 |     [01;36m[KPyCOND_T[m[K cond;
      |     [01;36m[K^~~~~~~~[m[K
[01m[K/mnt/c/Users/maxi-/OneDrive/Desktop/app_codigo/EncryptorApp/.buildozer/android/platform/build-arm64-v8a_armeabi-v7a/build/other_builds/hostpython3/desktop/hostpython3/Include/internal/pycore_condvar.h:27:19:[m[K [01;31m[Kerror: [m[Kunknown type name ‘[01m[Kpthread_mutex_t[m[K’
   27 | #define PyMUTEX_T [01;31m[Kpthread_mutex_t[m[K
      |                   [01;31m[K^~~~~~~~~~~~~~~[m[K
[01m[K/mnt/c/Users/maxi-/OneDrive/Desktop/app_codigo/EncryptorApp/.buildozer/android/platform/build-arm64-v8a_armeabi-v7a/build/other_builds/hostpython3/desktop/hostpython3/Include/internal/pycore_gil.h:38:5:[m[K [01;36m[Knote: [m[Kin expansion of macro ‘[01m[KPyMUTEX_T[m[K’
   38 |     [01;36m[KPyMUTEX_T[m[K mutex;
      |     [01;36m[K^~~~~~~~~[m[K
[01m[K/mnt/c/Users/maxi-/OneDrive/Desktop/app_codigo/EncryptorApp/.buildozer/android/platform/build-arm64-v8a_armeabi-v7a/build/other_builds/hostpython3/desktop/hostpython3/Include/internal/pycore_condvar.h:28:18:[m[K [01;31m[Kerror: [m[Kunknown type name ‘[01m[Kpthread_cond_t[m[K’
   28 | #define PyCOND_T [01;31m[Kpthread_cond_t[m[K
      |                  [01;31m[K^~~~~~~~~~~~~~[m[K
[01m[K/mnt/c/Users/maxi-/OneDrive/Desktop/app_codigo/EncryptorApp/.buildozer/android/platform/build-arm64-v8a_armeabi-v7a/build/other_builds/hostpython3/desktop/hostpython3/Include/internal/pycore_gil.h:42:5:[m[K [01;36m[Knote: [m[Kin expansion of macro ‘[01m[KPyCOND_T[m[K’
   42 |     [01;36m[KPyCOND_T[m[K switch_cond;
      |     [01;36m[K^~~~~~~~[m[K
[01m[K/mnt/c/Users/maxi-/OneDrive/Desktop/app_codigo/EncryptorApp/.buildozer/android/platform/build-arm64-v8a_armeabi-v7a/build/other_builds/hostpython3/desktop/hostpython3/Include/internal/pycore_condvar.h:27:19:[m[K [01;31m[Kerror: [m[Kunknown type name ‘[01m[Kpthread_mutex_t[m[K’
   27 | #define PyMUTEX_T [01;31m[Kpthread_mutex_t[m[K
      |                   [01;31m[K^~~~~~~~~~~~~~~[m[K
[01m[K/mnt/c/Users/maxi-/OneDrive/Desktop/app_codigo/EncryptorApp/.buildozer/android/platform/build-arm64-v8a_armeabi-v7a/build/other_builds/hostpython3/desktop/hostpython3/Include/internal/pycore_gil.h:43:5:[m[K [01;36m[Knote: [m[Kin expansion of macro ‘[01m[KPyMUTEX_T[m[K’
   43 |     [01;36m[KPyMUTEX_T[m[K switch_mutex;
      |     [01;36m[K^~~~~~~~~[m[K
In file included from [01m[K/mnt/c/Users/maxi-/OneDrive/Desktop/app_codigo/EncryptorApp/.buildozer/android/platform/build-arm64-v8a_armeabi-v7a/build/other_builds/hostpython3/desktop/hostpython3/Include/internal/pycore_gil.h:12[m[K,
                 from [01m[K/mnt/c/Users/maxi-/OneDrive/Desktop/app_codigo/EncryptorApp/.buildozer/android/platform/build-arm64-v8a_armeabi-v7a/build/other_builds/hostpython3/desktop/hostpython3/Include/internal/pycore_runtime.h:12[m[K,
                 from [01m[K/mnt/c/Users/maxi-/OneDrive/Desktop/app_codigo/EncryptorApp/.buildozer/android/platform/build-arm64-v8a_armeabi-v7a/build/other_builds/hostpython3/desktop/hostpython3/Include/internal/pycore_pystate.h:11[m[K,
                 from [01m[K/mnt/c/Users/maxi-/OneDrive/Desktop/app_codigo/EncryptorApp/.buildozer/android/platform/build-arm64-v8a_armeabi-v7a/build/other_builds/hostpython3/desktop/hostpython3/Include/internal/pycore_call.h:11[m[K,
                 from [01m[K/mnt/c/Users/maxi-/OneDrive/Desktop/app_codigo/EncryptorApp/.buildozer/android/platform/build-arm64-v8a_armeabi-v7a/build/other_builds/hostpython3/desktop/hostpython3/Objects/abstract.c:5[m[K:
[01m[K/mnt/c/Users/maxi-/OneDrive/Desktop/app_codigo/EncryptorApp/.buildozer/android/platform/build-arm64-v8a_armeabi-v7a/build/other_builds/hostpython3/desktop/hostpython3/Include/internal/pycore_condvar.h:28:18:[m[K [01;31m[Kerror: [m[Kunknown type name ‘[01m[Kpthread_cond_t[m[K’
   28 | #define PyCOND_T [01;31m[Kpthread_cond_t[m[K
      |                  [01;31m[K^~~~~~~~~~~~~~[m[K
[01m[K/mnt/c/Users/maxi-/OneDrive/Desktop/app_codigo/EncryptorApp/.buildozer/android/platform/build-arm64-v8a_armeabi-v7a/build/other_builds/hostpython3/desktop/hostpython3/Include/internal/pycore_gil.h:37:5:[m[K [01;36m[Knote: [m[Kin expansion of macro ‘[01m[KPyCOND_T[m[K’
   37 |     [01;36m[KPyCOND_T[m[K cond;
      |     [01;36m[K^~~~~~~~[m[K
[01m[K/mnt/c/Users/maxi-/OneDrive/Desktop/app_codigo/EncryptorApp/.buildozer/android/platform/build-arm64-v8a_armeabi-v7a/build/other_builds/hostpython3/desktop/hostpython3/Include/internal/pycore_condvar.h:27:19:[m[K [01;31m[Kerror: [m[Kunknown type name ‘[01m[Kpthread_mutex_t[m[K’
   27 | #define PyMUTEX_T [01;31m[Kpthread_mutex_t[m[K
      |                   [01;31m[K^~~~~~~~~~~~~~~[m[K
[01m[K/mnt/c/Users/maxi-/OneDrive/Desktop/app_codigo/EncryptorApp/.buildozer/android/platform/build-arm64-v8a_armeabi-v7a/build/other_builds/hostpython3/desktop/hostpython3/Include/internal/pycore_gil.h:38:5:[m[K [01;36m[Knote: [m[Kin expansion of macro ‘[01m[KPyMUTEX_T[m[K’
   38 |     [01;36m[KPyMUTEX_T[m[K mutex;
      |     [01;36m[K^~~~~~~~~[m[K
[01m[K/mnt/c/Users/maxi-/OneDrive/Desktop/app_codigo/EncryptorApp/.buildozer/android/platform/build-arm64-v8a_armeabi-v7a/build/other_builds/hostpython3/desktop/hostpython3/Include/internal/pycore_condvar.h:28:18:[m[K [01;31m[Kerror: [m[Kunknown type name ‘[01m[Kpthread_cond_t[m[K’
   28 | #define PyCOND_T [01;31m[Kpthread_cond_t[m[K
      |                  [01;31m[K^~~~~~~~~~~~~~[m[K
[01m[K/mnt/c/Users/maxi-/OneDrive/Desktop/app_codigo/EncryptorApp/.buildozer/android/platform/build-arm64-v8a_armeabi-v7a/build/other_builds/hostpython3/desktop/hostpython3/Include/internal/pycore_gil.h:42:5:[m[K [01;36m[Knote: [m[Kin expansion of macro ‘[01m[KPyCOND_T[m[K’
   42 |     [01;36m[KPyCOND_T[m[K switch_cond;
      |     [01;36m[K^~~~~~~~[m[K
[01m[K/mnt/c/Users/maxi-/OneDrive/Desktop/app_codigo/EncryptorApp/.buildozer/android/platform/build-arm64-v8a_armeabi-v7a/build/other_builds/hostpython3/desktop/hostpython3/Include/internal/pycore_condvar.h:27:19:[m[K [01;31m[Kerror: [m[Kunknown type name ‘[01m[Kpthread_mutex_t[m[K’
   27 | #define PyMUTEX_T [01;31m[Kpthread_mutex_t[m[K
      |                   [01;31m[K^~~~~~~~~~~~~~~[m[K
[01m[K/mnt/c/Users/maxi-/OneDrive/Desktop/app_codigo/EncryptorApp/.buildozer/android/platform/build-arm64-v8a_armeabi-v7a/build/other_builds/hostpython3/desktop/hostpython3/Include/internal/pycore_gil.h:43:5:[m[K [01;36m[Knote: [m[Kin expansion of macro ‘[01m[KPyMUTEX_T[m[K’
   43 |     [01;36m[KPyMUTEX_T[m[K switch_mutex;
      |     [01;36m[K^~~~~~~~~[m[K
In file included from [01m[K/mnt/c/Users/maxi-/OneDrive/Desktop/app_codigo/EncryptorApp/.buildozer/android/platform/build-arm64-v8a_armeabi-v7a/build/other_builds/hostpython3/desktop/hostpython3/Include/internal/pycore_gil.h:12[m[K,
                 from [01m[K/mnt/c/Users/maxi-/OneDrive/Desktop/app_codigo/EncryptorApp/.buildozer/android/platform/build-arm64-v8a_armeabi-v7a/build/other_builds/hostpython3/desktop/hostpython3/Include/internal/pycore_runtime.h:12[m[K,
                 from [01m[K/mnt/c/Users/maxi-/OneDrive/Desktop/app_codigo/EncryptorApp/.buildozer/android/platform/build-arm64-v8a_armeabi-v7a/build/other_builds/hostpython3/desktop/hostpython3/Include/internal/pycore_pystate.h:11[m[K,
                 from [01m[K/mnt/c/Users/maxi-/OneDrive/Desktop/app_codigo/EncryptorApp/.buildozer/android/platform/build-arm64-v8a_armeabi-v7a/build/other_builds/hostpython3/desktop/hostpython3/Parser/myreadline.c:14[m[K:
[01m[K/mnt/c/Users/maxi-/OneDrive/Desktop/app_codigo/EncryptorApp/.buildozer/android/platform/build-arm64-v8a_armeabi-v7a/build/other_builds/hostpython3/desktop/hostpython3/Include/internal/pycore_condvar.h:28:18:[m[K [01;31m[Kerror: [m[Kunknown type name ‘[01m[Kpthread_cond_t[m[K’
   28 | #define PyCOND_T [01;31m[Kpthread_cond_t[m[K
      |                  [01;31m[K^~~~~~~~~~~~~~[m[K
[01m[K/mnt/c/Users/maxi-/OneDrive/Desktop/app_codigo/EncryptorApp/.buildozer/android/platform/build-arm64-v8a_armeabi-v7a/build/other_builds/hostpython3/desktop/hostpython3/Include/internal/pycore_gil.h:37:5:[m[K [01;36m[Knote: [m[Kin expansion of macro ‘[01m[KPyCOND_T[m[K’
   37 |     [01;36m[KPyCOND_T[m[K cond;
      |     [01;36m[K^~~~~~~~[m[K
[01m[K/mnt/c/Users/maxi-/OneDrive/Desktop/app_codigo/EncryptorApp/.buildozer/android/platform/build-arm64-v8a_armeabi-v7a/build/other_builds/hostpython3/desktop/hostpython3/Include/internal/pycore_condvar.h:27:19:[m[K [01;31m[Kerror: [m[Kunknown type name ‘[01m[Kpthread_mutex_t[m[K’
   27 | #define PyMUTEX_T [01;31m[Kpthread_mutex_t[m[K
      |                   [01;31m[K^~~~~~~~~~~~~~~[m[K
[01m[K/mnt/c/Users/maxi-/OneDrive/Desktop/app_codigo/EncryptorApp/.buildozer/android/platform/build-arm64-v8a_armeabi-v7a/build/other_builds/hostpython3/desktop/hostpython3/Include/internal/pycore_gil.h:38:5:[m[K [01;36m[Knote: [m[Kin expansion of macro ‘[01m[KPyMUTEX_T[m[K’
   38 |     [01;36m[KPyMUTEX_T[m[K mutex;
      |     [01;36m[K^~~~~~~~~[m[K
[01m[K/mnt/c/Users/maxi-/OneDrive/Desktop/app_codigo/EncryptorApp/.buildozer/android/platform/build-arm64-v8a_armeabi-v7a/build/other_builds/hostpython3/desktop/hostpython3/Include/internal/pycore_condvar.h:28:18:[m[K [01;31m[Kerror: [m[Kunknown type name ‘[01m[Kpthread_cond_t[m[K’
   28 | #define PyCOND_T [01;31m[Kpthread_cond_t[m[K
      |                  [01;31m[K^~~~~~~~~~~~~~[m[K
[01m[K/mnt/c/Users/maxi-/OneDrive/Desktop/app_codigo/EncryptorApp/.buildozer/android/platform/build-arm64-v8a_armeabi-v7a/build/other_builds/hostpython3/desktop/hostpython3/Include/internal/pycore_gil.h:42:5:[m[K [01;36m[Knote: [m[Kin expansion of macro ‘[01m[KPyCOND_T[m[K’
   42 |     [01;36m[KPyCOND_T[m[K switch_cond;
      |     [01;36m[K^~~~~~~~[m[K
[01m[K/mnt/c/Users/maxi-/OneDrive/Desktop/app_codigo/EncryptorApp/.buildozer/android/platform/build-arm64-v8a_armeabi-v7a/build/other_builds/hostpython3/desktop/hostpython3/Include/internal/pycore_condvar.h:27:19:[m[K [01;31m[Kerror: [m[Kunknown type name ‘[01m[Kpthread_mutex_t[m[K’
   27 | #define PyMUTEX_T [01;31m[Kpthread_mutex_t[m[K
      |                   [01;31m[K^~~~~~~~~~~~~~~[m[K
[01m[K/mnt/c/Users/maxi-/OneDrive/Desktop/app_codigo/EncryptorApp/.buildozer/android/platform/build-arm64-v8a_armeabi-v7a/build/other_builds/hostpython3/desktop/hostpython3/Include/internal/pycore_gil.h:43:5:[m[K [01;36m[Knote: [m[Kin expansion of macro ‘[01m[KPyMUTEX_T[m[K’
   43 |     [01;36m[KPyMUTEX_T[m[K switch_mutex;
      |     [01;36m[K^~~~~~~~~[m[K
In file included from [01m[K/mnt/c/Users/maxi-/OneDrive/Desktop/app_codigo/EncryptorApp/.buildozer/android/platform/build-arm64-v8a_armeabi-v7a/build/other_builds/hostpython3/desktop/hostpython3/Include/internal/pycore_interp.h:15[m[K,
                 from [01m[K/mnt/c/Users/maxi-/OneDrive/Desktop/app_codigo/EncryptorApp/.buildozer/android/platform/build-arm64-v8a_armeabi-v7a/build/other_builds/hostpython3/desktop/hostpython3/Include/internal/pycore_runtime.h:14[m[K:
[01m[K/mnt/c/Users/maxi-/OneDrive/Desktop/app_codigo/EncryptorApp/.buildozer/android/platform/build-arm64-v8a_armeabi-v7a/build/other_builds/hostpython3/desktop/hostpython3/Include/internal/pycore_code.h:[m[K In function ‘[01m[Kwrite_obj[m[K’:
In file included from [01m[K/mnt/c/Users/maxi-/OneDrive/Desktop/app_codigo/EncryptorApp/.buildozer/android/platform/build-arm64-v8a_armeabi-v7a/build/other_builds/hostpython3/desktop/hostpython3/Include/internal/pycore_interp.h:15[m[K,
                 from [01m[K/mnt/c/Users/maxi-/OneDrive/Desktop/app_codigo/EncryptorApp/.buildozer/android/platform/build-arm64-v8a_armeabi-v7a/build/other_builds/hostpython3/desktop/hostpython3/Include/internal/pycore_runtime.h:14[m[K:
[01m[K/mnt/c/Users/maxi-/OneDrive/Desktop/app_codigo/EncryptorApp/.buildozer/android/platform/build-arm64-v8a_armeabi-v7a/build/other_builds/hostpython3/desktop/hostpython3/Include/internal/pycore_code.h:[m[K In function ‘[01m[Kwrite_obj[m[K’:
[01m[K/mnt/c/Users/maxi-/OneDrive/Desktop/app_codigo/EncryptorApp/.buildozer/android/platform/build-arm64-v8a_armeabi-v7a/build/other_builds/hostpython3/desktop/hostpython3/Include/internal/pycore_code.h:423:6:[m[K [01;31m[Kerror: [m[K#error "SIZEOF_VOID_P must be 4 or 8"
  423 |     #[01;31m[Kerror[m[K "SIZEOF_VOID_P must be 4 or 8"
      |      [01;31m[K^~~~~[m[K
[01m[K/mnt/c/Users/maxi-/OneDrive/Desktop/app_codigo/EncryptorApp/.buildozer/android/platform/build-arm64-v8a_armeabi-v7a/build/other_builds/hostpython3/desktop/hostpython3/Include/internal/pycore_code.h:417:15:[m[K [01;35m[Kwarning: [m[Kunused variable ‘[01m[Kval[m[K’ [[01;35m[K]8;;https://gcc.gnu.org/onlinedocs/gcc/Warning-Options.html#index-Wunused-variable-Wunused-variable]8;;[m[K]
  417 |     uintptr_t [01;35m[Kval[m[K = (uintptr_t)obj;
      |               [01;35m[K^~~[m[K
[01m[K/mnt/c/Users/maxi-/OneDrive/Desktop/app_codigo/EncryptorApp/.buildozer/android/platform/build-arm64-v8a_armeabi-v7a/build/other_builds/hostpython3/desktop/hostpython3/Include/internal/pycore_code.h:[m[K In function ‘[01m[Kread_obj[m[K’:
[01m[K/mnt/c/Users/maxi-/OneDrive/Desktop/app_codigo/EncryptorApp/.buildozer/android/platform/build-arm64-v8a_armeabi-v7a/build/other_builds/hostpython3/desktop/hostpython3/Include/internal/pycore_code.h:436:6:[m[K [01;31m[Kerror: [m[K#error "SIZEOF_VOID_P must be 4 or 8"
  436 |     #[01;31m[Kerror[m[K "SIZEOF_VOID_P must be 4 or 8"
      |      [01;31m[K^~~~~[m[K
[01m[K/mnt/c/Users/maxi-/OneDrive/Desktop/app_codigo/EncryptorApp/.buildozer/android/platform/build-arm64-v8a_armeabi-v7a/build/other_builds/hostpython3/desktop/hostpython3/Include/internal/pycore_code.h:423:6:[m[K [01;31m[Kerror: [m[K#error "SIZEOF_VOID_P must be 4 or 8"
  423 |     #[01;31m[Kerror[m[K "SIZEOF_VOID_P must be 4 or 8"
      |      [01;31m[K^~~~~[m[K
[01m[K/mnt/c/Users/maxi-/OneDrive/Desktop/app_codigo/EncryptorApp/.buildozer/android/platform/build-arm64-v8a_armeabi-v7a/build/other_builds/hostpython3/desktop/hostpython3/Include/internal/pycore_code.h:417:15:[m[K [01;35m[Kwarning: [m[Kunused variable ‘[01m[Kval[m[K’ [[01;35m[K]8;;https://gcc.gnu.org/onlinedocs/gcc/Warning-Options.html#index-Wunused-variable-Wunused-variable]8;;[m[K]
  417 |     uintptr_t [01;35m[Kval[m[K = (uintptr_t)obj;
      |               [01;35m[K^~~[m[K
[01m[K/mnt/c/Users/maxi-/OneDrive/Desktop/app_codigo/EncryptorApp/.buildozer/android/platform/build-arm64-v8a_armeabi-v7a/build/other_builds/hostpython3/desktop/hostpython3/Include/internal/pycore_code.h:[m[K In function ‘[01m[Kread_obj[m[K’:
[01m[K/mnt/c/Users/maxi-/OneDrive/Desktop/app_codigo/EncryptorApp/.buildozer/android/platform/build-arm64-v8a_armeabi-v7a/build/other_builds/hostpython3/desktop/hostpython3/Include/internal/pycore_code.h:436:6:[m[K [01;31m[Kerror: [m[K#error "SIZEOF_VOID_P must be 4 or 8"
  436 |     #[01;31m[Kerror[m[K "SIZEOF_VOID_P must be 4 or 8"
      |      [01;31m[K^~~~~[m[K
In file included from [01m[K/mnt/c/Users/maxi-/OneDrive/Desktop/app_codigo/EncryptorApp/.buildozer/android/platform/build-arm64-v8a_armeabi-v7a/build/other_builds/hostpython3/desktop/hostpython3/Include/internal/pycore_interp.h:15[m[K,
                 from [01m[K/mnt/c/Users/maxi-/OneDrive/Desktop/app_codigo/EncryptorApp/.buildozer/android/platform/build-arm64-v8a_armeabi-v7a/build/other_builds/hostpython3/desktop/hostpython3/Include/internal/pycore_runtime.h:14[m[K:
[01m[K/mnt/c/Users/maxi-/OneDrive/Desktop/app_codigo/EncryptorApp/.buildozer/android/platform/build-arm64-v8a_armeabi-v7a/build/other_builds/hostpython3/desktop/hostpython3/Include/internal/pycore_code.h:[m[K In function ‘[01m[Kwrite_obj[m[K’:
In file included from [01m[K/mnt/c/Users/maxi-/OneDrive/Desktop/app_codigo/EncryptorApp/.buildozer/android/platform/build-arm64-v8a_armeabi-v7a/build/other_builds/hostpython3/desktop/hostpython3/Include/internal/pycore_unicodeobject.h:11[m[K,
                 from [01m[K/mnt/c/Users/maxi-/OneDrive/Desktop/app_codigo/EncryptorApp/.buildozer/android/platform/build-arm64-v8a_armeabi-v7a/build/other_builds/hostpython3/desktop/hostpython3/Include/internal/pycore_interp.h:26[m[K:
[01m[K/mnt/c/Users/maxi-/OneDrive/Desktop/app_codigo/EncryptorApp/.buildozer/android/platform/build-arm64-v8a_armeabi-v7a/build/other_builds/hostpython3/desktop/hostpython3/Include/internal/pycore_fileutils.h:[m[K At top level:
[01m[K/mnt/c/Users/maxi-/OneDrive/Desktop/app_codigo/EncryptorApp/.buildozer/android/platform/build-arm64-v8a_armeabi-v7a/build/other_builds/hostpython3/desktop/hostpython3/Include/internal/pycore_code.h:423:6:[m[K [01;31m[Kerror: [m[K#error "SIZEOF_VOID_P must be 4 or 8"
  423 |     #[01;31m[Kerror[m[K "SIZEOF_VOID_P must be 4 or 8"
      |      [01;31m[K^~~~~[m[K
[01m[K/mnt/c/Users/maxi-/OneDrive/Desktop/app_codigo/EncryptorApp/.buildozer/android/platform/build-arm64-v8a_armeabi-v7a/build/other_builds/hostpython3/desktop/hostpython3/Include/internal/pycore_code.h:417:15:[m[K [01;35m[Kwarning: [m[Kunused variable ‘[01m[Kval[m[K’ [[01;35m[K]8;;https://gcc.gnu.org/onlinedocs/gcc/Warning-Options.html#index-Wunused-variable-Wunused-variable]8;;[m[K]
  417 |     uintptr_t [01;35m[Kval[m[K = (uintptr_t)obj;
      |               [01;35m[K^~~[m[K
[01m[K/mnt/c/Users/maxi-/OneDrive/Desktop/app_codigo/EncryptorApp/.buildozer/android/platform/build-arm64-v8a_armeabi-v7a/build/other_builds/hostpython3/desktop/hostpython3/Include/internal/pycore_code.h:[m[K In function ‘[01m[Kread_obj[m[K’:
[01m[K/mnt/c/Users/maxi-/OneDrive/Desktop/app_codigo/EncryptorApp/.buildozer/android/platform/build-arm64-v8a_armeabi-v7a/build/other_builds/hostpython3/desktop/hostpython3/Include/internal/pycore_code.h:436:6:[m[K [01;31m[Kerror: [m[K#error "SIZEOF_VOID_P must be 4 or 8"
  436 |     #[01;31m[Kerror[m[K "SIZEOF_VOID_P must be 4 or 8"
      |      [01;31m[K^~~~~[m[K
[01m[K/mnt/c/Users/maxi-/OneDrive/Desktop/app_codigo/EncryptorApp/.buildozer/android/platform/build-arm64-v8a_armeabi-v7a/build/other_builds/hostpython3/desktop/hostpython3/Include/internal/pycore_fileutils.h:82:27:[m[K [01;35m[Kwarning: [m[K‘[01m[Kstruct stat[m[K’ declared inside parameter list will not be visible outside of this definition or declaration
   82 | #  define _Py_stat_struct [01;35m[Kstat[m[K
      |                           [01;35m[K^~~~[m[K
[01m[K/mnt/c/Users/maxi-/OneDrive/Desktop/app_codigo/EncryptorApp/.buildozer/android/platform/build-arm64-v8a_armeabi-v7a/build/other_builds/hostpython3/desktop/hostpython3/Include/internal/pycore_fileutils.h:87:12:[m[K [01;36m[Knote: [m[Kin expansion of macro ‘[01m[K_Py_stat_struct[m[K’
   87 |     struct [01;36m[K_Py_stat_struct[m[K *status);
      |            [01;36m[K^~~~~~~~~~~~~~~[m[K
[01m[K/mnt/c/Users/maxi-/OneDrive/Desktop/app_codigo/EncryptorApp/.buildozer/android/platform/build-arm64-v8a_armeabi-v7a/build/other_builds/hostpython3/desktop/hostpython3/Include/internal/pycore_fileutils.h:82:27:[m[K [01;35m[Kwarning: [m[K‘[01m[Kstruct stat[m[K’ declared inside parameter list will not be visible outside of this definition or declaration
   82 | #  define _Py_stat_struct [01;35m[Kstat[m[K
      |                           [01;35m[K^~~~[m[K
[01m[K/mnt/c/Users/maxi-/OneDrive/Desktop/app_codigo/EncryptorApp/.buildozer/android/platform/build-arm64-v8a_armeabi-v7a/build/other_builds/hostpython3/desktop/hostpython3/Include/internal/pycore_fileutils.h:91:12:[m[K [01;36m[Knote: [m[Kin expansion of macro ‘[01m[K_Py_stat_struct[m[K’
   91 |     struct [01;36m[K_Py_stat_struct[m[K *status);
      |            [01;36m[K^~~~~~~~~~~~~~~[m[K
[01m[K/mnt/c/Users/maxi-/OneDrive/Desktop/app_codigo/EncryptorApp/.buildozer/android/platform/build-arm64-v8a_armeabi-v7a/build/other_builds/hostpython3/desktop/hostpython3/Include/internal/pycore_fileutils.h:95:12:[m[K [01;35m[Kwarning: [m[K‘[01m[Kstruct stat[m[K’ declared inside parameter list will not be visible outside of this definition or declaration
   95 |     struct [01;35m[Kstat[m[K *status);
      |            [01;35m[K^~~~[m[K
[01m[K/mnt/c/Users/maxi-/OneDrive/Desktop/app_codigo/EncryptorApp/.buildozer/android/platform/build-arm64-v8a_armeabi-v7a/build/other_builds/hostpython3/desktop/hostpython3/Include/internal/pycore_fileutils.h:202:35:[m[K [01;35m[Kwarning: [m[K‘[01m[Kstruct stat[m[K’ declared inside parameter list will not be visible outside of this definition or declaration
  202 | _Py_wstat(const wchar_t *, struct [01;35m[Kstat[m[K *);
      |                                   [01;35m[K^~~~[m[K
In file included from [01m[K/mnt/c/Users/maxi-/OneDrive/Desktop/app_codigo/EncryptorApp/.buildozer/android/platform/build-arm64-v8a_armeabi-v7a/build/other_builds/hostpython3/desktop/hostpython3/Include/internal/pycore_unicodeobject.h:11[m[K,
                 from [01m[K/mnt/c/Users/maxi-/OneDrive/Desktop/app_codigo/EncryptorApp/.buildozer/android/platform/build-arm64-v8a_armeabi-v7a/build/other_builds/hostpython3/desktop/hostpython3/Include/internal/pycore_interp.h:26[m[K:
[01m[K/mnt/c/Users/maxi-/OneDrive/Desktop/app_codigo/EncryptorApp/.buildozer/android/platform/build-arm64-v8a_armeabi-v7a/build/other_builds/hostpython3/desktop/hostpython3/Include/internal/pycore_fileutils.h:[m[K At top level:
[01m[K/mnt/c/Users/maxi-/OneDrive/Desktop/app_codigo/EncryptorApp/.buildozer/android/platform/build-arm64-v8a_armeabi-v7a/build/other_builds/hostpython3/desktop/hostpython3/Include/internal/pycore_fileutils.h:82:27:[m[K [01;35m[Kwarning: [m[K‘[01m[Kstruct stat[m[K’ declared inside parameter list will not be visible outside of this definition or declaration
   82 | #  define _Py_stat_struct [01;35m[Kstat[m[K
      |                           [01;35m[K^~~~[m[K
[01m[K/mnt/c/Users/maxi-/OneDrive/Desktop/app_codigo/EncryptorApp/.buildozer/android/platform/build-arm64-v8a_armeabi-v7a/build/other_builds/hostpython3/desktop/hostpython3/Include/internal/pycore_fileutils.h:87:12:[m[K [01;36m[Knote: [m[Kin expansion of macro ‘[01m[K_Py_stat_struct[m[K’
   87 |     struct [01;36m[K_Py_stat_struct[m[K *status);
      |            [01;36m[K^~~~~~~~~~~~~~~[m[K
[01m[K/mnt/c/Users/maxi-/OneDrive/Desktop/app_codigo/EncryptorApp/.buildozer/android/platform/build-arm64-v8a_armeabi-v7a/build/other_builds/hostpython3/desktop/hostpython3/Include/internal/pycore_fileutils.h:82:27:[m[K [01;35m[Kwarning: [m[K‘[01m[Kstruct stat[m[K’ declared inside parameter list will not be visible outside of this definition or declaration
   82 | #  define _Py_stat_struct [01;35m[Kstat[m[K
      |                           [01;35m[K^~~~[m[K
[01m[K/mnt/c/Users/maxi-/OneDrive/Desktop/app_codigo/EncryptorApp/.buildozer/android/platform/build-arm64-v8a_armeabi-v7a/build/other_builds/hostpython3/desktop/hostpython3/Include/internal/pycore_fileutils.h:91:12:[m[K [01;36m[Knote: [m[Kin expansion of macro ‘[01m[K_Py_stat_struct[m[K’
   91 |     struct [01;36m[K_Py_stat_struct[m[K *status);
      |            [01;36m[K^~~~~~~~~~~~~~~[m[K
[01m[K/mnt/c/Users/maxi-/OneDrive/Desktop/app_codigo/EncryptorApp/.buildozer/android/platform/build-arm64-v8a_armeabi-v7a/build/other_builds/hostpython3/desktop/hostpython3/Include/internal/pycore_fileutils.h:95:12:[m[K [01;35m[Kwarning: [m[K‘[01m[Kstruct stat[m[K’ declared inside parameter list will not be visible outside of this definition or declaration
   95 |     struct [01;35m[Kstat[m[K *status);
      |            [01;35m[K^~~~[m[K
[01m[K/mnt/c/Users/maxi-/OneDrive/Desktop/app_codigo/EncryptorApp/.buildozer/android/platform/build-arm64-v8a_armeabi-v7a/build/other_builds/hostpython3/desktop/hostpython3/Parser/myreadline.c:[m[K In function ‘[01m[KPyOS_Readline[m[K’:
[01m[K/mnt/c/Users/maxi-/OneDrive/Desktop/app_codigo/EncryptorApp/.buildozer/android/platform/build-arm64-v8a_armeabi-v7a/build/other_builds/hostpython3/desktop/hostpython3/Parser/myreadline.c:389:18:[m[K [01;31m[Kerror: [m[Kimplicit declaration of function ‘[01m[Kfileno[m[K’ [[01;31m[K]8;;https://gcc.gnu.org/onlinedocs/gcc/Warning-Options.html#index-Wimplicit-function-declaration-Werror=implicit-function-declaration]8;;[m[K]
  389 |     if (!isatty ([01;31m[Kfileno[m[K (sys_stdin)) || !isatty (fileno (sys_stdout)))
      |                  [01;31m[K^~~~~~[m[K
[01m[K/mnt/c/Users/maxi-/OneDrive/Desktop/app_codigo/EncryptorApp/.buildozer/android/platform/build-arm64-v8a_armeabi-v7a/build/other_builds/hostpython3/desktop/hostpython3/Include/internal/pycore_fileutils.h:202:35:[m[K [01;35m[Kwarning: [m[K‘[01m[Kstruct stat[m[K’ declared inside parameter list will not be visible outside of this definition or declaration
  202 | _Py_wstat(const wchar_t *, struct [01;35m[Kstat[m[K *);
      |                                   [01;35m[K^~~~[m[K
cc1: some warnings being treated as errors
In file included from [01m[K/mnt/c/Users/maxi-/OneDrive/Desktop/app_codigo/EncryptorApp/.buildozer/android/platform/build-arm64-v8a_armeabi-v7a/build/other_builds/hostpython3/desktop/hostpython3/Include/internal/pycore_unicodeobject.h:11[m[K,
                 from [01m[K/mnt/c/Users/maxi-/OneDrive/Desktop/app_codigo/EncryptorApp/.buildozer/android/platform/build-arm64-v8a_armeabi-v7a/build/other_builds/hostpython3/desktop/hostpython3/Include/internal/pycore_interp.h:26[m[K:
[01m[K/mnt/c/Users/maxi-/OneDrive/Desktop/app_codigo/EncryptorApp/.buildozer/android/platform/build-arm64-v8a_armeabi-v7a/build/other_builds/hostpython3/desktop/hostpython3/Include/internal/pycore_fileutils.h:[m[K At top level:
[01m[K/mnt/c/Users/maxi-/OneDrive/Desktop/app_codigo/EncryptorApp/.buildozer/android/platform/build-arm64-v8a_armeabi-v7a/build/other_builds/hostpython3/desktop/hostpython3/Include/internal/pycore_fileutils.h:82:27:[m[K [01;35m[Kwarning: [m[K‘[01m[Kstruct stat[m[K’ declared inside parameter list will not be visible outside of this definition or declaration
   82 | #  define _Py_stat_struct [01;35m[Kstat[m[K
      |                           [01;35m[K^~~~[m[K
[01m[K/mnt/c/Users/maxi-/OneDrive/Desktop/app_codigo/EncryptorApp/.buildozer/android/platform/build-arm64-v8a_armeabi-v7a/build/other_builds/hostpython3/desktop/hostpython3/Include/internal/pycore_fileutils.h:87:12:[m[K [01;36m[Knote: [m[Kin expansion of macro ‘[01m[K_Py_stat_struct[m[K’
   87 |     struct [01;36m[K_Py_stat_struct[m[K *status);
      |            [01;36m[K^~~~~~~~~~~~~~~[m[K
[01m[K/mnt/c/Users/maxi-/OneDrive/Desktop/app_codigo/EncryptorApp/.buildozer/android/platform/build-arm64-v8a_armeabi-v7a/build/other_builds/hostpython3/desktop/hostpython3/Include/internal/pycore_fileutils.h:82:27:[m[K [01;35m[Kwarning: [m[K‘[01m[Kstruct stat[m[K’ declared inside parameter list will not be visible outside of this definition or declaration
   82 | #  define _Py_stat_struct [01;35m[Kstat[m[K
      |                           [01;35m[K^~~~[m[K
[01m[K/mnt/c/Users/maxi-/OneDrive/Desktop/app_codigo/EncryptorApp/.buildozer/android/platform/build-arm64-v8a_armeabi-v7a/build/other_builds/hostpython3/desktop/hostpython3/Include/internal/pycore_fileutils.h:91:12:[m[K [01;36m[Knote: [m[Kin expansion of macro ‘[01m[K_Py_stat_struct[m[K’
   91 |     struct [01;36m[K_Py_stat_struct[m[K *status);
      |            [01;36m[K^~~~~~~~~~~~~~~[m[K
[01m[K/mnt/c/Users/maxi-/OneDrive/Desktop/app_codigo/EncryptorApp/.buildozer/android/platform/build-arm64-v8a_armeabi-v7a/build/other_builds/hostpython3/desktop/hostpython3/Include/internal/pycore_fileutils.h:95:12:[m[K [01;35m[Kwarning: [m[K‘[01m[Kstruct stat[m[K’ declared inside parameter list will not be visible outside of this definition or declaration
   95 |     struct [01;35m[Kstat[m[K *status);
      |            [01;35m[K^~~~[m[K
make: *** [Makefile:2486: Parser/myreadline.o] Error 1
[01m[K/mnt/c/Users/maxi-/OneDrive/Desktop/app_codigo/EncryptorApp/.buildozer/android/platform/build-arm64-v8a_armeabi-v7a/build/other_builds/hostpython3/desktop/hostpython3/Include/internal/pycore_fileutils.h:202:35:[m[K [01;35m[Kwarning: [m[K‘[01m[Kstruct stat[m[K’ declared inside parameter list will not be visible outside of this definition or declaration
  202 | _Py_wstat(const wchar_t *, struct [01;35m[Kstat[m[K *);
      |                                   [01;35m[K^~~~[m[K
make: *** [Makefile:2486: Parser/pegen.o] Error 1
[01m[K/mnt/c/Users/maxi-/OneDrive/Desktop/app_codigo/EncryptorApp/.buildozer/android/platform/build-arm64-v8a_armeabi-v7a/build/other_builds/hostpython3/desktop/hostpython3/Parser/tokenizer.c:[m[K In function ‘[01m[Kfp_setreadl[m[K’:
[01m[K/mnt/c/Users/maxi-/OneDrive/Desktop/app_codigo/EncryptorApp/.buildozer/android/platform/build-arm64-v8a_armeabi-v7a/build/other_builds/hostpython3/desktop/hostpython3/Parser/tokenizer.c:443:10:[m[K [01;31m[Kerror: [m[Kimplicit declaration of function ‘[01m[Kfileno[m[K’ [[01;31m[K]8;;https://gcc.gnu.org/onlinedocs/gcc/Warning-Options.html#index-Wimplicit-function-declaration-Werror=implicit-function-declaration]8;;[m[K]
  443 |     fd = [01;31m[Kfileno[m[K(tok->fp);
      |          [01;31m[K^~~~~~[m[K
[01m[K/mnt/c/Users/maxi-/OneDrive/Desktop/app_codigo/EncryptorApp/.buildozer/android/platform/build-arm64-v8a_armeabi-v7a/build/other_builds/hostpython3/desktop/hostpython3/Parser/tokenizer.c:451:20:[m[K [01;31m[Kerror: [m[K‘[01m[Koff_t[m[K’ undeclared (first use in this function)
  451 |         lseek(fd, ([01;31m[Koff_t[m[K)(pos > 0 ? pos - 1 : pos), SEEK_SET) == (off_t)-1) {
      |                    [01;31m[K^~~~~[m[K
[01m[K/mnt/c/Users/maxi-/OneDrive/Desktop/app_codigo/EncryptorApp/.buildozer/android/platform/build-arm64-v8a_armeabi-v7a/build/other_builds/hostpython3/desktop/hostpython3/Parser/tokenizer.c:451:20:[m[K [01;36m[Knote: [m[Keach undeclared identifier is reported only once for each function it appears in
[01m[K/mnt/c/Users/maxi-/OneDrive/Desktop/app_codigo/EncryptorApp/.buildozer/android/platform/build-arm64-v8a_armeabi-v7a/build/other_builds/hostpython3/desktop/hostpython3/Parser/tokenizer.c:[m[K In function ‘[01m[Kfdopen_borrow[m[K’:
[01m[K/mnt/c/Users/maxi-/OneDrive/Desktop/app_codigo/EncryptorApp/.buildozer/android/platform/build-arm64-v8a_armeabi-v7a/build/other_builds/hostpython3/desktop/hostpython3/Parser/tokenizer.c:2173:12:[m[K [01;31m[Kerror: [m[Kimplicit declaration of function ‘[01m[Kfdopen[m[K’; did you mean ‘[01m[Kfopen[m[K’? [[01;31m[K]8;;https://gcc.gnu.org/onlinedocs/gcc/Warning-Options.html#index-Wimplicit-function-declaration-Werror=implicit-function-declaration]8;;[m[K]
 2173 |     return [01;31m[Kfdopen[m[K(fd, "r");
      |            [01;31m[K^~~~~~[m[K
      |            [32m[Kfopen[m[K
[01m[K/mnt/c/Users/maxi-/OneDrive/Desktop/app_codigo/EncryptorApp/.buildozer/android/platform/build-arm64-v8a_armeabi-v7a/build/other_builds/hostpython3/desktop/hostpython3/Parser/tokenizer.c:2173:12:[m[K [01;35m[Kwarning: [m[Kreturning ‘[01m[Kint[m[K’ from a function with return type ‘[01m[KFILE *[m[K’ makes pointer from integer without a cast [[01;35m[K]8;;https://gcc.gnu.org/onlinedocs/gcc/Warning-Options.html#index-Wint-conversion-Wint-conversion]8;;[m[K]
 2173 |     return [01;35m[Kfdopen(fd, "r")[m[K;
      |            [01;35m[K^~~~~~~~~~~~~~~[m[K
cc1: some warnings being treated as errors
make: *** [Makefile:2486: Objects/abstract.o] Error 1
make: *** [Makefile:2486: Parser/tokenizer.o] Error 1
make: *** [Makefile:2486: Parser/parser.o] Error 1
make: Leaving directory '/mnt/c/Users/maxi-/OneDrive/Desktop/app_codigo/EncryptorApp/.buildozer/android/platform/build-arm64-v8a_armeabi-v7a/build/other_builds/hostpython3/desktop/hostpython3/native-build'


  STDERR:

Traceback (most recent call last):
  File "<frozen runpy>", line 198, in _run_module_as_main
  File "<frozen runpy>", line 88, in _run_code
  File "/mnt/c/Users/maxi-/OneDrive/Desktop/app_codigo/EncryptorApp/.buildozer/android/platform/python-for-android/pythonforandroid/toolchain.py", line 1256, in <module>
    main()
  File "/mnt/c/Users/maxi-/OneDrive/Desktop/app_codigo/EncryptorApp/.buildozer/android/platform/python-for-android/pythonforandroid/entrypoints.py", line 18, in main
    ToolchainCL()
  File "/mnt/c/Users/maxi-/OneDrive/Desktop/app_codigo/EncryptorApp/.buildozer/android/platform/python-for-android/pythonforandroid/toolchain.py", line 685, in __init__
    getattr(self, command)(args)
  File "/mnt/c/Users/maxi-/OneDrive/Desktop/app_codigo/EncryptorApp/.buildozer/android/platform/python-for-android/pythonforandroid/toolchain.py", line 104, in wrapper_func
    build_dist_from_args(ctx, dist, args)
  File "/mnt/c/Users/maxi-/OneDrive/Desktop/app_codigo/EncryptorApp/.buildozer/android/platform/python-for-android/pythonforandroid/toolchain.py", line 163, in build_dist_from_args
    build_recipes(build_order, python_modules, ctx,
  File "/mnt/c/Users/maxi-/OneDrive/Desktop/app_codigo/EncryptorApp/.buildozer/android/platform/python-for-android/pythonforandroid/build.py", line 504, in build_recipes
    recipe.build_arch(arch)
  File "/mnt/c/Users/maxi-/OneDrive/Desktop/app_codigo/EncryptorApp/.buildozer/android/platform/python-for-android/pythonforandroid/recipes/hostpython3/__init__.py", line 128, in build_arch
    shprint(sh.make, '-j', str(cpu_count()), '-C', build_dir, _env=env)
  File "/mnt/c/Users/maxi-/OneDrive/Desktop/app_codigo/EncryptorApp/.buildozer/android/platform/python-for-android/pythonforandroid/logger.py", line 167, in shprint
    for line in output:
  File "/mnt/c/Users/maxi-/OneDrive/Desktop/app_codigo/EncryptorApp/.venv/lib/python3.12/site-packages/sh.py", line 915, in next
    self.wait()
  File "/mnt/c/Users/maxi-/OneDrive/Desktop/app_codigo/EncryptorApp/.venv/lib/python3.12/site-packages/sh.py", line 845, in wait
    self.handle_command_exit_code(exit_code)
  File "/mnt/c/Users/maxi-/OneDrive/Desktop/app_codigo/EncryptorApp/.venv/lib/python3.12/site-packages/sh.py", line 869, in handle_command_exit_code
    raise exc
sh.ErrorReturnCode_2: 

  RAN: /usr/bin/make -j 12 -C /mnt/c/Users/maxi-/OneDrive/Desktop/app_codigo/EncryptorApp/.buildozer/android/platform/build-arm64-v8a_armeabi-v7a/build/other_builds/hostpython3/desktop/hostpython3/native-build

  STDOUT:
make: Entering directory '/mnt/c/Users/maxi-/OneDrive/Desktop/app_codigo/EncryptorApp/.buildozer/android/platform/build-arm64-v8a_armeabi-v7a/build/other_builds/hostpython3/desktop/hostpython3/native-build'
gcc -c -Wsign-compare -DNDEBUG -g -fwrapv -O3 -Wall    -std=c11 -Wextra -Wno-unused-parameter -Wno-missing-field-initializers -Werror=implicit-function-declaration -fvisibility=hidden  -I/mnt/c/Users/maxi-/OneDrive/Desktop/app_codigo/EncryptorApp/.buildozer/android/platform/build-arm64-v8a_armeabi-v7a/build/other_builds/hostpython3/desktop/hostpython3/Include/internal -IObjects -IInclude -IPython -I. -I/mnt/c/Users/maxi-/OneDrive/Desktop/app_codigo/EncryptorApp/.buildozer/android/platform/build-arm64-v8a_armeabi-v7a/build/other_builds/hostpython3/desktop/hostpython3/Include    -DPy_BUILD_CORE -o Programs/python.o /mnt/c/Users/maxi-/OneDrive/Desktop/app_codigo/EncryptorApp/.buildozer/android/platform/build-arm64-v8a_armeabi-v7a/build/other_builds/hostpython3/desktop/hostpython3/Programs/python.c
gcc -c -Wsign-compare -DNDEBUG -g -fwrapv -O3 -Wall    -std=c11 -Wextra -Wno-unused-parameter -Wno-missing-field-initializers -Werror=implicit-function-declaration -fvisibility=hidden  -I/mnt/c/Users/maxi-/OneDrive/Desktop/app_codigo/EncryptorApp/.buildozer/android/platform/build-arm64-v8a_armeabi-v7a/build/other_builds/hostpython3/desktop/hostpython3/Include/internal -IObjects -IInclude -IPython -I. -I/mnt/c/Users/maxi-/OneDrive/Desktop/app_codigo/EncryptorApp/.buildozer/android/platform/build-arm64-v8a_armeabi-v7a/build/other_builds/hostpython3/desktop/hostpython3/Include    -DPy_BUILD_CORE -o Parser/token.o /mnt/c/Users/maxi-/OneDrive/Desktop/app_codigo/EncryptorApp/.buildozer/android/platform/build-arm64-v8a_armeabi-v7a/build/other_builds/hostpython3/desktop/hostpython3/Parser/token.c
gcc -c -Wsign-compare -DNDEBUG -g -fwrapv -O3 -Wall    -std=c11 -Wextra -Wno-unused-parameter -Wno-missing-field-initializers -Werror=implicit-function-declaration -fvisibility=hidden  -I/mnt/c/Users/maxi-/OneDrive/Desktop/app_codigo/EncryptorApp/.buildozer/android/platform/build-arm64-v8a_armeabi-v7a/build/other_builds/hostpython3/desktop/hostpython3/Include/internal -IObjects -IInclude -IPython -I. -I/mnt/c/Users/maxi-/OneDrive/Desktop/app_codigo/EncryptorApp/.buildozer/android/platform/build-arm64-v8a_armeabi-v7a/build/other_builds/hostpython3/desktop/hostpython3/Include    -DPy_BUILD_CORE -o Parser/pegen.o /mnt/c/Users/maxi-/OneDrive/Desktop/app_codigo/EncryptorApp/.buildozer/android/platform/build-arm64-v8a_armeabi-v7a/build/other_builds/hostpython3/desktop/hostpython3/Parser/pegen.c
gcc -c -Wsign-compare -DNDEBUG -g -fwrapv -O3 -Wall    -std=c11 -Wextra -Wno-unused-parameter -Wno-missing-field-initializers -Werror=implicit-function-declaration -fvisibility=hidden  -I/mnt/c/Users/maxi-/OneDrive/Desktop/app_codigo/EncryptorApp/.buildozer/android/platform/build-arm64-v8a_armeabi-v7a/build/other_builds/hostpython3/desktop/hostpython3/Include/internal -IObjects -IInclude -IPython -I. -I/mnt/c/Users/maxi-/OneDrive/Desktop/app_codigo/EncryptorApp/.buildozer/android/platform/build-arm64-v8a_armeabi-v7a/build/other_builds/hostpython3/desktop/hostpython3/Include    -DPy_BUILD_CORE -o Parser/pegen_errors.o /mnt/c/Users/maxi-/OneDrive/Desktop/app_codigo/EncryptorApp/.buildozer/android/platform/build-arm64-v8a_armeabi-v7a/build/other_builds/hostpython3/desktop/hostpython3/Parser/pegen_errors.c
gcc -c -Wsign-compare -DNDEBUG -g -fwrapv -O3 -Wall    -std=c11 -Wextra -Wno-unused-parameter -Wno-missing-field-initializers -Werror=implicit-function-declaration -fvisibility=hidden  -I/mnt/c/Users/maxi-/OneDrive/Desktop/app_codigo/EncryptorApp/.buildozer/android/platform/build-arm64-v8a_armeabi-v7a/build/other_builds/hostpython3/desktop/hostpython3/Include/internal -IObjects -IInclude -IPython -I. -I/mnt/c/Users/maxi-/OneDrive/Desktop/app_codigo/EncryptorApp/.buildozer/android/platform/build-arm64-v8a_armeabi-v7a/build/other_builds/hostpython3/desktop/hostpython3/Include    -DPy_BUILD_CORE -o Parser/action_helpers.o /mnt/c/Users/maxi-/OneDrive/Desktop/app_codigo/EncryptorApp/.buildozer/android/platform/build-arm64-v8a_armeabi-v7a/build/other_builds/hostpython3/desktop/hostpython3/Parser/action_helpers.c
gcc -c -Wsign-compare -DNDEBUG -g -fwrapv -O3 -Wall    -std=c11 -Wextra -Wno-unused-parameter -Wno-missing-field-initializers -Werror=implicit-function-declaration -fvisibility=hidden  -I/mnt/c/Users/maxi-/OneDrive/Desktop/app_codigo/EncryptorApp/.buildozer/android/platform/build-arm64-v8a_armeabi-v7a/build/other_builds/hostpython3/desktop/hostpython3/Include/internal -IObjects -IInclude -IPython -I. -I/mnt/c/Users/maxi-/OneDrive/Desktop/app_codigo/EncryptorApp/.buildozer/android/platform/build-arm64-v8a_armeabi-v7a/build/other_builds/hostpython3/desktop/hostpython3/Include    -DPy_BUILD_CORE -o Parser/parser.o /mnt/c/Users/maxi-/OneDrive/Desktop/app_codigo/EncryptorApp/.buildozer/android/platform/build-arm64-v8a_armeabi-v7a/build/other_builds/hostpython3/desktop/hostpython3/Parser/parser.c
gcc -c -Wsign-compare -DNDEBUG -g -fwrapv -O3 -Wall    -std=c11 -Wextra -Wno-unused-parameter -Wno-missing-field-initializers -Werror=implicit-function-declaration -fvisibility=hidden  -I/mnt/c/Users/maxi-/OneDrive/Desktop/app_codigo/EncryptorApp/.buildozer/android/platform/build-arm64-v8a_armeabi-v7a/build/other_builds/hostpython3/desktop/hostpython3/Include/internal -IObjects -IInclude -IPython -I. -I/mnt/c/Users/maxi-/OneDrive/Desktop/app_codigo/EncryptorApp/.buildozer/android/platform/build-arm64-v8a_armeabi-v7a/build/other_builds/hostpython3/desktop/hostpython3/Include    -DPy_BUILD_CORE -o Parser/string_parser.o /mnt/c/Users/maxi-/OneDrive/Desktop/app_codigo/EncryptorApp/.buildozer/android/platform/build-arm64-v8a_armeabi-v7a/build/other_builds/hostpython3/desktop/hostpython3/Parser/string_parser.c
gcc -c -Wsign-compare -DNDEBUG -g -fwrapv -O3 -Wall    -std=c11 -Wextra -Wno-unused-parameter -Wno-missing-field-initializers -Werror=implicit-function-declaration -fvisibility=hidden  -I/mnt/c/Users/maxi-/OneDrive/Desktop/app_codigo/EncryptorApp/.buildozer/android/platform/build-arm64-v8a_armeabi-v7a/build/other_builds/hostpython3/desktop/hostpython3/Include/internal -IObjects -IInclude -IPython -I. -I/mnt/c/Users/maxi-/OneDrive/Desktop/app_codigo/EncryptorApp/.buildozer/android/platform/build-arm64-v8a_armeabi-v7a/build/other_builds/hostpython3/desktop/hostpython3/Include    -DPy_BUILD_CORE -o Parser/peg_api.o /mnt/c/Users/maxi-/OneDrive/Desktop/app_codigo/EncryptorApp/.buildozer/android/platform/build-arm64-v8a_armeabi-v7a/build/other_builds/hostpython3/desktop/hostpython3/Parser/peg_api.c
gcc -c -Wsign-compare -DNDEBUG -g -fwrapv -O3 -Wall    -std=c11 -Wextra -Wno-unused-parameter -Wno-missing-field-initializers -Werror=implicit-function-declaration -fvisibility=hidden  -I/mnt/c/Users/maxi-/OneDrive/Desktop/app_codigo/EncryptorApp/.buildozer/android/platform/build-arm64-v8a_armeabi-v7a/build/other_builds/hostpython3/desktop/hostpython3/Include/internal -IObjects -IInclude -IPython -I. -I/mnt/c/Users/maxi-/OneDrive/Desktop/app_codigo/EncryptorApp/.buildozer/android/platform/build-arm64-v8a_armeabi-v7a/build/other_builds/hostpython3/desktop/hostpython3/Include    -DPy_BUILD_CORE -o Parser/myreadline.o /mnt/c/Users/maxi-/OneDrive/Desktop/app_codigo/EncryptorApp/.buildozer/android/platform/build-arm64-v8a_armeabi-v7a/build/other_builds/hostpython3/desktop/hostpython3/Parser/myreadline.c
gcc -c -Wsign-compare -DNDEBUG -g -fwrapv -O3 -Wall    -std=c11 -Wextra -Wno-unused-parameter -Wno-missing-field-initializers -Werror=implicit-function-declaration -fvisibility=hidden  -I/mnt/c/Users/maxi-/OneDrive/Desktop/app_codigo/EncryptorApp/.buildozer/android/platform/build-arm64-v8a_armeabi-v7a/build/other_builds/hostpython3/desktop/hostpython3/Include/internal -IObjects -IInclude -IPython -I. -I/mnt/c/Users/maxi-/OneDrive/Desktop/app_codigo/EncryptorApp/.buildozer/android/platform/build-arm64-v8a_armeabi-v7a/build/other_builds/hostpython3/desktop/hostpython3/Include    -DPy_BUILD_CORE -o Parser/tokenizer.o /mnt/c/Users/maxi-/OneDrive/Desktop/app_codigo/EncryptorApp/.buildozer/android/platform/build-arm64-v8a_armeabi-v7a/build/other_builds/hostpython3/desktop/hostpython3/Parser/tokenizer.c
gcc -c -Wsign-compare -DNDEBUG -g -fwrapv -O3 -Wall    -std=c11 -Wextra -Wno-unused-parameter -Wno-missing-field-initializers -Werror=implicit-function-declaration -fvisibility=hidden  -I/mnt/c/Users/maxi-/OneDrive/Desktop/app_codigo/EncryptorApp/.buildozer/android/platform/build-arm64-v8a_armeabi-v7a/build/other_builds/hostpython3/desktop/hostpython3/Include/internal -IObjects -IInclude -IPython -I. -I/mnt/c/Users/maxi-/OneDrive/Desktop/app_codigo/EncryptorApp/.buildozer/android/platform/build-arm64-v8a_armeabi-v7a/build/other_builds/hostpython3/desktop/hostpython3/Include    -DPy_BUILD_CORE -o Objects/abstract.o /mnt/c/Users/maxi-/OneDrive/Desktop/app_codigo/EncryptorApp/.buildozer/android/platform/build-arm64-v8a_armeabi-v7a/build/other_builds/hostpython3/desktop/hostpython3/Objects/abstract.c
gcc -c -Wsign-compare -DNDEBUG -g -fwrapv -O3 -Wall    -std=c11 -Wextra -Wno-unused-parameter -Wno-missing-field-initializers -Werror=implicit-function-declaration -fvisibility=hidden  -I/mnt/c/Users/maxi-/OneDrive/Desktop/app_codigo/EncryptorApp/.buildozer/android/platform/build-arm64-v8a_armeabi-v7a/build/other_builds/hostpython3/desktop/hostpython3/Include/internal -IObjects -IInclude -IPython -I. -I/mnt/c/Users/maxi-/OneDrive/Desktop/app_codigo/EncryptorApp/.buildozer/android/platform/build-arm64-v8a_armeabi-v7a/build/other_builds/hostpython3/desktop/hostpython3/Include    -DPy_BUILD_CORE -o Objects/accu.o /mnt/c/Users/maxi-/OneDrive/Desktop/app_codigo/EncryptorApp/.buildozer/android/platform/build-arm64-v8a_armeabi-v7a/build/other_builds/hostpython3/desktop/hostpython3/Objects/accu.c
In file included from [01m[K/mnt/c/Users/maxi-/OneDrive/Desktop/app_codigo/EncryptorApp/.buildozer/android/platform/build-arm64-v8a_armeabi-v7a/build/other_builds/hostpython3/desktop/hostpython3/Include/Python.h:86[m[K,
                 from [01m[K/mnt/c/Users/maxi-/OneDrive/Desktop/app_codigo/EncryptorApp/.buildozer/android/platform/build-arm64-v8a_armeabi-v7a/build/other_builds/hostpython3/desktop/hostpython3/Parser/token.c:3[m[K:
[01m[K/mnt/c/Users/maxi-/OneDrive/Desktop/app_codigo/EncryptorApp/.buildozer/android/platform/build-arm64-v8a_armeabi-v7a/build/other_builds/hostpython3/desktop/hostpython3/Include/cpython/pytime.h:176:59:[m[K [01;35m[Kwarning: [m[K‘[01m[Kstruct timeval[m[K’ declared inside parameter list will not be visible outside of this definition or declaration
  176 | PyAPI_FUNC(int) _PyTime_FromTimeval(_PyTime_t *tp, struct [01;35m[Ktimeval[m[K *tv);
      |                                                           [01;35m[K^~~~~~~[m[K
[01m[K/mnt/c/Users/maxi-/OneDrive/Desktop/app_codigo/EncryptorApp/.buildozer/android/platform/build-arm64-v8a_armeabi-v7a/build/other_builds/hostpython3/desktop/hostpython3/Include/cpython/pytime.h:184:12:[m[K [01;35m[Kwarning: [m[K‘[01m[Kstruct timeval[m[K’ declared inside parameter list will not be visible outside of this definition or declaration
  184 |     struct [01;35m[Ktimeval[m[K *tv,
      |            [01;35m[K^~~~~~~[m[K
In file included from [01m[K/mnt/c/Users/maxi-/OneDrive/Desktop/app_codigo/EncryptorApp/.buildozer/android/platform/build-arm64-v8a_armeabi-v7a/build/other_builds/hostpython3/desktop/hostpython3/Include/Python.h:86[m[K,
                 from [01m[K/mnt/c/Users/maxi-/OneDrive/Desktop/app_codigo/EncryptorApp/.buildozer/android/platform/build-arm64-v8a_armeabi-v7a/build/other_builds/hostpython3/desktop/hostpython3/Programs/python.c:3[m[K:
[01m[K/mnt/c/Users/maxi-/OneDrive/Desktop/app_codigo/EncryptorApp/.buildozer/android/platform/build-arm64-v8a_armeabi-v7a/build/other_builds/hostpython3/desktop/hostpython3/Include/cpython/pytime.h:176:59:[m[K [01;35m[Kwarning: [m[K‘[01m[Kstruct timeval[m[K’ declared inside parameter list will not be visible outside of this definition or declaration
  176 | PyAPI_FUNC(int) _PyTime_FromTimeval(_PyTime_t *tp, struct [01;35m[Ktimeval[m[K *tv);
      |                                                           [01;35m[K^~~~~~~[m[K
[01m[K/mnt/c/Users/maxi-/OneDrive/Desktop/app_codigo/EncryptorApp/.buildozer/android/platform/build-arm64-v8a_armeabi-v7a/build/other_builds/hostpython3/desktop/hostpython3/Include/cpython/pytime.h:190:12:[m[K [01;35m[Kwarning: [m[K‘[01m[Kstruct timeval[m[K’ declared inside parameter list will not be visible outside of this definition or declaration
  190 |     struct [01;35m[Ktimeval[m[K *tv,
      |            [01;35m[K^~~~~~~[m[K
[01m[K/mnt/c/Users/maxi-/OneDrive/Desktop/app_codigo/EncryptorApp/.buildozer/android/platform/build-arm64-v8a_armeabi-v7a/build/other_builds/hostpython3/desktop/hostpython3/Include/cpython/pytime.h:184:12:[m[K [01;35m[Kwarning: [m[K‘[01m[Kstruct timeval[m[K’ declared inside parameter list will not be visible outside of this definition or declaration
  184 |     struct [01;35m[Ktimeval[m[K *tv,
      |            [01;35m[K^~~~~~~[m[K
[01m[K/mnt/c/Users/maxi-/OneDrive/Desktop/app_codigo/EncryptorApp/.buildozer/android/platform/build-arm64-v8a_armeabi-v7a/build/other_builds/hostpython3/desktop/hostpython3/Include/cpython/pytime.h:190:12:[m[K [01;35m[Kwarning: [m[K‘[01m[Kstruct timeval[m[K’ declared inside parameter list will not be visible outside of this definition or declaration
  190 |     struct [01;35m[Ktimeval[m[K *tv,
      |            [01;35m[K^~~~~~~[m[K
In file included from [01m[K/mnt/c/Users/maxi-/OneDrive/Desktop/app_codigo/EncryptorApp/.buildozer/android/platform/build-arm64-v8a_armeabi-v7a/build/other_builds/hostpython3/desktop/hostpython3/Include/pythread.h:126[m[K,
                 from [01m[K/mnt/c/Users/maxi-/OneDrive/Desktop/app_codigo/EncryptorApp/.buildozer/android/platform/build-arm64-v8a_armeabi-v7a/build/other_builds/hostpython3/desktop/hostpython3/Include/Python.h:89[m[K:
[01m[K/mnt/c/Users/maxi-/OneDrive/Desktop/app_codigo/EncryptorApp/.buildozer/android/platform/build-arm64-v8a_armeabi-v7a/build/other_builds/hostpython3/desktop/hostpython3/Include/cpython/pythread.h:27:5:[m[K [01;31m[Kerror: [m[K#error "Require native threads. See https://bugs.python.org/issue31370"
   27 | #   [01;31m[Kerror[m[K "Require native threads. See https://bugs.python.org/issue31370"
      |     [01;31m[K^~~~~[m[K
[01m[K/mnt/c/Users/maxi-/OneDrive/Desktop/app_codigo/EncryptorApp/.buildozer/android/platform/build-arm64-v8a_armeabi-v7a/build/other_builds/hostpython3/desktop/hostpython3/Include/cpython/pythread.h:36:5:[m[K [01;31m[Kerror: [m[Kunknown type name ‘[01m[KNATIVE_TSS_KEY_T[m[K’
   36 |     [01;31m[KNATIVE_TSS_KEY_T[m[K _key;
      |     [01;31m[K^~~~~~~~~~~~~~~~[m[K
In file included from [01m[K/mnt/c/Users/maxi-/OneDrive/Desktop/app_codigo/EncryptorApp/.buildozer/android/platform/build-arm64-v8a_armeabi-v7a/build/other_builds/hostpython3/desktop/hostpython3/Include/pythread.h:126[m[K,
                 from [01m[K/mnt/c/Users/maxi-/OneDrive/Desktop/app_codigo/EncryptorApp/.buildozer/android/platform/build-arm64-v8a_armeabi-v7a/build/other_builds/hostpython3/desktop/hostpython3/Include/Python.h:89[m[K:
[01m[K/mnt/c/Users/maxi-/OneDrive/Desktop/app_codigo/EncryptorApp/.buildozer/android/platform/build-arm64-v8a_armeabi-v7a/build/other_builds/hostpython3/desktop/hostpython3/Include/cpython/pythread.h:27:5:[m[K [01;31m[Kerror: [m[K#error "Require native threads. See https://bugs.python.org/issue31370"
   27 | #   [01;31m[Kerror[m[K "Require native threads. See https://bugs.python.org/issue31370"
      |     [01;31m[K^~~~~[m[K
[01m[K/mnt/c/Users/maxi-/OneDrive/Desktop/app_codigo/EncryptorApp/.buildozer/android/platform/build-arm64-v8a_armeabi-v7a/build/other_builds/hostpython3/desktop/hostpython3/Include/cpython/pythread.h:36:5:[m[K [01;31m[Kerror: [m[Kunknown type name ‘[01m[KNATIVE_TSS_KEY_T[m[K’
   36 |     [01;31m[KNATIVE_TSS_KEY_T[m[K _key;
      |     [01;31m[K^~~~~~~~~~~~~~~~[m[K
In file included from [01m[K/mnt/c/Users/maxi-/OneDrive/Desktop/app_codigo/EncryptorApp/.buildozer/android/platform/build-arm64-v8a_armeabi-v7a/build/other_builds/hostpython3/desktop/hostpython3/Include/Python.h:86[m[K,
                 from [01m[K/mnt/c/Users/maxi-/OneDrive/Desktop/app_codigo/EncryptorApp/.buildozer/android/platform/build-arm64-v8a_armeabi-v7a/build/other_builds/hostpython3/desktop/hostpython3/Parser/pegen.c:1[m[K:
[01m[K/mnt/c/Users/maxi-/OneDrive/Desktop/app_codigo/EncryptorApp/.buildozer/android/platform/build-arm64-v8a_armeabi-v7a/build/other_builds/hostpython3/desktop/hostpython3/Include/cpython/pytime.h:176:59:[m[K [01;35m[Kwarning: [m[K‘[01m[Kstruct timeval[m[K’ declared inside parameter list will not be visible outside of this definition or declaration
  176 | PyAPI_FUNC(int) _PyTime_FromTimeval(_PyTime_t *tp, struct [01;35m[Ktimeval[m[K *tv);
      |                                                           [01;35m[K^~~~~~~[m[K
[01m[K/mnt/c/Users/maxi-/OneDrive/Desktop/app_codigo/EncryptorApp/.buildozer/android/platform/build-arm64-v8a_armeabi-v7a/build/other_builds/hostpython3/desktop/hostpython3/Include/cpython/pytime.h:184:12:[m[K [01;35m[Kwarning: [m[K‘[01m[Kstruct timeval[m[K’ declared inside parameter list will not be visible outside of this definition or declaration
  184 |     struct [01;35m[Ktimeval[m[K *tv,
      |            [01;35m[K^~~~~~~[m[K
[01m[K/mnt/c/Users/maxi-/OneDrive/Desktop/app_codigo/EncryptorApp/.buildozer/android/platform/build-arm64-v8a_armeabi-v7a/build/other_builds/hostpython3/desktop/hostpython3/Include/cpython/pytime.h:190:12:[m[K [01;35m[Kwarning: [m[K‘[01m[Kstruct timeval[m[K’ declared inside parameter list will not be visible outside of this definition or declaration
  190 |     struct [01;35m[Ktimeval[m[K *tv,
      |            [01;35m[K^~~~~~~[m[K
In file included from [01m[K/mnt/c/Users/maxi-/OneDrive/Desktop/app_codigo/EncryptorApp/.buildozer/android/platform/build-arm64-v8a_armeabi-v7a/build/other_builds/hostpython3/desktop/hostpython3/Include/Python.h:86[m[K,
                 from [01m[K/mnt/c/Users/maxi-/OneDrive/Desktop/app_codigo/EncryptorApp/.buildozer/android/platform/build-arm64-v8a_armeabi-v7a/build/other_builds/hostpython3/desktop/hostpython3/Parser/pegen_errors.c:1[m[K:
[01m[K/mnt/c/Users/maxi-/OneDrive/Desktop/app_codigo/EncryptorApp/.buildozer/android/platform/build-arm64-v8a_armeabi-v7a/build/other_builds/hostpython3/desktop/hostpython3/Include/cpython/pytime.h:176:59:[m[K [01;35m[Kwarning: [m[K‘[01m[Kstruct timeval[m[K’ declared inside parameter list will not be visible outside of this definition or declaration
  176 | PyAPI_FUNC(int) _PyTime_FromTimeval(_PyTime_t *tp, struct [01;35m[Ktimeval[m[K *tv);
      |                                                           [01;35m[K^~~~~~~[m[K
[01m[K/mnt/c/Users/maxi-/OneDrive/Desktop/app_codigo/EncryptorApp/.buildozer/android/platform/build-arm64-v8a_armeabi-v7a/build/other_builds/hostpython3/desktop/hostpython3/Include/cpython/pytime.h:184:12:[m[K [01;35m[Kwarning: [m[K‘[01m[Kstruct timeval[m[K’ declared inside parameter list will not be visible outside of this definition or declaration
  184 |     struct [01;35m[Ktimeval[m[K *tv,
      |            [01;35m[K^~~~~~~[m[K
[01m[K/mnt/c/Users/maxi-/OneDrive/Desktop/app_codigo/EncryptorApp/.buildozer/android/platform/build-arm64-v8a_armeabi-v7a/build/other_builds/hostpython3/desktop/hostpython3/Include/cpython/pytime.h:190:12:[m[K [01;35m[Kwarning: [m[K‘[01m[Kstruct timeval[m[K’ declared inside parameter list will not be visible outside of this definition or declaration
  190 |     struct [01;35m[Ktimeval[m[K *tv,
      |            [01;35m[K^~~~~~~[m[K
In file included from [01m[K/mnt/c/Users/maxi-/OneDrive/Desktop/app_codigo/EncryptorApp/.buildozer/android/platform/build-arm64-v8a_armeabi-v7a/build/other_builds/hostpython3/desktop/hostpython3/Include/Python.h:86[m[K,
                 from [01m[K/mnt/c/Users/maxi-/OneDrive/Desktop/app_codigo/EncryptorApp/.buildozer/android/platform/build-arm64-v8a_armeabi-v7a/build/other_builds/hostpython3/desktop/hostpython3/Parser/peg_api.c:1[m[K:
[01m[K/mnt/c/Users/maxi-/OneDrive/Desktop/app_codigo/EncryptorApp/.buildozer/android/platform/build-arm64-v8a_armeabi-v7a/build/other_builds/hostpython3/desktop/hostpython3/Include/cpython/pytime.h:176:59:[m[K [01;35m[Kwarning: [m[K‘[01m[Kstruct timeval[m[K’ declared inside parameter list will not be visible outside of this definition or declaration
  176 | PyAPI_FUNC(int) _PyTime_FromTimeval(_PyTime_t *tp, struct [01;35m[Ktimeval[m[K *tv);
      |                                                           [01;35m[K^~~~~~~[m[K
[01m[K/mnt/c/Users/maxi-/OneDrive/Desktop/app_codigo/EncryptorApp/.buildozer/android/platform/build-arm64-v8a_armeabi-v7a/build/other_builds/hostpython3/desktop/hostpython3/Include/cpython/pytime.h:184:12:[m[K [01;35m[Kwarning: [m[K‘[01m[Kstruct timeval[m[K’ declared inside parameter list will not be visible outside of this definition or declaration
  184 |     struct [01;35m[Ktimeval[m[K *tv,
      |            [01;35m[K^~~~~~~[m[K
[01m[K/mnt/c/Users/maxi-/OneDrive/Desktop/app_codigo/EncryptorApp/.buildozer/android/platform/build-arm64-v8a_armeabi-v7a/build/other_builds/hostpython3/desktop/hostpython3/Include/cpython/pytime.h:190:12:[m[K [01;35m[Kwarning: [m[K‘[01m[Kstruct timeval[m[K’ declared inside parameter list will not be visible outside of this definition or declaration
  190 |     struct [01;35m[Ktimeval[m[K *tv,
      |            [01;35m[K^~~~~~~[m[K
In file included from [01m[K/mnt/c/Users/maxi-/OneDrive/Desktop/app_codigo/EncryptorApp/.buildozer/android/platform/build-arm64-v8a_armeabi-v7a/build/other_builds/hostpython3/desktop/hostpython3/Include/Python.h:86[m[K,
                 from [01m[K/mnt/c/Users/maxi-/OneDrive/Desktop/app_codigo/EncryptorApp/.buildozer/android/platform/build-arm64-v8a_armeabi-v7a/build/other_builds/hostpython3/desktop/hostpython3/Parser/action_helpers.c:1[m[K:
[01m[K/mnt/c/Users/maxi-/OneDrive/Desktop/app_codigo/EncryptorApp/.buildozer/android/platform/build-arm64-v8a_armeabi-v7a/build/other_builds/hostpython3/desktop/hostpython3/Include/cpython/pytime.h:176:59:[m[K [01;35m[Kwarning: [m[K‘[01m[Kstruct timeval[m[K’ declared inside parameter list will not be visible outside of this definition or declaration
  176 | PyAPI_FUNC(int) _PyTime_FromTimeval(_PyTime_t *tp, struct [01;35m[Ktimeval[m[K *tv);
      |                                                           [01;35m[K^~~~~~~[m[K
[01m[K/mnt/c/Users/maxi-/OneDrive/Desktop/app_codigo/EncryptorApp/.buildozer/android/platform/build-arm64-v8a_armeabi-v7a/build/other_builds/hostpython3/desktop/hostpython3/Include/cpython/pytime.h:184:12:[m[K [01;35m[Kwarning: [m[K‘[01m[Kstruct timeval[m[K’ declared inside parameter list will not be visible outside of this definition or declaration
  184 |     struct [01;35m[Ktimeval[m[K *tv,
      |            [01;35m[K^~~~~~~[m[K
[01m[K/mnt/c/Users/maxi-/OneDrive/Desktop/app_codigo/EncryptorApp/.buildozer/android/platform/build-arm64-v8a_armeabi-v7a/build/other_builds/hostpython3/desktop/hostpython3/Include/cpython/pytime.h:190:12:[m[K [01;35m[Kwarning: [m[K‘[01m[Kstruct timeval[m[K’ declared inside parameter list will not be visible outside of this definition or declaration
  190 |     struct [01;35m[Ktimeval[m[K *tv,
      |            [01;35m[K^~~~~~~[m[K
In file included from [01m[K/mnt/c/Users/maxi-/OneDrive/Desktop/app_codigo/EncryptorApp/.buildozer/android/platform/build-arm64-v8a_armeabi-v7a/build/other_builds/hostpython3/desktop/hostpython3/Include/Python.h:86[m[K,
                 from [01m[K/mnt/c/Users/maxi-/OneDrive/Desktop/app_codigo/EncryptorApp/.buildozer/android/platform/build-arm64-v8a_armeabi-v7a/build/other_builds/hostpython3/desktop/hostpython3/Parser/pegen.h:5[m[K,
                 from [01m[K/mnt/c/Users/maxi-/OneDrive/Desktop/app_codigo/EncryptorApp/.buildozer/android/platform/build-arm64-v8a_armeabi-v7a/build/other_builds/hostpython3/desktop/hostpython3/Parser/parser.c:2[m[K:
[01m[K/mnt/c/Users/maxi-/OneDrive/Desktop/app_codigo/EncryptorApp/.buildozer/android/platform/build-arm64-v8a_armeabi-v7a/build/other_builds/hostpython3/desktop/hostpython3/Include/cpython/pytime.h:176:59:[m[K [01;35m[Kwarning: [m[K‘[01m[Kstruct timeval[m[K’ declared inside parameter list will not be visible outside of this definition or declaration
  176 | PyAPI_FUNC(int) _PyTime_FromTimeval(_PyTime_t *tp, struct [01;35m[Ktimeval[m[K *tv);
      |                                                           [01;35m[K^~~~~~~[m[K
[01m[K/mnt/c/Users/maxi-/OneDrive/Desktop/app_codigo/EncryptorApp/.buildozer/android/platform/build-arm64-v8a_armeabi-v7a/build/other_builds/hostpython3/desktop/hostpython3/Include/cpython/pytime.h:184:12:[m[K [01;35m[Kwarning: [m[K‘[01m[Kstruct timeval[m[K’ declared inside parameter list will not be visible outside of this definition or declaration
  184 |     struct [01;35m[Ktimeval[m[K *tv,
      |            [01;35m[K^~~~~~~[m[K
[01m[K/mnt/c/Users/maxi-/OneDrive/Desktop/app_codigo/EncryptorApp/.buildozer/android/platform/build-arm64-v8a_armeabi-v7a/build/other_builds/hostpython3/desktop/hostpython3/Include/cpython/pytime.h:190:12:[m[K [01;35m[Kwarning: [m[K‘[01m[Kstruct timeval[m[K’ declared inside parameter list will not be visible outside of this definition or declaration
  190 |     struct [01;35m[Ktimeval[m[K *tv,
      |            [01;35m[K^~~~~~~[m[K
In file included from [01m[K/mnt/c/Users/maxi-/OneDrive/Desktop/app_codigo/EncryptorApp/.buildozer/android/platform/build-arm64-v8a_armeabi-v7a/build/other_builds/hostpython3/desktop/hostpython3/Include/pythread.h:126[m[K,
                 from [01m[K/mnt/c/Users/maxi-/OneDrive/Desktop/app_codigo/EncryptorApp/.buildozer/android/platform/build-arm64-v8a_armeabi-v7a/build/other_builds/hostpython3/desktop/hostpython3/Include/Python.h:89[m[K:
[01m[K/mnt/c/Users/maxi-/OneDrive/Desktop/app_codigo/EncryptorApp/.buildozer/android/platform/build-arm64-v8a_armeabi-v7a/build/other_builds/hostpython3/desktop/hostpython3/Include/cpython/pythread.h:27:5:[m[K [01;31m[Kerror: [m[K#error "Require native threads. See https://bugs.python.org/issue31370"
   27 | #   [01;31m[Kerror[m[K "Require native threads. See https://bugs.python.org/issue31370"
      |     [01;31m[K^~~~~[m[K
[01m[K/mnt/c/Users/maxi-/OneDrive/Desktop/app_codigo/EncryptorApp/.buildozer/android/platform/build-arm64-v8a_armeabi-v7a/build/other_builds/hostpython3/desktop/hostpython3/Include/cpython/pythread.h:36:5:[m[K [01;31m[Kerror: [m[Kunknown type name ‘[01m[KNATIVE_TSS_KEY_T[m[K’
   36 |     [01;31m[KNATIVE_TSS_KEY_T[m[K _key;
      |     [01;31m[K^~~~~~~~~~~~~~~~[m[K
In file included from [01m[K/mnt/c/Users/maxi-/OneDrive/Desktop/app_codigo/EncryptorApp/.buildozer/android/platform/build-arm64-v8a_armeabi-v7a/build/other_builds/hostpython3/desktop/hostpython3/Include/pythread.h:126[m[K,
                 from [01m[K/mnt/c/Users/maxi-/OneDrive/Desktop/app_codigo/EncryptorApp/.buildozer/android/platform/build-arm64-v8a_armeabi-v7a/build/other_builds/hostpython3/desktop/hostpython3/Include/Python.h:89[m[K:
[01m[K/mnt/c/Users/maxi-/OneDrive/Desktop/app_codigo/EncryptorApp/.buildozer/android/platform/build-arm64-v8a_armeabi-v7a/build/other_builds/hostpython3/desktop/hostpython3/Include/cpython/pythread.h:27:5:[m[K [01;31m[Kerror: [m[K#error "Require native threads. See https://bugs.python.org/issue31370"
   27 | #   [01;31m[Kerror[m[K "Require native threads. See https://bugs.python.org/issue31370"
      |     [01;31m[K^~~~~[m[K
[01m[K/mnt/c/Users/maxi-/OneDrive/Desktop/app_codigo/EncryptorApp/.buildozer/android/platform/build-arm64-v8a_armeabi-v7a/build/other_builds/hostpython3/desktop/hostpython3/Include/cpython/pythread.h:36:5:[m[K [01;31m[Kerror: [m[Kunknown type name ‘[01m[KNATIVE_TSS_KEY_T[m[K’
   36 |     [01;31m[KNATIVE_TSS_KEY_T[m[K _key;
      |     [01;31m[K^~~~~~~~~~~~~~~~[m[K
In file included from [01m[K/mnt/c/Users/maxi-/OneDrive/Desktop/app_codigo/EncryptorApp/.buildozer/android/platform/build-arm64-v8a_armeabi-v7a/build/other_builds/hostpython3/desktop/hostpython3/Include/pythread.h:126[m[K,
                 from [01m[K/mnt/c/Users/maxi-/OneDrive/Desktop/app_codigo/EncryptorApp/.buildozer/android/platform/build-arm64-v8a_armeabi-v7a/build/other_builds/hostpython3/desktop/hostpython3/Include/Python.h:89[m[K:
[01m[K/mnt/c/Users/maxi-/OneDrive/Desktop/app_codigo/EncryptorApp/.buildozer/android/platform/build-arm64-v8a_armeabi-v7a/build/other_builds/hostpython3/desktop/hostpython3/Include/cpython/pythread.h:27:5:[m[K [01;31m[Kerror: [m[K#error "Require native threads. See https://bugs.python.org/issue31370"
   27 | #   [01;31m[Kerror[m[K "Require native threads. See https://bugs.python.org/issue31370"
      |     [01;31m[K^~~~~[m[K
[01m[K/mnt/c/Users/maxi-/OneDrive/Desktop/app_codigo/EncryptorApp/.buildozer/android/platform/build-arm64-v8a_armeabi-v7a/build/other_builds/hostpython3/desktop/hostpython3/Include/cpython/pythread.h:36:5:[m[K [01;31m[Kerror: [m[Kunknown type name ‘[01m[KNATIVE_TSS_KEY_T[m[K’
   36 |     [01;31m[KNATIVE_TSS_KEY_T[m[K _key;
      |     [01;31m[K^~~~~~~~~~~~~~~~[m[K
In file included from [01m[K/mnt/c/Users/maxi-/OneDrive/Desktop/app_codigo/EncryptorApp/.buildozer/android/platform/build-arm64-v8a_armeabi-v7a/build/other_builds/hostpython3/desktop/hostpython3/Include/pythread.h:126[m[K,
                 from [01m[K/mnt/c/Users/maxi-/OneDrive/Desktop/app_codigo/EncryptorApp/.buildozer/android/platform/build-arm64-v8a_armeabi-v7a/build/other_builds/hostpython3/desktop/hostpython3/Include/Python.h:89[m[K:
[01m[K/mnt/c/Users/maxi-/OneDrive/Desktop/app_codigo/EncryptorApp/.buildozer/android/platform/build-arm64-v8a_armeabi-v7a/build/other_builds/hostpython3/desktop/hostpython3/Include/cpython/pythread.h:27:5:[m[K [01;31m[Kerror: [m[K#error "Require native threads. See https://bugs.python.org/issue31370"
   27 | #   [01;31m[Kerror[m[K "Require native threads. See https://bugs.python.org/issue31370"
      |     [01;31m[K^~~~~[m[K
[01m[K/mnt/c/Users/maxi-/OneDrive/Desktop/app_codigo/EncryptorApp/.buildozer/android/platform/build-arm64-v8a_armeabi-v7a/build/other_builds/hostpython3/desktop/hostpython3/Include/cpython/pythread.h:36:5:[m[K [01;31m[Kerror: [m[Kunknown type name ‘[01m[KNATIVE_TSS_KEY_T[m[K’
   36 |     [01;31m[KNATIVE_TSS_KEY_T[m[K _key;
      |     [01;31m[K^~~~~~~~~~~~~~~~[m[K
In file included from [01m[K/mnt/c/Users/maxi-/OneDrive/Desktop/app_codigo/EncryptorApp/.buildozer/android/platform/build-arm64-v8a_armeabi-v7a/build/other_builds/hostpython3/desktop/hostpython3/Include/pythread.h:126[m[K,
                 from [01m[K/mnt/c/Users/maxi-/OneDrive/Desktop/app_codigo/EncryptorApp/.buildozer/android/platform/build-arm64-v8a_armeabi-v7a/build/other_builds/hostpython3/desktop/hostpython3/Include/Python.h:89[m[K:
[01m[K/mnt/c/Users/maxi-/OneDrive/Desktop/app_codigo/EncryptorApp/.buildozer/android/platform/build-arm64-v8a_armeabi-v7a/build/other_builds/hostpython3/desktop/hostpython3/Include/cpython/pythread.h:27:5:[m[K [01;31m[Kerror: [m[K#error "Require native threads. See https://bugs.python.org/issue31370"
   27 | #   [01;31m[Kerror[m[K "Require native threads. See https://bugs.python.org/issue31370"
      |     [01;31m[K^~~~~[m[K
[01m[K/mnt/c/Users/maxi-/OneDrive/Desktop/app_codigo/EncryptorApp/.buildozer/android/platform/build-arm64-v8a_armeabi-v7a/build/other_builds/hostpython3/desktop/hostpython3/Include/cpython/pythread.h:36:5:[m[K [01;31m[Kerror: [m[Kunknown type name ‘[01m[KNATIVE_TSS_KEY_T[m[K’
   36 |     [01;31m[KNATIVE_TSS_KEY_T[m[K _key;
      |     [01;31m[K^~~~~~~~~~~~~~~~[m[K
In file included from [01m[K/mnt/c/Users/maxi-/OneDrive/Desktop/app_codigo/EncryptorApp/.buildozer/android/platform/build-arm64-v8a_armeabi-v7a/build/other_builds/hostpython3/desktop/hostpython3/Include/Python.h:86[m[K,
                 from [01m[K/mnt/c/Users/maxi-/OneDrive/Desktop/app_codigo/EncryptorApp/.buildozer/android/platform/build-arm64-v8a_armeabi-v7a/build/other_builds/hostpython3/desktop/hostpython3/Parser/string_parser.c:3[m[K:
[01m[K/mnt/c/Users/maxi-/OneDrive/Desktop/app_codigo/EncryptorApp/.buildozer/android/platform/build-arm64-v8a_armeabi-v7a/build/other_builds/hostpython3/desktop/hostpython3/Include/cpython/pytime.h:176:59:[m[K [01;35m[Kwarning: [m[K‘[01m[Kstruct timeval[m[K’ declared inside parameter list will not be visible outside of this definition or declaration
  176 | PyAPI_FUNC(int) _PyTime_FromTimeval(_PyTime_t *tp, struct [01;35m[Ktimeval[m[K *tv);
      |                                                           [01;35m[K^~~~~~~[m[K
[01m[K/mnt/c/Users/maxi-/OneDrive/Desktop/app_codigo/EncryptorApp/.buildozer/android/platform/build-arm64-v8a_armeabi-v7a/build/other_builds/hostpython3/desktop/hostpython3/Include/cpython/pytime.h:184:12:[m[K [01;35m[Kwarning: [m[K‘[01m[Kstruct timeval[m[K’ declared inside parameter list will not be visible outside of this definition or declaration
  184 |     struct [01;35m[Ktimeval[m[K *tv,
      |            [01;35m[K^~~~~~~[m[K
[01m[K/mnt/c/Users/maxi-/OneDrive/Desktop/app_codigo/EncryptorApp/.buildozer/android/platform/build-arm64-v8a_armeabi-v7a/build/other_builds/hostpython3/desktop/hostpython3/Include/cpython/pytime.h:190:12:[m[K [01;35m[Kwarning: [m[K‘[01m[Kstruct timeval[m[K’ declared inside parameter list will not be visible outside of this definition or declaration
  190 |     struct [01;35m[Ktimeval[m[K *tv,
      |            [01;35m[K^~~~~~~[m[K
In file included from [01m[K/mnt/c/Users/maxi-/OneDrive/Desktop/app_codigo/EncryptorApp/.buildozer/android/platform/build-arm64-v8a_armeabi-v7a/build/other_builds/hostpython3/desktop/hostpython3/Include/pythread.h:126[m[K,
                 from [01m[K/mnt/c/Users/maxi-/OneDrive/Desktop/app_codigo/EncryptorApp/.buildozer/android/platform/build-arm64-v8a_armeabi-v7a/build/other_builds/hostpython3/desktop/hostpython3/Include/Python.h:89[m[K:
[01m[K/mnt/c/Users/maxi-/OneDrive/Desktop/app_codigo/EncryptorApp/.buildozer/android/platform/build-arm64-v8a_armeabi-v7a/build/other_builds/hostpython3/desktop/hostpython3/Include/cpython/pythread.h:27:5:[m[K [01;31m[Kerror: [m[K#error "Require native threads. See https://bugs.python.org/issue31370"
   27 | #   [01;31m[Kerror[m[K "Require native threads. See https://bugs.python.org/issue31370"
      |     [01;31m[K^~~~~[m[K
[01m[K/mnt/c/Users/maxi-/OneDrive/Desktop/app_codigo/EncryptorApp/.buildozer/android/platform/build-arm64-v8a_armeabi-v7a/build/other_builds/hostpython3/desktop/hostpython3/Include/cpython/pythread.h:36:5:[m[K [01;31m[Kerror: [m[Kunknown type name ‘[01m[KNATIVE_TSS_KEY_T[m[K’
   36 |     [01;31m[KNATIVE_TSS_KEY_T[m[K _key;
      |     [01;31m[K^~~~~~~~~~~~~~~~[m[K
In file included from [01m[K/mnt/c/Users/maxi-/OneDrive/Desktop/app_codigo/EncryptorApp/.buildozer/android/platform/build-arm64-v8a_armeabi-v7a/build/other_builds/hostpython3/desktop/hostpython3/Include/Python.h:86[m[K,
                 from [01m[K/mnt/c/Users/maxi-/OneDrive/Desktop/app_codigo/EncryptorApp/.buildozer/android/platform/build-arm64-v8a_armeabi-v7a/build/other_builds/hostpython3/desktop/hostpython3/Parser/myreadline.c:12[m[K:
[01m[K/mnt/c/Users/maxi-/OneDrive/Desktop/app_codigo/EncryptorApp/.buildozer/android/platform/build-arm64-v8a_armeabi-v7a/build/other_builds/hostpython3/desktop/hostpython3/Include/cpython/pytime.h:176:59:[m[K [01;35m[Kwarning: [m[K‘[01m[Kstruct timeval[m[K’ declared inside parameter list will not be visible outside of this definition or declaration
  176 | PyAPI_FUNC(int) _PyTime_FromTimeval(_PyTime_t *tp, struct [01;35m[Ktimeval[m[K *tv);
      |                                                           [01;35m[K^~~~~~~[m[K
[01m[K/mnt/c/Users/maxi-/OneDrive/Desktop/app_codigo/EncryptorApp/.buildozer/android/platform/build-arm64-v8a_armeabi-v7a/build/other_builds/hostpython3/desktop/hostpython3/Include/cpython/pytime.h:184:12:[m[K [01;35m[Kwarning: [m[K‘[01m[Kstruct timeval[m[K’ declared inside parameter list will not be visible outside of this definition or declaration
  184 |     struct [01;35m[Ktimeval[m[K *tv,
      |            [01;35m[K^~~~~~~[m[K
[01m[K/mnt/c/Users/maxi-/OneDrive/Desktop/app_codigo/EncryptorApp/.buildozer/android/platform/build-arm64-v8a_armeabi-v7a/build/other_builds/hostpython3/desktop/hostpython3/Include/cpython/pytime.h:190:12:[m[K [01;35m[Kwarning: [m[K‘[01m[Kstruct timeval[m[K’ declared inside parameter list will not be visible outside of this definition or declaration
  190 |     struct [01;35m[Ktimeval[m[K *tv,
      |            [01;35m[K^~~~~~~[m[K
make: *** [Makefile:1372: Programs/python.o] Error 1
make: *** Waiting for unfinished jobs....
make: *** [Makefile:2486: Parser/token.o] Error 1
In file included from [01m[K/mnt/c/Users/maxi-/OneDrive/Desktop/app_codigo/EncryptorApp/.buildozer/android/platform/build-arm64-v8a_armeabi-v7a/build/other_builds/hostpython3/desktop/hostpython3/Include/Python.h:86[m[K,
                 from [01m[K/mnt/c/Users/maxi-/OneDrive/Desktop/app_codigo/EncryptorApp/.buildozer/android/platform/build-arm64-v8a_armeabi-v7a/build/other_builds/hostpython3/desktop/hostpython3/Objects/abstract.c:3[m[K:
[01m[K/mnt/c/Users/maxi-/OneDrive/Desktop/app_codigo/EncryptorApp/.buildozer/android/platform/build-arm64-v8a_armeabi-v7a/build/other_builds/hostpython3/desktop/hostpython3/Include/cpython/pytime.h:176:59:[m[K [01;35m[Kwarning: [m[K‘[01m[Kstruct timeval[m[K’ declared inside parameter list will not be visible outside of this definition or declaration
  176 | PyAPI_FUNC(int) _PyTime_FromTimeval(_PyTime_t *tp, struct [01;35m[Ktimeval[m[K *tv);
      |                                                           [01;35m[K^~~~~~~[m[K
[01m[K/mnt/c/Users/maxi-/OneDrive/Desktop/app_codigo/EncryptorApp/.buildozer/android/platform/build-arm64-v8a_armeabi-v7a/build/other_builds/hostpython3/desktop/hostpython3/Include/cpython/pytime.h:184:12:[m[K [01;35m[Kwarning: [m[K‘[01m[Kstruct timeval[m[K’ declared inside parameter list will not be visible outside of this definition or declaration
  184 |     struct [01;35m[Ktimeval[m[K *tv,
      |            [01;35m[K^~~~~~~[m[K
[01m[K/mnt/c/Users/maxi-/OneDrive/Desktop/app_codigo/EncryptorApp/.buildozer/android/platform/build-arm64-v8a_armeabi-v7a/build/other_builds/hostpython3/desktop/hostpython3/Include/cpython/pytime.h:190:12:[m[K [01;35m[Kwarning: [m[K‘[01m[Kstruct timeval[m[K’ declared inside parameter list will not be visible outside of this definition or declaration
  190 |     struct [01;35m[Ktimeval[m[K *tv,
      |            [01;35m[K^~~~~~~[m[K
In file included from [01m[K/mnt/c/Users/maxi-/OneDrive/Desktop/app_codigo/EncryptorApp/.buildozer/android/platform/build-arm64-v8a_armeabi-v7a/build/other_builds/hostpython3/desktop/hostpython3/Include/Python.h:86[m[K,
                 from [01m[K/mnt/c/Users/maxi-/OneDrive/Desktop/app_codigo/EncryptorApp/.buildozer/android/platform/build-arm64-v8a_armeabi-v7a/build/other_builds/hostpython3/desktop/hostpython3/Parser/tokenizer.c:5[m[K:
[01m[K/mnt/c/Users/maxi-/OneDrive/Desktop/app_codigo/EncryptorApp/.buildozer/android/platform/build-arm64-v8a_armeabi-v7a/build/other_builds/hostpython3/desktop/hostpython3/Include/cpython/pytime.h:176:59:[m[K [01;35m[Kwarning: [m[K‘[01m[Kstruct timeval[m[K’ declared inside parameter list will not be visible outside of this definition or declaration
  176 | PyAPI_FUNC(int) _PyTime_FromTimeval(_PyTime_t *tp, struct [01;35m[Ktimeval[m[K *tv);
      |                                                           [01;35m[K^~~~~~~[m[K
[01m[K/mnt/c/Users/maxi-/OneDrive/Desktop/app_codigo/EncryptorApp/.buildozer/android/platform/build-arm64-v8a_armeabi-v7a/build/other_builds/hostpython3/desktop/hostpython3/Include/cpython/pytime.h:184:12:[m[K [01;35m[Kwarning: [m[K‘[01m[Kstruct timeval[m[K’ declared inside parameter list will not be visible outside of this definition or declaration
  184 |     struct [01;35m[Ktimeval[m[K *tv,
      |            [01;35m[K^~~~~~~[m[K
[01m[K/mnt/c/Users/maxi-/OneDrive/Desktop/app_codigo/EncryptorApp/.buildozer/android/platform/build-arm64-v8a_armeabi-v7a/build/other_builds/hostpython3/desktop/hostpython3/Include/cpython/pytime.h:190:12:[m[K [01;35m[Kwarning: [m[K‘[01m[Kstruct timeval[m[K’ declared inside parameter list will not be visible outside of this definition or declaration
  190 |     struct [01;35m[Ktimeval[m[K *tv,
      |            [01;35m[K^~~~~~~[m[K
In file included from [01m[K/mnt/c/Users/maxi-/OneDrive/Desktop/app_codigo/EncryptorApp/.buildozer/android/platform/build-arm64-v8a_armeabi-v7a/build/other_builds/hostpython3/desktop/hostpython3/Include/Python.h:86[m[K,
                 from [01m[K/mnt/c/Users/maxi-/OneDrive/Desktop/app_codigo/EncryptorApp/.buildozer/android/platform/build-arm64-v8a_armeabi-v7a/build/other_builds/hostpython3/desktop/hostpython3/Objects/accu.c:3[m[K:
[01m[K/mnt/c/Users/maxi-/OneDrive/Desktop/app_codigo/EncryptorApp/.buildozer/android/platform/build-arm64-v8a_armeabi-v7a/build/other_builds/hostpython3/desktop/hostpython3/Include/cpython/pytime.h:176:59:[m[K [01;35m[Kwarning: [m[K‘[01m[Kstruct timeval[m[K’ declared inside parameter list will not be visible outside of this definition or declaration
  176 | PyAPI_FUNC(int) _PyTime_FromTimeval(_PyTime_t *tp, struct [01;35m[Ktimeval[m[K *tv);
      |                                                           [01;35m[K^~~~~~~[m[K
[01m[K/mnt/c/Users/maxi-/OneDrive/Desktop/app_codigo/EncryptorApp/.buildozer/android/platform/build-arm64-v8a_armeabi-v7a/build/other_builds/hostpython3/desktop/hostpython3/Include/cpython/pytime.h:184:12:[m[K [01;35m[Kwarning: [m[K‘[01m[Kstruct timeval[m[K’ declared inside parameter list will not be visible outside of this definition or declaration
  184 |     struct [01;35m[Ktimeval[m[K *tv,
      |            [01;35m[K^~~~~~~[m[K
[01m[K/mnt/c/Users/maxi-/OneDrive/Desktop/app_codigo/EncryptorApp/.buildozer/android/platform/build-arm64-v8a_armeabi-v7a/build/other_builds/hostpython3/desktop/hostpython3/Include/cpython/pytime.h:190:12:[m[K [01;35m[Kwarning: [m[K‘[01m[Kstruct timeval[m[K’ declared inside parameter list will not be visible outside of this definition or declaration
  190 |     struct [01;35m[Ktimeval[m[K *tv,
      |            [01;35m[K^~~~~~~[m[K
In file included from [01m[K/mnt/c/Users/maxi-/OneDrive/Desktop/app_codigo/EncryptorApp/.buildozer/android/platform/build-arm64-v8a_armeabi-v7a/build/other_builds/hostpython3/desktop/hostpython3/Include/pythread.h:126[m[K,
                 from [01m[K/mnt/c/Users/maxi-/OneDrive/Desktop/app_codigo/EncryptorApp/.buildozer/android/platform/build-arm64-v8a_armeabi-v7a/build/other_builds/hostpython3/desktop/hostpython3/Include/Python.h:89[m[K:
[01m[K/mnt/c/Users/maxi-/OneDrive/Desktop/app_codigo/EncryptorApp/.buildozer/android/platform/build-arm64-v8a_armeabi-v7a/build/other_builds/hostpython3/desktop/hostpython3/Include/cpython/pythread.h:27:5:[m[K [01;31m[Kerror: [m[K#error "Require native threads. See https://bugs.python.org/issue31370"
   27 | #   [01;31m[Kerror[m[K "Require native threads. See https://bugs.python.org/issue31370"
      |     [01;31m[K^~~~~[m[K
[01m[K/mnt/c/Users/maxi-/OneDrive/Desktop/app_codigo/EncryptorApp/.buildozer/android/platform/build-arm64-v8a_armeabi-v7a/build/other_builds/hostpython3/desktop/hostpython3/Include/cpython/pythread.h:36:5:[m[K [01;31m[Kerror: [m[Kunknown type name ‘[01m[KNATIVE_TSS_KEY_T[m[K’
   36 |     [01;31m[KNATIVE_TSS_KEY_T[m[K _key;
      |     [01;31m[K^~~~~~~~~~~~~~~~[m[K
In file included from [01m[K/mnt/c/Users/maxi-/OneDrive/Desktop/app_codigo/EncryptorApp/.buildozer/android/platform/build-arm64-v8a_armeabi-v7a/build/other_builds/hostpython3/desktop/hostpython3/Include/pythread.h:126[m[K,
                 from [01m[K/mnt/c/Users/maxi-/OneDrive/Desktop/app_codigo/EncryptorApp/.buildozer/android/platform/build-arm64-v8a_armeabi-v7a/build/other_builds/hostpython3/desktop/hostpython3/Include/Python.h:89[m[K:
[01m[K/mnt/c/Users/maxi-/OneDrive/Desktop/app_codigo/EncryptorApp/.buildozer/android/platform/build-arm64-v8a_armeabi-v7a/build/other_builds/hostpython3/desktop/hostpython3/Include/cpython/pythread.h:27:5:[m[K [01;31m[Kerror: [m[K#error "Require native threads. See https://bugs.python.org/issue31370"
   27 | #   [01;31m[Kerror[m[K "Require native threads. See https://bugs.python.org/issue31370"
      |     [01;31m[K^~~~~[m[K
[01m[K/mnt/c/Users/maxi-/OneDrive/Desktop/app_codigo/EncryptorApp/.buildozer/android/platform/build-arm64-v8a_armeabi-v7a/build/other_builds/hostpython3/desktop/hostpython3/Include/cpython/pythread.h:36:5:[m[K [01;31m[Kerror: [m[Kunknown type name ‘[01m[KNATIVE_TSS_KEY_T[m[K’
   36 |     [01;31m[KNATIVE_TSS_KEY_T[m[K _key;
      |     [01;31m[K^~~~~~~~~~~~~~~~[m[K
In file included from [01m[K/mnt/c/Users/maxi-/OneDrive/Desktop/app_codigo/EncryptorApp/.buildozer/android/platform/build-arm64-v8a_armeabi-v7a/build/other_builds/hostpython3/desktop/hostpython3/Include/pythread.h:126[m[K,
                 from [01m[K/mnt/c/Users/maxi-/OneDrive/Desktop/app_codigo/EncryptorApp/.buildozer/android/platform/build-arm64-v8a_armeabi-v7a/build/other_builds/hostpython3/desktop/hostpython3/Include/Python.h:89[m[K:
[01m[K/mnt/c/Users/maxi-/OneDrive/Desktop/app_codigo/EncryptorApp/.buildozer/android/platform/build-arm64-v8a_armeabi-v7a/build/other_builds/hostpython3/desktop/hostpython3/Include/cpython/pythread.h:27:5:[m[K [01;31m[Kerror: [m[K#error "Require native threads. See https://bugs.python.org/issue31370"
   27 | #   [01;31m[Kerror[m[K "Require native threads. See https://bugs.python.org/issue31370"
      |     [01;31m[K^~~~~[m[K
[01m[K/mnt/c/Users/maxi-/OneDrive/Desktop/app_codigo/EncryptorApp/.buildozer/android/platform/build-arm64-v8a_armeabi-v7a/build/other_builds/hostpython3/desktop/hostpython3/Include/cpython/pythread.h:36:5:[m[K [01;31m[Kerror: [m[Kunknown type name ‘[01m[KNATIVE_TSS_KEY_T[m[K’
   36 |     [01;31m[KNATIVE_TSS_KEY_T[m[K _key;
      |     [01;31m[K^~~~~~~~~~~~~~~~[m[K
In file included from [01m[K/mnt/c/Users/maxi-/OneDrive/Desktop/app_codigo/EncryptorApp/.buildozer/android/platform/build-arm64-v8a_armeabi-v7a/build/other_builds/hostpython3/desktop/hostpython3/Include/pythread.h:126[m[K,
                 from [01m[K/mnt/c/Users/maxi-/OneDrive/Desktop/app_codigo/EncryptorApp/.buildozer/android/platform/build-arm64-v8a_armeabi-v7a/build/other_builds/hostpython3/desktop/hostpython3/Include/Python.h:89[m[K:
[01m[K/mnt/c/Users/maxi-/OneDrive/Desktop/app_codigo/EncryptorApp/.buildozer/android/platform/build-arm64-v8a_armeabi-v7a/build/other_builds/hostpython3/desktop/hostpython3/Include/cpython/pythread.h:27:5:[m[K [01;31m[Kerror: [m[K#error "Require native threads. See https://bugs.python.org/issue31370"
   27 | #   [01;31m[Kerror[m[K "Require native threads. See https://bugs.python.org/issue31370"
      |     [01;31m[K^~~~~[m[K
[01m[K/mnt/c/Users/maxi-/OneDrive/Desktop/app_codigo/EncryptorApp/.buildozer/android/platform/build-arm64-v8a_armeabi-v7a/build/other_builds/hostpython3/desktop/hostpython3/Include/cpython/pythread.h:36:5:[m[K [01;31m[Kerror: [m[Kunknown type name ‘[01m[KNATIVE_TSS_KEY_T[m[K’
   36 |     [01;31m[KNATIVE_TSS_KEY_T[m[K _key;
      |     [01;31m[K^~~~~~~~~~~~~~~~[m[K
make: *** [Makefile:2486: Parser/peg_api.o] Error 1
make: *** [Makefile:2486: Parser/action_helpers.o] Error 1
In file included from [01m[K/mnt/c/Users/maxi-/OneDrive/Desktop/app_codigo/EncryptorApp/.buildozer/android/platform/build-arm64-v8a_armeabi-v7a/build/other_builds/hostpython3/desktop/hostpython3/Include/internal/pycore_gil.h:12[m[K,
                 from [01m[K/mnt/c/Users/maxi-/OneDrive/Desktop/app_codigo/EncryptorApp/.buildozer/android/platform/build-arm64-v8a_armeabi-v7a/build/other_builds/hostpython3/desktop/hostpython3/Include/internal/pycore_runtime.h:12[m[K,
                 from [01m[K/mnt/c/Users/maxi-/OneDrive/Desktop/app_codigo/EncryptorApp/.buildozer/android/platform/build-arm64-v8a_armeabi-v7a/build/other_builds/hostpython3/desktop/hostpython3/Include/internal/pycore_pystate.h:11[m[K,
                 from [01m[K/mnt/c/Users/maxi-/OneDrive/Desktop/app_codigo/EncryptorApp/.buildozer/android/platform/build-arm64-v8a_armeabi-v7a/build/other_builds/hostpython3/desktop/hostpython3/Parser/pegen.c:3[m[K:
[01m[K/mnt/c/Users/maxi-/OneDrive/Desktop/app_codigo/EncryptorApp/.buildozer/android/platform/build-arm64-v8a_armeabi-v7a/build/other_builds/hostpython3/desktop/hostpython3/Include/internal/pycore_condvar.h:28:18:[m[K [01;31m[Kerror: [m[Kunknown type name ‘[01m[Kpthread_cond_t[m[K’
   28 | #define PyCOND_T [01;31m[Kpthread_cond_t[m[K
      |                  [01;31m[K^~~~~~~~~~~~~~[m[K
[01m[K/mnt/c/Users/maxi-/OneDrive/Desktop/app_codigo/EncryptorApp/.buildozer/android/platform/build-arm64-v8a_armeabi-v7a/build/other_builds/hostpython3/desktop/hostpython3/Include/internal/pycore_gil.h:37:5:[m[K [01;36m[Knote: [m[Kin expansion of macro ‘[01m[KPyCOND_T[m[K’
   37 |     [01;36m[KPyCOND_T[m[K cond;
      |     [01;36m[K^~~~~~~~[m[K
[01m[K/mnt/c/Users/maxi-/OneDrive/Desktop/app_codigo/EncryptorApp/.buildozer/android/platform/build-arm64-v8a_armeabi-v7a/build/other_builds/hostpython3/desktop/hostpython3/Include/internal/pycore_condvar.h:27:19:[m[K [01;31m[Kerror: [m[Kunknown type name ‘[01m[Kpthread_mutex_t[m[K’
   27 | #define PyMUTEX_T [01;31m[Kpthread_mutex_t[m[K
      |                   [01;31m[K^~~~~~~~~~~~~~~[m[K
[01m[K/mnt/c/Users/maxi-/OneDrive/Desktop/app_codigo/EncryptorApp/.buildozer/android/platform/build-arm64-v8a_armeabi-v7a/build/other_builds/hostpython3/desktop/hostpython3/Include/internal/pycore_gil.h:38:5:[m[K [01;36m[Knote: [m[Kin expansion of macro ‘[01m[KPyMUTEX_T[m[K’
   38 |     [01;36m[KPyMUTEX_T[m[K mutex;
      |     [01;36m[K^~~~~~~~~[m[K
[01m[K/mnt/c/Users/maxi-/OneDrive/Desktop/app_codigo/EncryptorApp/.buildozer/android/platform/build-arm64-v8a_armeabi-v7a/build/other_builds/hostpython3/desktop/hostpython3/Include/internal/pycore_condvar.h:28:18:[m[K [01;31m[Kerror: [m[Kunknown type name ‘[01m[Kpthread_cond_t[m[K’
   28 | #define PyCOND_T [01;31m[Kpthread_cond_t[m[K
      |                  [01;31m[K^~~~~~~~~~~~~~[m[K
[01m[K/mnt/c/Users/maxi-/OneDrive/Desktop/app_codigo/EncryptorApp/.buildozer/android/platform/build-arm64-v8a_armeabi-v7a/build/other_builds/hostpython3/desktop/hostpython3/Include/internal/pycore_gil.h:42:5:[m[K [01;36m[Knote: [m[Kin expansion of macro ‘[01m[KPyCOND_T[m[K’
   42 |     [01;36m[KPyCOND_T[m[K switch_cond;
      |     [01;36m[K^~~~~~~~[m[K
[01m[K/mnt/c/Users/maxi-/OneDrive/Desktop/app_codigo/EncryptorApp/.buildozer/android/platform/build-arm64-v8a_armeabi-v7a/build/other_builds/hostpython3/desktop/hostpython3/Include/internal/pycore_condvar.h:27:19:[m[K [01;31m[Kerror: [m[Kunknown type name ‘[01m[Kpthread_mutex_t[m[K’
   27 | #define PyMUTEX_T [01;31m[Kpthread_mutex_t[m[K
      |                   [01;31m[K^~~~~~~~~~~~~~~[m[K
[01m[K/mnt/c/Users/maxi-/OneDrive/Desktop/app_codigo/EncryptorApp/.buildozer/android/platform/build-arm64-v8a_armeabi-v7a/build/other_builds/hostpython3/desktop/hostpython3/Include/internal/pycore_gil.h:43:5:[m[K [01;36m[Knote: [m[Kin expansion of macro ‘[01m[KPyMUTEX_T[m[K’
   43 |     [01;36m[KPyMUTEX_T[m[K switch_mutex;
      |     [01;36m[K^~~~~~~~~[m[K
make: *** [Makefile:2486: Parser/pegen_errors.o] Error 1
In file included from [01m[K/mnt/c/Users/maxi-/OneDrive/Desktop/app_codigo/EncryptorApp/.buildozer/android/platform/build-arm64-v8a_armeabi-v7a/build/other_builds/hostpython3/desktop/hostpython3/Include/internal/pycore_interp.h:15[m[K,
                 from [01m[K/mnt/c/Users/maxi-/OneDrive/Desktop/app_codigo/EncryptorApp/.buildozer/android/platform/build-arm64-v8a_armeabi-v7a/build/other_builds/hostpython3/desktop/hostpython3/Include/internal/pycore_runtime.h:14[m[K:
[01m[K/mnt/c/Users/maxi-/OneDrive/Desktop/app_codigo/EncryptorApp/.buildozer/android/platform/build-arm64-v8a_armeabi-v7a/build/other_builds/hostpython3/desktop/hostpython3/Include/internal/pycore_code.h:[m[K In function ‘[01m[Kwrite_obj[m[K’:
In file included from [01m[K/mnt/c/Users/maxi-/OneDrive/Desktop/app_codigo/EncryptorApp/.buildozer/android/platform/build-arm64-v8a_armeabi-v7a/build/other_builds/hostpython3/desktop/hostpython3/Parser/myreadline.c:13[m[K:
[01m[K/mnt/c/Users/maxi-/OneDrive/Desktop/app_codigo/EncryptorApp/.buildozer/android/platform/build-arm64-v8a_armeabi-v7a/build/other_builds/hostpython3/desktop/hostpython3/Include/internal/pycore_fileutils.h:82:27:[m[K [01;35m[Kwarning: [m[K‘[01m[Kstruct stat[m[K’ declared inside parameter list will not be visible outside of this definition or declaration
   82 | #  define _Py_stat_struct [01;35m[Kstat[m[K
      |                           [01;35m[K^~~~[m[K
[01m[K/mnt/c/Users/maxi-/OneDrive/Desktop/app_codigo/EncryptorApp/.buildozer/android/platform/build-arm64-v8a_armeabi-v7a/build/other_builds/hostpython3/desktop/hostpython3/Include/internal/pycore_fileutils.h:87:12:[m[K [01;36m[Knote: [m[Kin expansion of macro ‘[01m[K_Py_stat_struct[m[K’
   87 |     struct [01;36m[K_Py_stat_struct[m[K *status);
      |            [01;36m[K^~~~~~~~~~~~~~~[m[K
[01m[K/mnt/c/Users/maxi-/OneDrive/Desktop/app_codigo/EncryptorApp/.buildozer/android/platform/build-arm64-v8a_armeabi-v7a/build/other_builds/hostpython3/desktop/hostpython3/Include/internal/pycore_fileutils.h:82:27:[m[K [01;35m[Kwarning: [m[K‘[01m[Kstruct stat[m[K’ declared inside parameter list will not be visible outside of this definition or declaration
   82 | #  define _Py_stat_struct [01;35m[Kstat[m[K
      |                           [01;35m[K^~~~[m[K
[01m[K/mnt/c/Users/maxi-/OneDrive/Desktop/app_codigo/EncryptorApp/.buildozer/android/platform/build-arm64-v8a_armeabi-v7a/build/other_builds/hostpython3/desktop/hostpython3/Include/internal/pycore_fileutils.h:91:12:[m[K [01;36m[Knote: [m[Kin expansion of macro ‘[01m[K_Py_stat_struct[m[K’
   91 |     struct [01;36m[K_Py_stat_struct[m[K *status);
      |            [01;36m[K^~~~~~~~~~~~~~~[m[K
[01m[K/mnt/c/Users/maxi-/OneDrive/Desktop/app_codigo/EncryptorApp/.buildozer/android/platform/build-arm64-v8a_armeabi-v7a/build/other_builds/hostpython3/desktop/hostpython3/Include/internal/pycore_fileutils.h:95:12:[m[K [01;35m[Kwarning: [m[K‘[01m[Kstruct stat[m[K’ declared inside parameter list will not be visible outside of this definition or declaration
   95 |     struct [01;35m[Kstat[m[K *status);
      |            [01;35m[K^~~~[m[K
[01m[K/mnt/c/Users/maxi-/OneDrive/Desktop/app_codigo/EncryptorApp/.buildozer/android/platform/build-arm64-v8a_armeabi-v7a/build/other_builds/hostpython3/desktop/hostpython3/Include/internal/pycore_code.h:423:6:[m[K [01;31m[Kerror: [m[K#error "SIZEOF_VOID_P must be 4 or 8"
  423 |     #[01;31m[Kerror[m[K "SIZEOF_VOID_P must be 4 or 8"
      |      [01;31m[K^~~~~[m[K
[01m[K/mnt/c/Users/maxi-/OneDrive/Desktop/app_codigo/EncryptorApp/.buildozer/android/platform/build-arm64-v8a_armeabi-v7a/build/other_builds/hostpython3/desktop/hostpython3/Include/internal/pycore_code.h:417:15:[m[K [01;35m[Kwarning: [m[Kunused variable ‘[01m[Kval[m[K’ [[01;35m[K]8;;https://gcc.gnu.org/onlinedocs/gcc/Warning-Options.html#index-Wunused-variable-Wunused-variable]8;;[m[K]
  417 |     uintptr_t [01;35m[Kval[m[K = (uintptr_t)obj;
      |               [01;35m[K^~~[m[K
[01m[K/mnt/c/Users/maxi-/OneDrive/Desktop/app_codigo/EncryptorApp/.buildozer/android/platform/build-arm64-v8a_armeabi-v7a/build/other_builds/hostpython3/desktop/hostpython3/Include/internal/pycore_fileutils.h:202:35:[m[K [01;35m[Kwarning: [m[K‘[01m[Kstruct stat[m[K’ declared inside parameter list will not be visible outside of this definition or declaration
  202 | _Py_wstat(const wchar_t *, struct [01;35m[Kstat[m[K *);
      |                                   [01;35m[K^~~~[m[K
[01m[K/mnt/c/Users/maxi-/OneDrive/Desktop/app_codigo/EncryptorApp/.buildozer/android/platform/build-arm64-v8a_armeabi-v7a/build/other_builds/hostpython3/desktop/hostpython3/Include/internal/pycore_code.h:[m[K In function ‘[01m[Kread_obj[m[K’:
[01m[K/mnt/c/Users/maxi-/OneDrive/Desktop/app_codigo/EncryptorApp/.buildozer/android/platform/build-arm64-v8a_armeabi-v7a/build/other_builds/hostpython3/desktop/hostpython3/Include/internal/pycore_code.h:436:6:[m[K [01;31m[Kerror: [m[K#error "SIZEOF_VOID_P must be 4 or 8"
  436 |     #[01;31m[Kerror[m[K "SIZEOF_VOID_P must be 4 or 8"
      |      [01;31m[K^~~~~[m[K
make: *** [Makefile:2486: Objects/accu.o] Error 1
make: *** [Makefile:2486: Parser/string_parser.o] Error 1
In file included from [01m[K/mnt/c/Users/maxi-/OneDrive/Desktop/app_codigo/EncryptorApp/.buildozer/android/platform/build-arm64-v8a_armeabi-v7a/build/other_builds/hostpython3/desktop/hostpython3/Include/internal/pycore_gil.h:12[m[K,
                 from [01m[K/mnt/c/Users/maxi-/OneDrive/Desktop/app_codigo/EncryptorApp/.buildozer/android/platform/build-arm64-v8a_armeabi-v7a/build/other_builds/hostpython3/desktop/hostpython3/Include/internal/pycore_runtime.h:12[m[K,
                 from [01m[K/mnt/c/Users/maxi-/OneDrive/Desktop/app_codigo/EncryptorApp/.buildozer/android/platform/build-arm64-v8a_armeabi-v7a/build/other_builds/hostpython3/desktop/hostpython3/Include/internal/pycore_pystate.h:11[m[K,
                 from [01m[K/mnt/c/Users/maxi-/OneDrive/Desktop/app_codigo/EncryptorApp/.buildozer/android/platform/build-arm64-v8a_armeabi-v7a/build/other_builds/hostpython3/desktop/hostpython3/Include/internal/pycore_call.h:11[m[K,
                 from [01m[K/mnt/c/Users/maxi-/OneDrive/Desktop/app_codigo/EncryptorApp/.buildozer/android/platform/build-arm64-v8a_armeabi-v7a/build/other_builds/hostpython3/desktop/hostpython3/Parser/tokenizer.c:6[m[K:
[01m[K/mnt/c/Users/maxi-/OneDrive/Desktop/app_codigo/EncryptorApp/.buildozer/android/platform/build-arm64-v8a_armeabi-v7a/build/other_builds/hostpython3/desktop/hostpython3/Include/internal/pycore_condvar.h:28:18:[m[K [01;31m[Kerror: [m[Kunknown type name ‘[01m[Kpthread_cond_t[m[K’
   28 | #define PyCOND_T [01;31m[Kpthread_cond_t[m[K
      |                  [01;31m[K^~~~~~~~~~~~~~[m[K
[01m[K/mnt/c/Users/maxi-/OneDrive/Desktop/app_codigo/EncryptorApp/.buildozer/android/platform/build-arm64-v8a_armeabi-v7a/build/other_builds/hostpython3/desktop/hostpython3/Include/internal/pycore_gil.h:37:5:[m[K [01;36m[Knote: [m[Kin expansion of macro ‘[01m[KPyCOND_T[m[K’
   37 |     [01;36m[KPyCOND_T[m[K cond;
      |     [01;36m[K^~~~~~~~[m[K
[01m[K/mnt/c/Users/maxi-/OneDrive/Desktop/app_codigo/EncryptorApp/.buildozer/android/platform/build-arm64-v8a_armeabi-v7a/build/other_builds/hostpython3/desktop/hostpython3/Include/internal/pycore_condvar.h:27:19:[m[K [01;31m[Kerror: [m[Kunknown type name ‘[01m[Kpthread_mutex_t[m[K’
   27 | #define PyMUTEX_T [01;31m[Kpthread_mutex_t[m[K
      |                   [01;31m[K^~~~~~~~~~~~~~~[m[K
[01m[K/mnt/c/Users/maxi-/OneDrive/Desktop/app_codigo/EncryptorApp/.buildozer/android/platform/build-arm64-v8a_armeabi-v7a/build/other_builds/hostpython3/desktop/hostpython3/Include/internal/pycore_gil.h:38:5:[m[K [01;36m[Knote: [m[Kin expansion of macro ‘[01m[KPyMUTEX_T[m[K’
   38 |     [01;36m[KPyMUTEX_T[m[K mutex;
      |     [01;36m[K^~~~~~~~~[m[K
[01m[K/mnt/c/Users/maxi-/OneDrive/Desktop/app_codigo/EncryptorApp/.buildozer/android/platform/build-arm64-v8a_armeabi-v7a/build/other_builds/hostpython3/desktop/hostpython3/Include/internal/pycore_condvar.h:28:18:[m[K [01;31m[Kerror: [m[Kunknown type name ‘[01m[Kpthread_cond_t[m[K’
   28 | #define PyCOND_T [01;31m[Kpthread_cond_t[m[K
      |                  [01;31m[K^~~~~~~~~~~~~~[m[K
[01m[K/mnt/c/Users/maxi-/OneDrive/Desktop/app_codigo/EncryptorApp/.buildozer/android/platform/build-arm64-v8a_armeabi-v7a/build/other_builds/hostpython3/desktop/hostpython3/Include/internal/pycore_gil.h:42:5:[m[K [01;36m[Knote: [m[Kin expansion of macro ‘[01m[KPyCOND_T[m[K’
   42 |     [01;36m[KPyCOND_T[m[K switch_cond;
      |     [01;36m[K^~~~~~~~[m[K
[01m[K/mnt/c/Users/maxi-/OneDrive/Desktop/app_codigo/EncryptorApp/.buildozer/android/platform/build-arm64-v8a_armeabi-v7a/build/other_builds/hostpython3/desktop/hostpython3/Include/internal/pycore_condvar.h:27:19:[m[K [01;31m[Kerror: [m[Kunknown type name ‘[01m[Kpthread_mutex_t[m[K’
   27 | #define PyMUTEX_T [01;31m[Kpthread_mutex_t[m[K
      |                   [01;31m[K^~~~~~~~~~~~~~~[m[K
[01m[K/mnt/c/Users/maxi-/OneDrive/Desktop/app_codigo/EncryptorApp/.buildozer/android/platform/build-arm64-v8a_armeabi-v7a/build/other_builds/hostpython3/desktop/hostpython3/Include/internal/pycore_gil.h:43:5:[m[K [01;36m[Knote: [m[Kin expansion of macro ‘[01m[KPyMUTEX_T[m[K’
   43 |     [01;36m[KPyMUTEX_T[m[K switch_mutex;
      |     [01;36m[K^~~~~~~~~[m[K
In file included from [01m[K/mnt/c/Users/maxi-/OneDrive/Desktop/app_codigo/EncryptorApp/.buildozer/android/platform/build-arm64-v8a_armeabi-v7a/build/other_builds/hostpython3/desktop/hostpython3/Include/internal/pycore_gil.h:12[m[K,
                 from [01m[K/mnt/c/Users/maxi-/OneDrive/Desktop/app_codigo/EncryptorApp/.buildozer/android/platform/build-arm64-v8a_armeabi-v7a/build/other_builds/hostpython3/desktop/hostpython3/Include/internal/pycore_runtime.h:12[m[K,
                 from [01m[K/mnt/c/Users/maxi-/OneDrive/Desktop/app_codigo/EncryptorApp/.buildozer/android/platform/build-arm64-v8a_armeabi-v7a/build/other_builds/hostpython3/desktop/hostpython3/Include/internal/pycore_pystate.h:11[m[K,
                 from [01m[K/mnt/c/Users/maxi-/OneDrive/Desktop/app_codigo/EncryptorApp/.buildozer/android/platform/build-arm64-v8a_armeabi-v7a/build/other_builds/hostpython3/desktop/hostpython3/Include/internal/pycore_call.h:11[m[K,
                 from [01m[K/mnt/c/Users/maxi-/OneDrive/Desktop/app_codigo/EncryptorApp/.buildozer/android/platform/build-arm64-v8a_armeabi-v7a/build/other_builds/hostpython3/desktop/hostpython3/Objects/abstract.c:5[m[K:
[01m[K/mnt/c/Users/maxi-/OneDrive/Desktop/app_codigo/EncryptorApp/.buildozer/android/platform/build-arm64-v8a_armeabi-v7a/build/other_builds/hostpython3/desktop/hostpython3/Include/internal/pycore_condvar.h:28:18:[m[K [01;31m[Kerror: [m[Kunknown type name ‘[01m[Kpthread_cond_t[m[K’
   28 | #define PyCOND_T [01;31m[Kpthread_cond_t[m[K
      |                  [01;31m[K^~~~~~~~~~~~~~[m[K
[01m[K/mnt/c/Users/maxi-/OneDrive/Desktop/app_codigo/EncryptorApp/.buildozer/android/platform/build-arm64-v8a_armeabi-v7a/build/other_builds/hostpython3/desktop/hostpython3/Include/internal/pycore_gil.h:37:5:[m[K [01;36m[Knote: [m[Kin expansion of macro ‘[01m[KPyCOND_T[m[K’
   37 |     [01;36m[KPyCOND_T[m[K cond;
      |     [01;36m[K^~~~~~~~[m[K
[01m[K/mnt/c/Users/maxi-/OneDrive/Desktop/app_codigo/EncryptorApp/.buildozer/android/platform/build-arm64-v8a_armeabi-v7a/build/other_builds/hostpython3/desktop/hostpython3/Include/internal/pycore_condvar.h:27:19:[m[K [01;31m[Kerror: [m[Kunknown type name ‘[01m[Kpthread_mutex_t[m[K’
   27 | #define PyMUTEX_T [01;31m[Kpthread_mutex_t[m[K
      |                   [01;31m[K^~~~~~~~~~~~~~~[m[K
[01m[K/mnt/c/Users/maxi-/OneDrive/Desktop/app_codigo/EncryptorApp/.buildozer/android/platform/build-arm64-v8a_armeabi-v7a/build/other_builds/hostpython3/desktop/hostpython3/Include/internal/pycore_gil.h:38:5:[m[K [01;36m[Knote: [m[Kin expansion of macro ‘[01m[KPyMUTEX_T[m[K’
   38 |     [01;36m[KPyMUTEX_T[m[K mutex;
      |     [01;36m[K^~~~~~~~~[m[K
[01m[K/mnt/c/Users/maxi-/OneDrive/Desktop/app_codigo/EncryptorApp/.buildozer/android/platform/build-arm64-v8a_armeabi-v7a/build/other_builds/hostpython3/desktop/hostpython3/Include/internal/pycore_condvar.h:28:18:[m[K [01;31m[Kerror: [m[Kunknown type name ‘[01m[Kpthread_cond_t[m[K’
   28 | #define PyCOND_T [01;31m[Kpthread_cond_t[m[K
      |                  [01;31m[K^~~~~~~~~~~~~~[m[K
[01m[K/mnt/c/Users/maxi-/OneDrive/Desktop/app_codigo/EncryptorApp/.buildozer/android/platform/build-arm64-v8a_armeabi-v7a/build/other_builds/hostpython3/desktop/hostpython3/Include/internal/pycore_gil.h:42:5:[m[K [01;36m[Knote: [m[Kin expansion of macro ‘[01m[KPyCOND_T[m[K’
   42 |     [01;36m[KPyCOND_T[m[K switch_cond;
      |     [01;36m[K^~~~~~~~[m[K
[01m[K/mnt/c/Users/maxi-/OneDrive/Desktop/app_codigo/EncryptorApp/.buildozer/android/platform/build-arm64-v8a_armeabi-v7a/build/other_builds/hostpython3/desktop/hostpython3/Include/internal/pycore_condvar.h:27:19:[m[K [01;31m[Kerror: [m[Kunknown type name ‘[01m[Kpthread_mutex_t[m[K’
   27 | #define PyMUTEX_T [01;31m[Kpthread_mutex_t[m[K
      |                   [01;31m[K^~~~~~~~~~~~~~~[m[K
[01m[K/mnt/c/Users/maxi-/OneDrive/Desktop/app_codigo/EncryptorApp/.buildozer/android/platform/build-arm64-v8a_armeabi-v7a/build/other_builds/hostpython3/desktop/hostpython3/Include/internal/pycore_gil.h:43:5:[m[K [01;36m[Knote: [m[Kin expansion of macro ‘[01m[KPyMUTEX_T[m[K’
   43 |     [01;36m[KPyMUTEX_T[m[K switch_mutex;
      |     [01;36m[K^~~~~~~~~[m[K
In file included from [01m[K/mnt/c/Users/maxi-/OneDrive/Desktop/app_codigo/EncryptorApp/.buildozer/android/platform/build-arm64-v8a_armeabi-v7a/build/other_builds/hostpython3/desktop/hostpython3/Include/internal/pycore_gil.h:12[m[K,
                 from [01m[K/mnt/c/Users/maxi-/OneDrive/Desktop/app_codigo/EncryptorApp/.buildozer/android/platform/build-arm64-v8a_armeabi-v7a/build/other_builds/hostpython3/desktop/hostpython3/Include/internal/pycore_runtime.h:12[m[K,
                 from [01m[K/mnt/c/Users/maxi-/OneDrive/Desktop/app_codigo/EncryptorApp/.buildozer/android/platform/build-arm64-v8a_armeabi-v7a/build/other_builds/hostpython3/desktop/hostpython3/Include/internal/pycore_pystate.h:11[m[K,
                 from [01m[K/mnt/c/Users/maxi-/OneDrive/Desktop/app_codigo/EncryptorApp/.buildozer/android/platform/build-arm64-v8a_armeabi-v7a/build/other_builds/hostpython3/desktop/hostpython3/Parser/myreadline.c:14[m[K:
[01m[K/mnt/c/Users/maxi-/OneDrive/Desktop/app_codigo/EncryptorApp/.buildozer/android/platform/build-arm64-v8a_armeabi-v7a/build/other_builds/hostpython3/desktop/hostpython3/Include/internal/pycore_condvar.h:28:18:[m[K [01;31m[Kerror: [m[Kunknown type name ‘[01m[Kpthread_cond_t[m[K’
   28 | #define PyCOND_T [01;31m[Kpthread_cond_t[m[K
      |                  [01;31m[K^~~~~~~~~~~~~~[m[K
[01m[K/mnt/c/Users/maxi-/OneDrive/Desktop/app_codigo/EncryptorApp/.buildozer/android/platform/build-arm64-v8a_armeabi-v7a/build/other_builds/hostpython3/desktop/hostpython3/Include/internal/pycore_gil.h:37:5:[m[K [01;36m[Knote: [m[Kin expansion of macro ‘[01m[KPyCOND_T[m[K’
   37 |     [01;36m[KPyCOND_T[m[K cond;
      |     [01;36m[K^~~~~~~~[m[K
[01m[K/mnt/c/Users/maxi-/OneDrive/Desktop/app_codigo/EncryptorApp/.buildozer/android/platform/build-arm64-v8a_armeabi-v7a/build/other_builds/hostpython3/desktop/hostpython3/Include/internal/pycore_condvar.h:27:19:[m[K [01;31m[Kerror: [m[Kunknown type name ‘[01m[Kpthread_mutex_t[m[K’
   27 | #define PyMUTEX_T [01;31m[Kpthread_mutex_t[m[K
      |                   [01;31m[K^~~~~~~~~~~~~~~[m[K
[01m[K/mnt/c/Users/maxi-/OneDrive/Desktop/app_codigo/EncryptorApp/.buildozer/android/platform/build-arm64-v8a_armeabi-v7a/build/other_builds/hostpython3/desktop/hostpython3/Include/internal/pycore_gil.h:38:5:[m[K [01;36m[Knote: [m[Kin expansion of macro ‘[01m[KPyMUTEX_T[m[K’
   38 |     [01;36m[KPyMUTEX_T[m[K mutex;
      |     [01;36m[K^~~~~~~~~[m[K
[01m[K/mnt/c/Users/maxi-/OneDrive/Desktop/app_codigo/EncryptorApp/.buildozer/android/platform/build-arm64-v8a_armeabi-v7a/build/other_builds/hostpython3/desktop/hostpython3/Include/internal/pycore_condvar.h:28:18:[m[K [01;31m[Kerror: [m[Kunknown type name ‘[01m[Kpthread_cond_t[m[K’
   28 | #define PyCOND_T [01;31m[Kpthread_cond_t[m[K
      |                  [01;31m[K^~~~~~~~~~~~~~[m[K
[01m[K/mnt/c/Users/maxi-/OneDrive/Desktop/app_codigo/EncryptorApp/.buildozer/android/platform/build-arm64-v8a_armeabi-v7a/build/other_builds/hostpython3/desktop/hostpython3/Include/internal/pycore_gil.h:42:5:[m[K [01;36m[Knote: [m[Kin expansion of macro ‘[01m[KPyCOND_T[m[K’
   42 |     [01;36m[KPyCOND_T[m[K switch_cond;
      |     [01;36m[K^~~~~~~~[m[K
[01m[K/mnt/c/Users/maxi-/OneDrive/Desktop/app_codigo/EncryptorApp/.buildozer/android/platform/build-arm64-v8a_armeabi-v7a/build/other_builds/hostpython3/desktop/hostpython3/Include/internal/pycore_condvar.h:27:19:[m[K [01;31m[Kerror: [m[Kunknown type name ‘[01m[Kpthread_mutex_t[m[K’
   27 | #define PyMUTEX_T [01;31m[Kpthread_mutex_t[m[K
      |                   [01;31m[K^~~~~~~~~~~~~~~[m[K
[01m[K/mnt/c/Users/maxi-/OneDrive/Desktop/app_codigo/EncryptorApp/.buildozer/android/platform/build-arm64-v8a_armeabi-v7a/build/other_builds/hostpython3/desktop/hostpython3/Include/internal/pycore_gil.h:43:5:[m[K [01;36m[Knote: [m[Kin expansion of macro ‘[01m[KPyMUTEX_T[m[K’
   43 |     [01;36m[KPyMUTEX_T[m[K switch_mutex;
      |     [01;36m[K^~~~~~~~~[m[K
In file included from [01m[K/mnt/c/Users/maxi-/OneDrive/Desktop/app_codigo/EncryptorApp/.buildozer/android/platform/build-arm64-v8a_armeabi-v7a/build/other_builds/hostpython3/desktop/hostpython3/Include/internal/pycore_interp.h:15[m[K,
                 from [01m[K/mnt/c/Users/maxi-/OneDrive/Desktop/app_codigo/EncryptorApp/.buildozer/android/platform/build-arm64-v8a_armeabi-v7a/build/other_builds/hostpython3/desktop/hostpython3/Include/internal/pycore_runtime.h:14[m[K:
[01m[K/mnt/c/Users/maxi-/OneDrive/Desktop/app_codigo/EncryptorApp/.buildozer/android/platform/build-arm64-v8a_armeabi-v7a/build/other_builds/hostpython3/desktop/hostpython3/Include/internal/pycore_code.h:[m[K In function ‘[01m[Kwrite_obj[m[K’:
In file included from [01m[K/mnt/c/Users/maxi-/OneDrive/Desktop/app_codigo/EncryptorApp/.buildozer/android/platform/build-arm64-v8a_armeabi-v7a/build/other_builds/hostpython3/desktop/hostpython3/Include/internal/pycore_interp.h:15[m[K,
                 from [01m[K/mnt/c/Users/maxi-/OneDrive/Desktop/app_codigo/EncryptorApp/.buildozer/android/platform/build-arm64-v8a_armeabi-v7a/build/other_builds/hostpython3/desktop/hostpython3/Include/internal/pycore_runtime.h:14[m[K:
[01m[K/mnt/c/Users/maxi-/OneDrive/Desktop/app_codigo/EncryptorApp/.buildozer/android/platform/build-arm64-v8a_armeabi-v7a/build/other_builds/hostpython3/desktop/hostpython3/Include/internal/pycore_code.h:[m[K In function ‘[01m[Kwrite_obj[m[K’:
[01m[K/mnt/c/Users/maxi-/OneDrive/Desktop/app_codigo/EncryptorApp/.buildozer/android/platform/build-arm64-v8a_armeabi-v7a/build/other_builds/hostpython3/desktop/hostpython3/Include/internal/pycore_code.h:423:6:[m[K [01;31m[Kerror: [m[K#error "SIZEOF_VOID_P must be 4 or 8"
  423 |     #[01;31m[Kerror[m[K "SIZEOF_VOID_P must be 4 or 8"
      |      [01;31m[K^~~~~[m[K
[01m[K/mnt/c/Users/maxi-/OneDrive/Desktop/app_codigo/EncryptorApp/.buildozer/android/platform/build-arm64-v8a_armeabi-v7a/build/other_builds/hostpython3/desktop/hostpython3/Include/internal/pycore_code.h:417:15:[m[K [01;35m[Kwarning: [m[Kunused variable ‘[01m[Kval[m[K’ [[01;35m[K]8;;https://gcc.gnu.org/onlinedocs/gcc/Warning-Options.html#index-Wunused-variable-Wunused-variable]8;;[m[K]
  417 |     uintptr_t [01;35m[Kval[m[K = (uintptr_t)obj;
      |               [01;35m[K^~~[m[K
[01m[K/mnt/c/Users/maxi-/OneDrive/Desktop/app_codigo/EncryptorApp/.buildozer/android/platform/build-arm64-v8a_armeabi-v7a/build/other_builds/hostpython3/desktop/hostpython3/Include/internal/pycore_code.h:[m[K In function ‘[01m[Kread_obj[m[K’:
[01m[K/mnt/c/Users/maxi-/OneDrive/Desktop/app_codigo/EncryptorApp/.buildozer/android/platform/build-arm64-v8a_armeabi-v7a/build/other_builds/hostpython3/desktop/hostpython3/Include/internal/pycore_code.h:436:6:[m[K [01;31m[Kerror: [m[K#error "SIZEOF_VOID_P must be 4 or 8"
  436 |     #[01;31m[Kerror[m[K "SIZEOF_VOID_P must be 4 or 8"
      |      [01;31m[K^~~~~[m[K
[01m[K/mnt/c/Users/maxi-/OneDrive/Desktop/app_codigo/EncryptorApp/.buildozer/android/platform/build-arm64-v8a_armeabi-v7a/build/other_builds/hostpython3/desktop/hostpython3/Include/internal/pycore_code.h:423:6:[m[K [01;31m[Kerror: [m[K#error "SIZEOF_VOID_P must be 4 or 8"
  423 |     #[01;31m[Kerror[m[K "SIZEOF_VOID_P must be 4 or 8"
      |      [01;31m[K^~~~~[m[K
[01m[K/mnt/c/Users/maxi-/OneDrive/Desktop/app_codigo/EncryptorApp/.buildozer/android/platform/build-arm64-v8a_armeabi-v7a/build/other_builds/hostpython3/desktop/hostpython3/Include/internal/pycore_code.h:417:15:[m[K [01;35m[Kwarning: [m[Kunused variable ‘[01m[Kval[m[K’ [[01;35m[K]8;;https://gcc.gnu.org/onlinedocs/gcc/Warning-Options.html#index-Wunused-variable-Wunused-variable]8;;[m[K]
  417 |     uintptr_t [01;35m[Kval[m[K = (uintptr_t)obj;
      |               [01;35m[K^~~[m[K
[01m[K/mnt/c/Users/maxi-/OneDrive/Desktop/app_codigo/EncryptorApp/.buildozer/android/platform/build-arm64-v8a_armeabi-v7a/build/other_builds/hostpython3/desktop/hostpython3/Include/internal/pycore_code.h:[m[K In function ‘[01m[Kread_obj[m[K’:
[01m[K/mnt/c/Users/maxi-/OneDrive/Desktop/app_codigo/EncryptorApp/.buildozer/android/platform/build-arm64-v8a_armeabi-v7a/build/other_builds/hostpython3/desktop/hostpython3/Include/internal/pycore_code.h:436:6:[m[K [01;31m[Kerror: [m[K#error "SIZEOF_VOID_P must be 4 or 8"
  436 |     #[01;31m[Kerror[m[K "SIZEOF_VOID_P must be 4 or 8"
      |      [01;31m[K^~~~~[m[K
In file included from [01m[K/mnt/c/Users/maxi-/OneDrive/Desktop/app_codigo/EncryptorApp/.buildozer/android/platform/build-arm64-v8a_armeabi-v7a/build/other_builds/hostpython3/desktop/hostpython3/Include/internal/pycore_interp.h:15[m[K,
                 from [01m[K/mnt/c/Users/maxi-/OneDrive/Desktop/app_codigo/EncryptorApp/.buildozer/android/platform/build-arm64-v8a_armeabi-v7a/build/other_builds/hostpython3/desktop/hostpython3/Include/internal/pycore_runtime.h:14[m[K:
[01m[K/mnt/c/Users/maxi-/OneDrive/Desktop/app_codigo/EncryptorApp/.buildozer/android/platform/build-arm64-v8a_armeabi-v7a/build/other_builds/hostpython3/desktop/hostpython3/Include/internal/pycore_code.h:[m[K In function ‘[01m[Kwrite_obj[m[K’:
In file included from [01m[K/mnt/c/Users/maxi-/OneDrive/Desktop/app_codigo/EncryptorApp/.buildozer/android/platform/build-arm64-v8a_armeabi-v7a/build/other_builds/hostpython3/desktop/hostpython3/Include/internal/pycore_unicodeobject.h:11[m[K,
                 from [01m[K/mnt/c/Users/maxi-/OneDrive/Desktop/app_codigo/EncryptorApp/.buildozer/android/platform/build-arm64-v8a_armeabi-v7a/build/other_builds/hostpython3/desktop/hostpython3/Include/internal/pycore_interp.h:26[m[K:
[01m[K/mnt/c/Users/maxi-/OneDrive/Desktop/app_codigo/EncryptorApp/.buildozer/android/platform/build-arm64-v8a_armeabi-v7a/build/other_builds/hostpython3/desktop/hostpython3/Include/internal/pycore_fileutils.h:[m[K At top level:
[01m[K/mnt/c/Users/maxi-/OneDrive/Desktop/app_codigo/EncryptorApp/.buildozer/android/platform/build-arm64-v8a_armeabi-v7a/build/other_builds/hostpython3/desktop/hostpython3/Include/internal/pycore_code.h:423:6:[m[K [01;31m[Kerror: [m[K#error "SIZEOF_VOID_P must be 4 or 8"
  423 |     #[01;31m[Kerror[m[K "SIZEOF_VOID_P must be 4 or 8"
      |      [01;31m[K^~~~~[m[K
[01m[K/mnt/c/Users/maxi-/OneDrive/Desktop/app_codigo/EncryptorApp/.buildozer/android/platform/build-arm64-v8a_armeabi-v7a/build/other_builds/hostpython3/desktop/hostpython3/Include/internal/pycore_code.h:417:15:[m[K [01;35m[Kwarning: [m[Kunused variable ‘[01m[Kval[m[K’ [[01;35m[K]8;;https://gcc.gnu.org/onlinedocs/gcc/Warning-Options.html#index-Wunused-variable-Wunused-variable]8;;[m[K]
  417 |     uintptr_t [01;35m[Kval[m[K = (uintptr_t)obj;
      |               [01;35m[K^~~[m[K
[01m[K/mnt/c/Users/maxi-/OneDrive/Desktop/app_codigo/EncryptorApp/.buildozer/android/platform/build-arm64-v8a_armeabi-v7a/build/other_builds/hostpython3/desktop/hostpython3/Include/internal/pycore_code.h:[m[K In function ‘[01m[Kread_obj[m[K’:
[01m[K/mnt/c/Users/maxi-/OneDrive/Desktop/app_codigo/EncryptorApp/.buildozer/android/platform/build-arm64-v8a_armeabi-v7a/build/other_builds/hostpython3/desktop/hostpython3/Include/internal/pycore_code.h:436:6:[m[K [01;31m[Kerror: [m[K#error "SIZEOF_VOID_P must be 4 or 8"
  436 |     #[01;31m[Kerror[m[K "SIZEOF_VOID_P must be 4 or 8"
      |      [01;31m[K^~~~~[m[K
[01m[K/mnt/c/Users/maxi-/OneDrive/Desktop/app_codigo/EncryptorApp/.buildozer/android/platform/build-arm64-v8a_armeabi-v7a/build/other_builds/hostpython3/desktop/hostpython3/Include/internal/pycore_fileutils.h:82:27:[m[K [01;35m[Kwarning: [m[K‘[01m[Kstruct stat[m[K’ declared inside parameter list will not be visible outside of this definition or declaration
   82 | #  define _Py_stat_struct [01;35m[Kstat[m[K
      |                           [01;35m[K^~~~[m[K
[01m[K/mnt/c/Users/maxi-/OneDrive/Desktop/app_codigo/EncryptorApp/.buildozer/android/platform/build-arm64-v8a_armeabi-v7a/build/other_builds/hostpython3/desktop/hostpython3/Include/internal/pycore_fileutils.h:87:12:[m[K [01;36m[Knote: [m[Kin expansion of macro ‘[01m[K_Py_stat_struct[m[K’
   87 |     struct [01;36m[K_Py_stat_struct[m[K *status);
      |            [01;36m[K^~~~~~~~~~~~~~~[m[K
[01m[K/mnt/c/Users/maxi-/OneDrive/Desktop/app_codigo/EncryptorApp/.buildozer/android/platform/build-arm64-v8a_armeabi-v7a/build/other_builds/hostpython3/desktop/hostpython3/Include/internal/pycore_fileutils.h:82:27:[m[K [01;35m[Kwarning: [m[K‘[01m[Kstruct stat[m[K’ declared inside parameter list will not be visible outside of this definition or declaration
   82 | #  define _Py_stat_struct [01;35m[Kstat[m[K
      |                           [01;35m[K^~~~[m[K
[01m[K/mnt/c/Users/maxi-/OneDrive/Desktop/app_codigo/EncryptorApp/.buildozer/android/platform/build-arm64-v8a_armeabi-v7a/build/other_builds/hostpython3/desktop/hostpython3/Include/internal/pycore_fileutils.h:91:12:[m[K [01;36m[Knote: [m[Kin expansion of macro ‘[01m[K_Py_stat_struct[m[K’
   91 |     struct [01;36m[K_Py_stat_struct[m[K *status);
      |            [01;36m[K^~~~~~~~~~~~~~~[m[K
[01m[K/mnt/c/Users/maxi-/OneDrive/Desktop/app_codigo/EncryptorApp/.buildozer/android/platform/build-arm64-v8a_armeabi-v7a/build/other_builds/hostpython3/desktop/hostpython3/Include/internal/pycore_fileutils.h:95:12:[m[K [01;35m[Kwarning: [m[K‘[01m[Kstruct stat[m[K’ declared inside parameter list will not be visible outside of this definition or declaration
   95 |     struct [01;35m[Kstat[m[K *status);
      |            [01;35m[K^~~~[m[K
[01m[K/mnt/c/Users/maxi-/OneDrive/Desktop/app_codigo/EncryptorApp/.buildozer/android/platform/build-arm64-v8a_armeabi-v7a/build/other_builds/hostpython3/desktop/hostpython3/Include/internal/pycore_fileutils.h:202:35:[m[K [01;35m[Kwarning: [m[K‘[01m[Kstruct stat[m[K’ declared inside parameter list will not be visible outside of this definition or declaration
  202 | _Py_wstat(const wchar_t *, struct [01;35m[Kstat[m[K *);
      |                                   [01;35m[K^~~~[m[K
In file included from [01m[K/mnt/c/Users/maxi-/OneDrive/Desktop/app_codigo/EncryptorApp/.buildozer/android/platform/build-arm64-v8a_armeabi-v7a/build/other_builds/hostpython3/desktop/hostpython3/Include/internal/pycore_unicodeobject.h:11[m[K,
                 from [01m[K/mnt/c/Users/maxi-/OneDrive/Desktop/app_codigo/EncryptorApp/.buildozer/android/platform/build-arm64-v8a_armeabi-v7a/build/other_builds/hostpython3/desktop/hostpython3/Include/internal/pycore_interp.h:26[m[K:
[01m[K/mnt/c/Users/maxi-/OneDrive/Desktop/app_codigo/EncryptorApp/.buildozer/android/platform/build-arm64-v8a_armeabi-v7a/build/other_builds/hostpython3/desktop/hostpython3/Include/internal/pycore_fileutils.h:[m[K At top level:
[01m[K/mnt/c/Users/maxi-/OneDrive/Desktop/app_codigo/EncryptorApp/.buildozer/android/platform/build-arm64-v8a_armeabi-v7a/build/other_builds/hostpython3/desktop/hostpython3/Include/internal/pycore_fileutils.h:82:27:[m[K [01;35m[Kwarning: [m[K‘[01m[Kstruct stat[m[K’ declared inside parameter list will not be visible outside of this definition or declaration
   82 | #  define _Py_stat_struct [01;35m[Kstat[m[K
      |                           [01;35m[K^~~~[m[K
[01m[K/mnt/c/Users/maxi-/OneDrive/Desktop/app_codigo/EncryptorApp/.buildozer/android/platform/build-arm64-v8a_armeabi-v7a/build/other_builds/hostpython3/desktop/hostpython3/Include/internal/pycore_fileutils.h:87:12:[m[K [01;36m[Knote: [m[Kin expansion of macro ‘[01m[K_Py_stat_struct[m[K’
   87 |     struct [01;36m[K_Py_stat_struct[m[K *status);
      |            [01;36m[K^~~~~~~~~~~~~~~[m[K
[01m[K/mnt/c/Users/maxi-/OneDrive/Desktop/app_codigo/EncryptorApp/.buildozer/android/platform/build-arm64-v8a_armeabi-v7a/build/other_builds/hostpython3/desktop/hostpython3/Include/internal/pycore_fileutils.h:82:27:[m[K [01;35m[Kwarning: [m[K‘[01m[Kstruct stat[m[K’ declared inside parameter list will not be visible outside of this definition or declaration
   82 | #  define _Py_stat_struct [01;35m[Kstat[m[K
      |                           [01;35m[K^~~~[m[K
[01m[K/mnt/c/Users/maxi-/OneDrive/Desktop/app_codigo/EncryptorApp/.buildozer/android/platform/build-arm64-v8a_armeabi-v7a/build/other_builds/hostpython3/desktop/hostpython3/Include/internal/pycore_fileutils.h:91:12:[m[K [01;36m[Knote: [m[Kin expansion of macro ‘[01m[K_Py_stat_struct[m[K’
   91 |     struct [01;36m[K_Py_stat_struct[m[K *status);
      |            [01;36m[K^~~~~~~~~~~~~~~[m[K
[01m[K/mnt/c/Users/maxi-/OneDrive/Desktop/app_codigo/EncryptorApp/.buildozer/android/platform/build-arm64-v8a_armeabi-v7a/build/other_builds/hostpython3/desktop/hostpython3/Include/internal/pycore_fileutils.h:95:12:[m[K [01;35m[Kwarning: [m[K‘[01m[Kstruct stat[m[K’ declared inside parameter list will not be visible outside of this definition or declaration
   95 |     struct [01;35m[Kstat[m[K *status);
      |            [01;35m[K^~~~[m[K
[01m[K/mnt/c/Users/maxi-/OneDrive/Desktop/app_codigo/EncryptorApp/.buildozer/android/platform/build-arm64-v8a_armeabi-v7a/build/other_builds/hostpython3/desktop/hostpython3/Parser/myreadline.c:[m[K In function ‘[01m[KPyOS_Readline[m[K’:
[01m[K/mnt/c/Users/maxi-/OneDrive/Desktop/app_codigo/EncryptorApp/.buildozer/android/platform/build-arm64-v8a_armeabi-v7a/build/other_builds/hostpython3/desktop/hostpython3/Parser/myreadline.c:389:18:[m[K [01;31m[Kerror: [m[Kimplicit declaration of function ‘[01m[Kfileno[m[K’ [[01;31m[K]8;;https://gcc.gnu.org/onlinedocs/gcc/Warning-Options.html#index-Wimplicit-function-declaration-Werror=implicit-function-declaration]8;;[m[K]
  389 |     if (!isatty ([01;31m[Kfileno[m[K (sys_stdin)) || !isatty (fileno (sys_stdout)))
      |                  [01;31m[K^~~~~~[m[K
[01m[K/mnt/c/Users/maxi-/OneDrive/Desktop/app_codigo/EncryptorApp/.buildozer/android/platform/build-arm64-v8a_armeabi-v7a/build/other_builds/hostpython3/desktop/hostpython3/Include/internal/pycore_fileutils.h:202:35:[m[K [01;35m[Kwarning: [m[K‘[01m[Kstruct stat[m[K’ declared inside parameter list will not be visible outside of this definition or declaration
  202 | _Py_wstat(const wchar_t *, struct [01;35m[Kstat[m[K *);
      |                                   [01;35m[K^~~~[m[K
cc1: some warnings being treated as errors
In file included from [01m[K/mnt/c/Users/maxi-/OneDrive/Desktop/app_codigo/EncryptorApp/.buildozer/android/platform/build-arm64-v8a_armeabi-v7a/build/other_builds/hostpython3/desktop/hostpython3/Include/internal/pycore_unicodeobject.h:11[m[K,
                 from [01m[K/mnt/c/Users/maxi-/OneDrive/Desktop/app_codigo/EncryptorApp/.buildozer/android/platform/build-arm64-v8a_armeabi-v7a/build/other_builds/hostpython3/desktop/hostpython3/Include/internal/pycore_interp.h:26[m[K:
[01m[K/mnt/c/Users/maxi-/OneDrive/Desktop/app_codigo/EncryptorApp/.buildozer/android/platform/build-arm64-v8a_armeabi-v7a/build/other_builds/hostpython3/desktop/hostpython3/Include/internal/pycore_fileutils.h:[m[K At top level:
[01m[K/mnt/c/Users/maxi-/OneDrive/Desktop/app_codigo/EncryptorApp/.buildozer/android/platform/build-arm64-v8a_armeabi-v7a/build/other_builds/hostpython3/desktop/hostpython3/Include/internal/pycore_fileutils.h:82:27:[m[K [01;35m[Kwarning: [m[K‘[01m[Kstruct stat[m[K’ declared inside parameter list will not be visible outside of this definition or declaration
   82 | #  define _Py_stat_struct [01;35m[Kstat[m[K
      |                           [01;35m[K^~~~[m[K
[01m[K/mnt/c/Users/maxi-/OneDrive/Desktop/app_codigo/EncryptorApp/.buildozer/android/platform/build-arm64-v8a_armeabi-v7a/build/other_builds/hostpython3/desktop/hostpython3/Include/internal/pycore_fileutils.h:87:12:[m[K [01;36m[Knote: [m[Kin expansion of macro ‘[01m[K_Py_stat_struct[m[K’
   87 |     struct [01;36m[K_Py_stat_struct[m[K *status);
      |            [01;36m[K^~~~~~~~~~~~~~~[m[K
[01m[K/mnt/c/Users/maxi-/OneDrive/Desktop/app_codigo/EncryptorApp/.buildozer/android/platform/build-arm64-v8a_armeabi-v7a/build/other_builds/hostpython3/desktop/hostpython3/Include/internal/pycore_fileutils.h:82:27:[m[K [01;35m[Kwarning: [m[K‘[01m[Kstruct stat[m[K’ declared inside parameter list will not be visible outside of this definition or declaration
   82 | #  define _Py_stat_struct [01;35m[Kstat[m[K
      |                           [01;35m[K^~~~[m[K
[01m[K/mnt/c/Users/maxi-/OneDrive/Desktop/app_codigo/EncryptorApp/.buildozer/android/platform/build-arm64-v8a_armeabi-v7a/build/other_builds/hostpython3/desktop/hostpython3/Include/internal/pycore_fileutils.h:91:12:[m[K [01;36m[Knote: [m[Kin expansion of macro ‘[01m[K_Py_stat_struct[m[K’
   91 |     struct [01;36m[K_Py_stat_struct[m[K *status);
      |            [01;36m[K^~~~~~~~~~~~~~~[m[K
[01m[K/mnt/c/Users/maxi-/OneDrive/Desktop/app_codigo/EncryptorApp/.buildozer/android/platform/build-arm64-v8a_armeabi-v7a/build/other_builds/hostpython3/desktop/hostpython3/Include/internal/pycore_fileutils.h:95:12:[m[K [01;35m[Kwarning: [m[K‘[01m[Kstruct stat[m[K’ declared inside parameter list will not be visible outside of this definition or declaration
   95 |     struct [01;35m[Kstat[m[K *status);
      |            [01;35m[K^~~~[m[K
make: *** [Makefile:2486: Parser/myreadline.o] Error 1
[01m[K/mnt/c/Users/maxi-/OneDrive/Desktop/app_codigo/EncryptorApp/.buildozer/android/platform/build-arm64-v8a_armeabi-v7a/build/other_builds/hostpython3/desktop/hostpython3/Include/internal/pycore_fileutils.h:202:35:[m[K [01;35m[Kwarning: [m[K‘[01m[Kstruct stat[m[K’ declared inside parameter list will not be visible outside of this definition or declaration
  202 | _Py_wstat(const wchar_t *, struct [01;35m[Kstat[m[K *);
      |                                   [01;35m[K^~~~[m[K
make: *** [Makefile:2486: Parser/pegen.o] Error 1
[01m[K/mnt/c/Users/maxi-/OneDrive/Desktop/app_codigo/EncryptorApp/.buildozer/android/platform/build-arm64-v8a_armeabi-v7a/build/other_builds/hostpython3/desktop/hostpython3/Parser/tokenizer.c:[m[K In function ‘[01m[Kfp_setreadl[m[K’:
[01m[K/mnt/c/Users/maxi-/OneDrive/Desktop/app_codigo/EncryptorApp/.buildozer/android/platform/build-arm64-v8a_armeabi-v7a/build/other_builds/hostpython3/desktop/hostpython3/Parser/tokenizer.c:443:10:[m[K [01;31m[Kerror: [m[Kimplicit declaration of function ‘[01m[Kfileno[m[K’ [[01;31m[K]8;;https://gcc.gnu.org/onlinedocs/gcc/Warning-Options.html#index-Wimplicit-function-declaration-Werror=implicit-function-declaration]8;;[m[K]
  443 |     fd = [01;31m[Kfileno[m[K(tok->fp);
      |          [01;31m[K^~~~~~[m[K
[01m[K/mnt/c/Users/maxi-/OneDrive/Desktop/app_codigo/EncryptorApp/.buildozer/android/platform/build-arm64-v8a_armeabi-v7a/build/other_builds/hostpython3/desktop/hostpython3/Parser/tokenizer.c:451:20:[m[K [01;31m[Kerror: [m[K‘[01m[Koff_t[m[K’ undeclared (first use in this function)
  451 |         lseek(fd, ([01;31m[Koff_t[m[K)(pos > 0 ? pos - 1 : pos), SEEK_SET) == (off_t)-1) {
      |                    [01;31m[K^~~~~[m[K
[01m[K/mnt/c/Users/maxi-/OneDrive/Desktop/app_codigo/EncryptorApp/.buildozer/android/platform/build-arm64-v8a_armeabi-v7a/build/other_builds/hostpython3/desktop/hostpython3/Parser/tokenizer.c:451:20:[m[K [01;36m[Knote: [m[Keach undeclared identifier is reported only once for each function it appears in
[01m[K/mnt/c/Users/maxi-/OneDrive/Desktop/app_codigo/EncryptorApp/.buildozer/android/platform/build-arm64-v8a_armeabi-v7a/build/other_builds/hostpython3/desktop/hostpython3/Parser/tokenizer.c:[m[K In function ‘[01m[Kfdopen_borrow[m[K’:
[01m[K/mnt/c/Users/maxi-/OneDrive/Desktop/app_codigo/EncryptorApp/.buildozer/android/platform/build-arm64-v8a_armeabi-v7a/build/other_builds/hostpython3/desktop/hostpython3/Parser/tokenizer.c:2173:12:[m[K [01;31m[Kerror: [m[Kimplicit declaration of function ‘[01m[Kfdopen[m[K’; did you mean ‘[01m[Kfopen[m[K’? [[01;31m[K]8;;https://gcc.gnu.org/onlinedocs/gcc/Warning-Options.html#index-Wimplicit-function-declaration-Werror=implicit-function-declaration]8;;[m[K]
 2173 |     return [01;31m[Kfdopen[m[K(fd, "r");
      |            [01;31m[K^~~~~~[m[K
      |            [32m[Kfopen[m[K
[01m[K/mnt/c/Users/maxi-/OneDrive/Desktop/app_codigo/EncryptorApp/.buildozer/android/platform/build-arm64-v8a_armeabi-v7a/build/other_builds/hostpython3/desktop/hostpython3/Parser/tokenizer.c:2173:12:[m[K [01;35m[Kwarning: [m[Kreturning ‘[01m[Kint[m[K’ from a function with return type ‘[01m[KFILE *[m[K’ makes pointer from integer without a cast [[01;35m[K]8;;https://gcc.gnu.org/onlinedocs/gcc/Warning-Options.html#index-Wint-conversion-Wint-conversion]8;;[m[K]
 2173 |     return [01;35m[Kfdopen(fd, "r")[m[K;
      |            [01;35m[K^~~~~~~~~~~~~~~[m[K
cc1: some warnings being treated as errors
make: *** [Makefile:2486: Objects/abstract.o] Error 1
make: *** [Makefile:2486: Parser/tokenizer.o] Error 1
make: *** [Makefile:2486: Parser/parser.o] Error 1
make: Leaving directory '/mnt/c/Users/maxi-/OneDrive/Desktop/app_codigo/EncryptorApp/.buildozer/android/platform/build-arm64-v8a_armeabi-v7a/build/other_builds/hostpython3/desktop/hostpython3/native-build'


  STDERR:

# Command failed: ['/mnt/c/Users/maxi-/OneDrive/Desktop/app_codigo/EncryptorApp/.venv/bin/python3', '-m', 'pythonforandroid.toolchain', 'create', '--dist_name=encryptorx', '--bootstrap=sdl2', '--requirements=python3,kivy,plyer', '--arch=arm64-v8a', '--arch=armeabi-v7a', '--copy-libs', '--color=always', '--storage-dir=/mnt/c/Users/maxi-/OneDrive/Desktop/app_codigo/EncryptorApp/.buildozer/android/platform/build-arm64-v8a_armeabi-v7a', '--ndk-api=30', '--ignore-setup-py', '--debug']
# ENVIRONMENT:
#     SHELL = '/bin/bash'
#     WSL2_GUI_APPS_ENABLED = '1'
#     WSL_DISTRO_NAME = 'Ubuntu'
#     NAME = 'DESKTOP-QMGOT6P'
#     PWD = '/mnt/c/Users/maxi-/OneDrive/Desktop/app_codigo/EncryptorApp'
#     LOGNAME = 'null'
#     HOME = '/home/null'
#     LANG = 'C.UTF-8'
#     WSL_INTEROP = '/run/WSL/42703_interop'
#     VIRTUAL_ENV = '/mnt/c/Users/maxi-/OneDrive/Desktop/app_codigo/EncryptorApp/.venv'
#     WAYLAND_DISPLAY = 'wayland-0'
#     TERM = 'xterm-256color'
#     USER = 'null'
#     DISPLAY = ':0'
#     SHLVL = '1'
#     VIRTUAL_ENV_PROMPT = '(.venv) '
#     XDG_RUNTIME_DIR = '/run/user/1000/'
#     PS1 = '(.venv) '
#     WSLENV = ''
#     PATH = ('/home/null/.buildozer/android/platform/apache-ant-1.9.4/bin:/mnt/c/Users/maxi-/OneDrive/Desktop/app_codigo/EncryptorApp/.venv/bin:/usr/local/sbin:/usr/local/bin:/usr/sbin:/usr/bin:/sbin:/bin:/usr/games:/usr/local/games:/usr/lib/wsl/lib:/mnt/c/Program '
 'Files/Eclipse Adoptium/jdk-17.0.17.10-hotspot/bin:/mnt/c/Program '
 'Files/Python38/Scripts/:/mnt/c/Program Files/Python38/:/mnt/c/Program '
 'Files/Common Files/Oracle/Java/javapath:/mnt/c/Program Files/Eclipse '
 'Adoptium/jdk-21.0.7.6-hotspot/bin:/mnt/c/Program Files (x86)/Common '
 'Files/Oracle/Java/java8path:/mnt/c/Program Files (x86)/Common '
 'Files/Oracle/Java/javapath:/mnt/c/Windows/system32:/mnt/c/Windows:/mnt/c/Windows/System32/Wbem:/mnt/c/Windows/System32/WindowsPowerShell/v1.0/:/mnt/c/Windows/System32/OpenSSH/:/mnt/c/Program '
 'Files/dotnet/:/mnt/c/Program Files (x86)/NVIDIA '
 'Corporation/PhysX/Common:/mnt/c/Program Files/NVIDIA Corporation/NVIDIA '
 'app/NvDLISR:/mnt/c/Program Files (x86)/Windows Kits/10/Windows Performance '
 'Toolkit/:/mnt/c/Program Files/Common Files/Autodesk Shared/:/mnt/c/Program '
 'Files/Microsoft SQL '
 'Server/150/Tools/Binn/:/mnt/c/ProgramData/chocolatey/bin:/mnt/c/Program '
 'Files/nodejs/:/mnt/c/msys64/mingw64/bin:/mnt/c/ProgramData/Microsoft/Windows/Start '
 'Menu/Programs/Python '
 '3.8:/mnt/c/Users/maxi-/AppData/Local/Programs/Python/Python314/Scripts:/mnt/c/Users/maxi-/AppData/Local/Programs/Python/Python314:/mnt/c/Users/maxi-/AppData/Local/Programs/Python/Launcher/:/mnt/d/Krita/ComfyUI/uv:/mnt/c/Users/maxi-/AppData/Roaming/krita/ai_diffusion/server/uv:/mnt/c/Users/maxi-/AppData/Local/Microsoft/WindowsApps:/mnt/c/Users/maxi-/AppData/Local/Muse '
 'Hub/lib:/mnt/c/Users/maxi-/AppData/Local/Programs/Microsoft VS '
 'Code/bin:/mnt/c/Users/maxi-/OneDrive/Desktop/EncryptorApp/dist/EncryptorX:/mnt/c/Users/maxi-/AppData/Roaming/npm:/mnt/c/Users/maxi-/.dotnet/tools:/mnt/c/Users/maxi-/AppData/Local/Python/bin:/mnt/c/Users/maxi-/AppData/Local/Programs/Antigravity/bin')
#     DBUS_SESSION_BUS_ADDRESS = 'unix:path=/run/user/1000/bus'
#     HOSTTYPE = 'x86_64'
#     PULSE_SERVER = 'unix:/mnt/wslg/PulseServer'
#     OLDPWD = '/mnt/c/Users/maxi-/OneDrive/Desktop/app_codigo/EncryptorApp'
#     _ = '/mnt/c/Users/maxi-/OneDrive/Desktop/app_codigo/EncryptorApp/.venv/bin/buildozer'
#     PACKAGES_PATH = '/home/null/.buildozer/android/packages'
#     ANDROIDSDK = '/home/null/.buildozer/android/platform/android-sdk'
#     ANDROIDNDK = '/home/null/.buildozer/android/platform/android-ndk-r25b'
#     ANDROIDAPI = '34'
#     ANDROIDMINAPI = '30'
# 
# Buildozer failed to execute the last command
# The error might be hidden in the log above this error
# Please read the full log, and search for it before
# raising an issue with buildozer itself.
# In case of a bug report, please add a full log with log_level = 2
